0 verbose cli C:\Program Files\nodejs\node.exe C:\Users\LAB-48\AppData\Roaming\npm\node_modules\npm\bin\npm-cli.js
1 info using npm@11.5.2
2 info using node@v22.19.0
3 silly config load:file:C:\Users\LAB-48\AppData\Roaming\npm\node_modules\npm\npmrc
4 silly config load:file:C:\Users\LAB-48\Documents\Alisson\4DSM-ProgramacaoDispositivosMoveis\.npmrc
5 silly config load:file:C:\Users\LAB-48\.npmrc
6 silly config load:file:C:\Users\LAB-48\AppData\Roaming\npm\etc\npmrc
7 verbose title npm install
8 verbose argv "install" "--cache" "./.npm-cache-temp"
9 verbose logfile logs-max:10 dir:C:\Users\LAB-48\Documents\Alisson\4DSM-ProgramacaoDispositivosMoveis\.npm-cache-temp\_logs\2026-06-11T23_11_56_448Z-
10 verbose logfile C:\Users\LAB-48\Documents\Alisson\4DSM-ProgramacaoDispositivosMoveis\.npm-cache-temp\_logs\2026-06-11T23_11_56_448Z-debug-0.log
11 silly logfile done cleaning log files
12 silly packumentCache heap:4345298944 maxSize:1086324736 maxEntrySize:543162368
13 silly idealTree buildDeps
14 silly fetch manifest @expo/vector-icons@^15.0.2
15 silly packumentCache full:https://registry.npmjs.org/@expo%2fvector-icons cache-miss
16 http fetch GET 200 https://registry.npmjs.org/npm 182ms
17 http fetch GET 200 https://registry.npmjs.org/@expo%2fvector-icons 379ms (cache miss)
18 silly packumentCache full:https://registry.npmjs.org/@expo%2fvector-icons set size:undefined disposed:false
19 silly fetch manifest expo-font@~14.0.11
20 silly packumentCache full:https://registry.npmjs.org/expo-font cache-miss
21 http fetch GET 200 https://registry.npmjs.org/expo-font 117ms (cache miss)
22 silly packumentCache full:https://registry.npmjs.org/expo-font set size:undefined disposed:false
23 silly fetch manifest expo@^54.0.33
24 silly packumentCache full:https://registry.npmjs.org/expo cache-miss
25 http fetch GET 200 https://registry.npmjs.org/expo 203ms (cache miss)
26 silly packumentCache full:https://registry.npmjs.org/expo set size:undefined disposed:false
27 silly fetch manifest @expo/dom-webview@*
28 silly packumentCache full:https://registry.npmjs.org/@expo%2fdom-webview cache-miss
29 http fetch GET 200 https://registry.npmjs.org/@expo%2fdom-webview 60ms (cache miss)
30 silly packumentCache full:https://registry.npmjs.org/@expo%2fdom-webview set size:undefined disposed:false
31 silly fetch manifest react@19.1.0
32 silly packumentCache full:https://registry.npmjs.org/react cache-miss
33 http fetch GET 200 https://registry.npmjs.org/react 218ms (cache miss)
34 silly packumentCache full:https://registry.npmjs.org/react set size:undefined disposed:false
35 silly fetch manifest react-native@0.81.5
36 silly packumentCache full:https://registry.npmjs.org/react-native cache-miss
37 http fetch GET 200 https://registry.npmjs.org/react-native 256ms (cache miss)
38 silly packumentCache full:https://registry.npmjs.org/react-native set size:undefined disposed:false
39 silly fetch manifest @types/react@^19.1.0
40 silly packumentCache full:https://registry.npmjs.org/@types%2freact cache-miss
41 http fetch GET 200 https://registry.npmjs.org/@types%2freact 135ms (cache miss)
42 silly packumentCache full:https://registry.npmjs.org/@types%2freact set size:undefined disposed:false
43 silly fetch manifest @expo/metro-runtime@*
44 silly packumentCache full:https://registry.npmjs.org/@expo%2fmetro-runtime cache-miss
45 http fetch GET 200 https://registry.npmjs.org/@expo%2fmetro-runtime 68ms (cache miss)
46 silly packumentCache full:https://registry.npmjs.org/@expo%2fmetro-runtime set size:undefined disposed:false
47 silly fetch manifest react-dom@*
48 silly packumentCache full:https://registry.npmjs.org/react-dom cache-miss
49 http fetch GET 200 https://registry.npmjs.org/react-dom 285ms (cache miss)
50 silly packumentCache full:https://registry.npmjs.org/react-dom set size:undefined disposed:false
51 silly fetch manifest react@^19.2.7
52 silly packumentCache full:https://registry.npmjs.org/react cache-miss
53 http cache https://registry.npmjs.org/react 23ms (cache hit)
54 silly packumentCache full:https://registry.npmjs.org/react set size:6693019 disposed:false
55 silly fetch manifest react-native-webview@*
56 silly packumentCache full:https://registry.npmjs.org/react-native-webview cache-miss
57 http fetch GET 200 https://registry.npmjs.org/react-native-webview 92ms (cache miss)
58 silly packumentCache full:https://registry.npmjs.org/react-native-webview set size:undefined disposed:false
59 silly fetch manifest @react-native-async-storage/async-storage@2.2.0
60 silly packumentCache full:https://registry.npmjs.org/@react-native-async-storage%2fasync-storage cache-miss
61 http fetch GET 200 https://registry.npmjs.org/@react-native-async-storage%2fasync-storage 73ms (cache miss)
62 silly packumentCache full:https://registry.npmjs.org/@react-native-async-storage%2fasync-storage set size:undefined disposed:false
63 silly fetch manifest @react-native-picker/picker@2.11.1
64 silly packumentCache full:https://registry.npmjs.org/@react-native-picker%2fpicker cache-miss
65 http fetch GET 200 https://registry.npmjs.org/@react-native-picker%2fpicker 62ms (cache miss)
66 silly packumentCache full:https://registry.npmjs.org/@react-native-picker%2fpicker set size:undefined disposed:false
67 silly fetch manifest @react-navigation/bottom-tabs@^6.6.1
68 silly packumentCache full:https://registry.npmjs.org/@react-navigation%2fbottom-tabs cache-miss
69 http fetch GET 200 https://registry.npmjs.org/@react-navigation%2fbottom-tabs 124ms (cache miss)
70 silly packumentCache full:https://registry.npmjs.org/@react-navigation%2fbottom-tabs set size:undefined disposed:false
71 silly fetch manifest @react-navigation/native@^6.1.18
72 silly packumentCache full:https://registry.npmjs.org/@react-navigation%2fnative cache-miss
73 http fetch GET 200 https://registry.npmjs.org/@react-navigation%2fnative 96ms (cache miss)
74 silly packumentCache full:https://registry.npmjs.org/@react-navigation%2fnative set size:undefined disposed:false
75 silly fetch manifest react-native-safe-area-context@~5.6.0
76 silly packumentCache full:https://registry.npmjs.org/react-native-safe-area-context cache-miss
77 http fetch GET 200 https://registry.npmjs.org/react-native-safe-area-context 58ms (cache miss)
78 silly packumentCache full:https://registry.npmjs.org/react-native-safe-area-context set size:undefined disposed:false
79 silly fetch manifest react-native-screens@~4.16.0
80 silly packumentCache full:https://registry.npmjs.org/react-native-screens cache-miss
81 http fetch GET 200 https://registry.npmjs.org/react-native-screens 143ms (cache miss)
82 silly packumentCache full:https://registry.npmjs.org/react-native-screens set size:undefined disposed:false
83 silly fetch manifest @react-navigation/native-stack@^6.11.0
84 silly packumentCache full:https://registry.npmjs.org/@react-navigation%2fnative-stack cache-miss
85 http fetch GET 200 https://registry.npmjs.org/@react-navigation%2fnative-stack 99ms (cache miss)
86 silly packumentCache full:https://registry.npmjs.org/@react-navigation%2fnative-stack set size:undefined disposed:false
87 silly fetch manifest axios@^1.15.2
88 silly packumentCache full:https://registry.npmjs.org/axios cache-miss
89 http fetch GET 200 https://registry.npmjs.org/axios 54ms (cache miss)
90 silly packumentCache full:https://registry.npmjs.org/axios set size:undefined disposed:false
91 silly fetch manifest expo-asset@~12.0.12
92 silly packumentCache full:https://registry.npmjs.org/expo-asset cache-miss
93 http fetch GET 200 https://registry.npmjs.org/expo-asset 70ms (cache miss)
94 silly packumentCache full:https://registry.npmjs.org/expo-asset set size:undefined disposed:false
95 silly fetch manifest expo-constants@~18.0.13
96 silly packumentCache full:https://registry.npmjs.org/expo-constants cache-miss
97 http fetch GET 200 https://registry.npmjs.org/expo-constants 59ms (cache miss)
98 silly packumentCache full:https://registry.npmjs.org/expo-constants set size:undefined disposed:false
99 silly fetch manifest expo-modules-core@~3.0.29
100 silly packumentCache full:https://registry.npmjs.org/expo-modules-core cache-miss
101 http fetch GET 200 https://registry.npmjs.org/expo-modules-core 66ms (cache miss)
102 silly packumentCache full:https://registry.npmjs.org/expo-modules-core set size:undefined disposed:false
103 silly fetch manifest expo-status-bar@~3.0.9
104 silly packumentCache full:https://registry.npmjs.org/expo-status-bar cache-miss
105 http fetch GET 200 https://registry.npmjs.org/expo-status-bar 42ms (cache miss)
106 silly packumentCache full:https://registry.npmjs.org/expo-status-bar set size:undefined disposed:false
107 silly fetch manifest @babel/core@^7.25.2
108 silly packumentCache full:https://registry.npmjs.org/@babel%2fcore cache-miss
109 http fetch GET 200 https://registry.npmjs.org/@babel%2fcore 81ms (cache miss)
110 silly packumentCache full:https://registry.npmjs.org/@babel%2fcore set size:undefined disposed:false
111 silly fetch manifest babel-preset-expo@^55.0.13
112 silly packumentCache full:https://registry.npmjs.org/babel-preset-expo cache-miss
113 http fetch GET 200 https://registry.npmjs.org/babel-preset-expo 61ms (cache miss)
114 silly packumentCache full:https://registry.npmjs.org/babel-preset-expo set size:undefined disposed:false
115 silly fetch manifest @babel/runtime@^7.20.0
116 silly packumentCache full:https://registry.npmjs.org/@babel%2fruntime cache-miss
117 http fetch GET 200 https://registry.npmjs.org/@babel%2fruntime 169ms (cache miss)
118 silly packumentCache full:https://registry.npmjs.org/@babel%2fruntime set size:undefined disposed:false
119 silly fetch manifest expo-widgets@^55.0.19
120 silly packumentCache full:https://registry.npmjs.org/expo-widgets cache-miss
121 http fetch GET 200 https://registry.npmjs.org/expo-widgets 39ms (cache miss)
122 silly packumentCache full:https://registry.npmjs.org/expo-widgets set size:undefined disposed:false
123 silly fetch manifest react-refresh@>=0.14.0 <1.0.0
124 silly packumentCache full:https://registry.npmjs.org/react-refresh cache-miss
125 http fetch GET 200 https://registry.npmjs.org/react-refresh 220ms (cache miss)
126 silly packumentCache full:https://registry.npmjs.org/react-refresh set size:undefined disposed:false
127 silly placeDep ROOT @babel/core@7.29.7 OK for: app-scholar@1.0.0 want: ^7.25.2
128 silly placeDep ROOT @expo/vector-icons@15.1.1 OK for: app-scholar@1.0.0 want: ^15.0.2
129 silly placeDep ROOT react@19.1.0 OK for: @expo/vector-icons@15.1.1 want: *
130 silly placeDep ROOT expo-font@14.0.12 OK for: @expo/vector-icons@15.1.1 want: >=14.0.4
131 silly placeDep ROOT expo@54.0.35 OK for: expo-font@14.0.12 want: *
132 silly placeDep ROOT react-native@0.81.5 OK for: expo@54.0.35 want: *
133 silly placeDep ROOT @react-native-async-storage/async-storage@2.2.0 OK for: app-scholar@1.0.0 want: 2.2.0
134 silly placeDep ROOT @react-native-picker/picker@2.11.1 OK for: app-scholar@1.0.0 want: 2.11.1
135 silly placeDep ROOT @react-navigation/bottom-tabs@6.6.1 OK for: app-scholar@1.0.0 want: ^6.6.1
136 silly placeDep ROOT react-native-screens@4.16.0 OK for: @react-navigation/bottom-tabs@6.6.1 want: >= 3.0.0
137 silly placeDep ROOT @react-navigation/native@6.1.18 OK for: @react-navigation/bottom-tabs@6.6.1 want: ^6.0.0
138 silly placeDep ROOT react-native-safe-area-context@5.6.2 OK for: @react-navigation/bottom-tabs@6.6.1 want: >= 3.0.0
139 silly placeDep ROOT @react-navigation/native-stack@6.11.0 OK for: app-scholar@1.0.0 want: ^6.11.0
140 silly placeDep ROOT axios@1.17.0 OK for: app-scholar@1.0.0 want: ^1.15.2
141 silly placeDep ROOT babel-preset-expo@55.0.22 OK for: app-scholar@1.0.0 want: ^55.0.13
142 silly placeDep ROOT react-refresh@0.18.0 OK for: babel-preset-expo@55.0.22 want: >=0.14.0 <1.0.0
143 silly placeDep ROOT expo-asset@12.0.13 OK for: app-scholar@1.0.0 want: ~12.0.12
144 silly placeDep ROOT expo-constants@18.0.13 OK for: app-scholar@1.0.0 want: ~18.0.13
145 silly placeDep ROOT expo-modules-core@3.0.30 OK for: app-scholar@1.0.0 want: ~3.0.29
146 silly placeDep ROOT expo-status-bar@3.0.9 OK for: app-scholar@1.0.0 want: ~3.0.9
147 silly fetch manifest @babel/code-frame@^7.29.7
148 silly packumentCache full:https://registry.npmjs.org/@babel%2fcode-frame cache-miss
149 silly fetch manifest @babel/generator@^7.29.7
150 silly packumentCache full:https://registry.npmjs.org/@babel%2fgenerator cache-miss
151 silly fetch manifest @babel/helper-compilation-targets@^7.29.7
152 silly packumentCache full:https://registry.npmjs.org/@babel%2fhelper-compilation-targets cache-miss
153 silly fetch manifest @babel/helper-module-transforms@^7.29.7
154 silly packumentCache full:https://registry.npmjs.org/@babel%2fhelper-module-transforms cache-miss
155 silly fetch manifest @babel/helpers@^7.29.7
156 silly packumentCache full:https://registry.npmjs.org/@babel%2fhelpers cache-miss
157 silly fetch manifest @babel/parser@^7.29.7
158 silly packumentCache full:https://registry.npmjs.org/@babel%2fparser cache-miss
159 silly fetch manifest @babel/template@^7.29.7
160 silly packumentCache full:https://registry.npmjs.org/@babel%2ftemplate cache-miss
161 silly fetch manifest @babel/traverse@^7.29.7
162 silly packumentCache full:https://registry.npmjs.org/@babel%2ftraverse cache-miss
163 silly fetch manifest @babel/types@^7.29.7
164 silly packumentCache full:https://registry.npmjs.org/@babel%2ftypes cache-miss
165 silly fetch manifest @jridgewell/remapping@^2.3.5
166 silly packumentCache full:https://registry.npmjs.org/@jridgewell%2fremapping cache-miss
167 silly fetch manifest convert-source-map@^2.0.0
168 silly packumentCache full:https://registry.npmjs.org/convert-source-map cache-miss
169 http fetch GET 200 https://registry.npmjs.org/@babel%2fcode-frame 65ms (cache miss)
170 silly packumentCache full:https://registry.npmjs.org/@babel%2fcode-frame set size:undefined disposed:false
171 silly fetch manifest debug@^4.1.0
172 silly packumentCache full:https://registry.npmjs.org/debug cache-miss
173 http fetch GET 200 https://registry.npmjs.org/convert-source-map 104ms (cache miss)
174 silly packumentCache full:https://registry.npmjs.org/convert-source-map set size:undefined disposed:false
175 silly fetch manifest gensync@^1.0.0-beta.2
176 silly packumentCache full:https://registry.npmjs.org/gensync cache-miss
177 http fetch GET 200 https://registry.npmjs.org/@jridgewell%2fremapping 123ms (cache miss)
178 silly packumentCache full:https://registry.npmjs.org/@jridgewell%2fremapping set size:undefined disposed:false
179 silly fetch manifest json5@^2.2.3
180 silly packumentCache full:https://registry.npmjs.org/json5 cache-miss
181 http fetch GET 200 https://registry.npmjs.org/gensync 39ms (cache miss)
182 silly packumentCache full:https://registry.npmjs.org/gensync set size:undefined disposed:false
183 silly fetch manifest semver@^6.3.1
184 silly packumentCache full:https://registry.npmjs.org/semver cache-miss
185 http fetch GET 200 https://registry.npmjs.org/@babel%2fgenerator 158ms (cache miss)
186 silly packumentCache full:https://registry.npmjs.org/@babel%2fgenerator set size:undefined disposed:false
187 silly fetch manifest fontfaceobserver@^2.1.0
188 silly packumentCache full:https://registry.npmjs.org/fontfaceobserver cache-miss
189 http fetch GET 200 https://registry.npmjs.org/@babel%2fhelpers 163ms (cache miss)
190 silly packumentCache full:https://registry.npmjs.org/@babel%2fhelpers set size:undefined disposed:false
191 silly fetch manifest @expo/cli@54.0.25
192 silly packumentCache full:https://registry.npmjs.org/@expo%2fcli cache-miss
193 http fetch GET 200 https://registry.npmjs.org/@babel%2fhelper-module-transforms 172ms (cache miss)
194 silly packumentCache full:https://registry.npmjs.org/@babel%2fhelper-module-transforms set size:undefined disposed:false
195 silly fetch manifest expo-asset@~12.0.13
196 silly packumentCache full:https://registry.npmjs.org/expo-asset cache-miss
197 http fetch GET 200 https://registry.npmjs.org/@babel%2fhelper-compilation-targets 179ms (cache miss)
198 silly packumentCache full:https://registry.npmjs.org/@babel%2fhelper-compilation-targets set size:undefined disposed:false
199 silly fetch manifest @expo/metro@~54.2.0
200 silly packumentCache full:https://registry.npmjs.org/@expo%2fmetro cache-miss
201 http fetch GET 200 https://registry.npmjs.org/json5 61ms (cache miss)
202 silly packumentCache full:https://registry.npmjs.org/json5 set size:undefined disposed:false
203 silly fetch manifest @expo/config@~12.0.13
204 silly packumentCache full:https://registry.npmjs.org/@expo%2fconfig cache-miss
205 http cache https://registry.npmjs.org/expo-asset 25ms (cache hit)
206 silly packumentCache full:https://registry.npmjs.org/expo-asset set size:1064169 disposed:false
207 silly fetch manifest pretty-format@^29.7.0
208 silly packumentCache full:https://registry.npmjs.org/pretty-format cache-miss
209 http fetch GET 200 https://registry.npmjs.org/@babel%2fparser 207ms (cache miss)
210 silly packumentCache full:https://registry.npmjs.org/@babel%2fparser set size:undefined disposed:false
211 silly fetch manifest react-refresh@^0.14.2
212 silly packumentCache full:https://registry.npmjs.org/react-refresh cache-miss
213 http fetch GET 200 https://registry.npmjs.org/semver 69ms (cache miss)
214 silly packumentCache full:https://registry.npmjs.org/semver set size:undefined disposed:false
215 silly fetch manifest @expo/devtools@0.1.8
216 silly packumentCache full:https://registry.npmjs.org/@expo%2fdevtools cache-miss
217 http fetch GET 200 https://registry.npmjs.org/fontfaceobserver 61ms (cache miss)
218 silly packumentCache full:https://registry.npmjs.org/fontfaceobserver set size:undefined disposed:false
219 silly fetch manifest expo-keep-awake@~15.0.8
220 silly packumentCache full:https://registry.npmjs.org/expo-keep-awake cache-miss
221 http fetch GET 200 https://registry.npmjs.org/@babel%2ftraverse 223ms (cache miss)
222 silly packumentCache full:https://registry.npmjs.org/@babel%2ftraverse set size:undefined disposed:false
223 silly fetch manifest expo-file-system@~19.0.23
224 silly packumentCache full:https://registry.npmjs.org/expo-file-system cache-miss
225 http cache https://registry.npmjs.org/react-refresh 25ms (cache hit)
226 silly packumentCache full:https://registry.npmjs.org/react-refresh set size:6363009 disposed:false
227 silly fetch manifest @expo/fingerprint@0.15.5
228 silly packumentCache full:https://registry.npmjs.org/@expo%2ffingerprint cache-miss
229 http fetch GET 200 https://registry.npmjs.org/@expo%2fmetro 148ms (cache miss)
230 silly packumentCache full:https://registry.npmjs.org/@expo%2fmetro set size:undefined disposed:false
231 silly fetch manifest babel-preset-expo@~54.0.11
232 silly packumentCache full:https://registry.npmjs.org/babel-preset-expo cache-miss
233 http fetch GET 200 https://registry.npmjs.org/@expo%2fdevtools 116ms (cache miss)
234 silly packumentCache full:https://registry.npmjs.org/@expo%2fdevtools set size:undefined disposed:false
235 silly fetch manifest expo-modules-core@3.0.30
236 silly packumentCache full:https://registry.npmjs.org/expo-modules-core cache-miss
237 http cache https://registry.npmjs.org/babel-preset-expo 14ms (cache hit)
238 silly packumentCache full:https://registry.npmjs.org/babel-preset-expo set size:1259524 disposed:false
239 silly fetch manifest @expo/metro-config@54.0.16
240 silly packumentCache full:https://registry.npmjs.org/@expo%2fmetro-config cache-miss
241 http cache https://registry.npmjs.org/expo-modules-core 22ms (cache hit)
242 silly packumentCache full:https://registry.npmjs.org/expo-modules-core set size:1328313 disposed:false
243 silly fetch manifest @expo/config-plugins@~54.0.4
244 silly packumentCache full:https://registry.npmjs.org/@expo%2fconfig-plugins cache-miss
245 http fetch GET 200 https://registry.npmjs.org/pretty-format 162ms (cache miss)
246 silly packumentCache full:https://registry.npmjs.org/pretty-format set size:undefined disposed:false
247 silly fetch manifest @ungap/structured-clone@^1.3.0
248 silly packumentCache full:https://registry.npmjs.org/@ungap%2fstructured-clone cache-miss
249 http fetch GET 200 https://registry.npmjs.org/expo-keep-awake 154ms (cache miss)
250 silly packumentCache full:https://registry.npmjs.org/expo-keep-awake set size:undefined disposed:false
251 silly fetch manifest expo-modules-autolinking@3.0.26
252 silly packumentCache full:https://registry.npmjs.org/expo-modules-autolinking cache-miss
253 http fetch GET 200 https://registry.npmjs.org/expo-file-system 163ms (cache miss)
254 silly packumentCache full:https://registry.npmjs.org/expo-file-system set size:undefined disposed:false
255 silly fetch manifest whatwg-url-without-unicode@8.0.0-3
256 silly packumentCache full:https://registry.npmjs.org/whatwg-url-without-unicode cache-miss
257 http fetch GET 200 https://registry.npmjs.org/@babel%2ftemplate 400ms (cache miss)
258 silly packumentCache full:https://registry.npmjs.org/@babel%2ftemplate set size:undefined disposed:false
259 silly fetch manifest ws@^6.2.3
260 silly packumentCache full:https://registry.npmjs.org/ws cache-miss
261 http fetch GET 200 https://registry.npmjs.org/@babel%2ftypes 403ms (cache miss)
262 silly packumentCache full:https://registry.npmjs.org/@babel%2ftypes set size:undefined disposed:false
263 silly fetch manifest glob@^7.1.1
264 silly packumentCache full:https://registry.npmjs.org/glob cache-miss
265 http fetch GET 200 https://registry.npmjs.org/debug 342ms (cache miss)
266 silly packumentCache full:https://registry.npmjs.org/debug set size:undefined disposed:false
267 silly fetch manifest anser@^1.4.9
268 silly packumentCache full:https://registry.npmjs.org/anser cache-miss
269 http fetch GET 200 https://registry.npmjs.org/@expo%2fconfig 229ms (cache miss)
270 silly packumentCache full:https://registry.npmjs.org/@expo%2fconfig set size:undefined disposed:false
271 silly fetch manifest yargs@^17.6.2
272 silly packumentCache full:https://registry.npmjs.org/yargs cache-miss
273 http fetch GET 200 https://registry.npmjs.org/@ungap%2fstructured-clone 83ms (cache miss)
274 silly packumentCache full:https://registry.npmjs.org/@ungap%2fstructured-clone set size:undefined disposed:false
275 silly fetch manifest semver@^7.1.3
276 silly packumentCache full:https://registry.npmjs.org/semver cache-miss
277 http fetch GET 200 https://registry.npmjs.org/whatwg-url-without-unicode 60ms (cache miss)
278 silly packumentCache full:https://registry.npmjs.org/whatwg-url-without-unicode set size:undefined disposed:false
279 silly fetch manifest promise@^8.3.0
280 silly packumentCache full:https://registry.npmjs.org/promise cache-miss
281 http fetch GET 200 https://registry.npmjs.org/@expo%2fcli 296ms (cache miss)
282 silly packumentCache full:https://registry.npmjs.org/@expo%2fcli set size:undefined disposed:false
283 silly fetch manifest base64-js@^1.5.1
284 silly packumentCache full:https://registry.npmjs.org/base64-js cache-miss
285 http fetch GET 200 https://registry.npmjs.org/@expo%2fconfig-plugins 115ms (cache miss)
286 silly packumentCache full:https://registry.npmjs.org/@expo%2fconfig-plugins set size:undefined disposed:false
287 silly fetch manifest commander@^12.0.0
288 silly packumentCache full:https://registry.npmjs.org/commander cache-miss
289 http cache https://registry.npmjs.org/semver 55ms (cache hit)
290 silly packumentCache full:https://registry.npmjs.org/semver set size:243512 disposed:false
291 silly fetch manifest invariant@^2.2.4
292 silly packumentCache full:https://registry.npmjs.org/invariant cache-miss
293 http fetch GET 200 https://registry.npmjs.org/anser 108ms (cache miss)
294 silly packumentCache full:https://registry.npmjs.org/anser set size:undefined disposed:false
295 silly fetch manifest scheduler@0.26.0
296 silly packumentCache full:https://registry.npmjs.org/scheduler cache-miss
297 http fetch GET 200 https://registry.npmjs.org/promise 65ms (cache miss)
298 silly packumentCache full:https://registry.npmjs.org/promise set size:undefined disposed:false
299 silly fetch manifest ansi-regex@^5.0.0
300 silly packumentCache full:https://registry.npmjs.org/ansi-regex cache-miss
301 http fetch GET 200 https://registry.npmjs.org/expo-modules-autolinking 143ms (cache miss)
302 silly packumentCache full:https://registry.npmjs.org/expo-modules-autolinking set size:undefined disposed:false
303 silly fetch manifest babel-jest@^29.7.0
304 silly packumentCache full:https://registry.npmjs.org/babel-jest cache-miss
305 http fetch GET 200 https://registry.npmjs.org/base64-js 56ms (cache miss)
306 silly packumentCache full:https://registry.npmjs.org/base64-js set size:undefined disposed:false
307 silly fetch manifest nullthrows@^1.1.1
308 silly packumentCache full:https://registry.npmjs.org/nullthrows cache-miss
309 http fetch GET 200 https://registry.npmjs.org/ws 139ms (cache miss)
310 silly packumentCache full:https://registry.npmjs.org/ws set size:undefined disposed:false
311 silly fetch manifest memoize-one@^5.0.0
312 silly packumentCache full:https://registry.npmjs.org/memoize-one cache-miss
313 http fetch GET 200 https://registry.npmjs.org/glob 144ms (cache miss)
314 silly packumentCache full:https://registry.npmjs.org/glob set size:undefined disposed:false
315 silly fetch manifest whatwg-fetch@^3.0.0
316 silly packumentCache full:https://registry.npmjs.org/whatwg-fetch cache-miss
317 http fetch GET 200 https://registry.npmjs.org/invariant 55ms (cache miss)
318 silly packumentCache full:https://registry.npmjs.org/invariant set size:undefined disposed:false
319 silly fetch manifest metro-runtime@^0.83.1
320 silly packumentCache full:https://registry.npmjs.org/metro-runtime cache-miss
321 http fetch GET 200 https://registry.npmjs.org/yargs 147ms (cache miss)
322 silly packumentCache full:https://registry.npmjs.org/yargs set size:undefined disposed:false
323 silly fetch manifest react-refresh@^0.14.0
324 silly packumentCache full:https://registry.npmjs.org/react-refresh cache-miss
325 http fetch GET 200 https://registry.npmjs.org/ansi-regex 57ms (cache miss)
326 silly packumentCache full:https://registry.npmjs.org/ansi-regex set size:undefined disposed:false
327 silly fetch manifest abort-controller@^3.0.0
328 silly packumentCache full:https://registry.npmjs.org/abort-controller cache-miss
329 http fetch GET 200 https://registry.npmjs.org/commander 98ms (cache miss)
330 silly packumentCache full:https://registry.npmjs.org/commander set size:undefined disposed:false
331 silly fetch manifest metro-source-map@^0.83.1
332 silly packumentCache full:https://registry.npmjs.org/metro-source-map cache-miss
333 http fetch GET 200 https://registry.npmjs.org/nullthrows 61ms (cache miss)
334 silly packumentCache full:https://registry.npmjs.org/nullthrows set size:undefined disposed:false
335 silly fetch manifest stacktrace-parser@^0.1.10
336 silly packumentCache full:https://registry.npmjs.org/stacktrace-parser cache-miss
337 http cache https://registry.npmjs.org/react-refresh 34ms (cache hit)
338 silly packumentCache full:https://registry.npmjs.org/react-refresh set size:6363009 disposed:false
339 silly fetch manifest flow-enums-runtime@^0.0.6
340 silly packumentCache full:https://registry.npmjs.org/flow-enums-runtime cache-miss
341 http fetch GET 200 https://registry.npmjs.org/@expo%2ffingerprint 380ms (cache miss)
342 silly packumentCache full:https://registry.npmjs.org/@expo%2ffingerprint set size:undefined disposed:false
343 silly fetch manifest react-devtools-core@^6.1.5
344 silly packumentCache full:https://registry.npmjs.org/react-devtools-core cache-miss
345 http fetch GET 200 https://registry.npmjs.org/whatwg-fetch 132ms (cache miss)
346 silly packumentCache full:https://registry.npmjs.org/whatwg-fetch set size:undefined disposed:false
347 silly fetch manifest regenerator-runtime@^0.13.2
348 silly packumentCache full:https://registry.npmjs.org/regenerator-runtime cache-miss
349 http fetch GET 200 https://registry.npmjs.org/@expo%2fmetro-config 340ms (cache miss)
350 silly packumentCache full:https://registry.npmjs.org/@expo%2fmetro-config set size:undefined disposed:false
351 silly fetch manifest @react-native/codegen@0.81.5
352 silly packumentCache full:https://registry.npmjs.org/@react-native%2fcodegen cache-miss
353 http fetch GET 200 https://registry.npmjs.org/memoize-one 158ms (cache miss)
354 silly packumentCache full:https://registry.npmjs.org/memoize-one set size:undefined disposed:false
355 silly fetch manifest jest-environment-node@^29.7.0
356 silly packumentCache full:https://registry.npmjs.org/jest-environment-node cache-miss
357 http fetch GET 200 https://registry.npmjs.org/stacktrace-parser 113ms (cache miss)
358 silly packumentCache full:https://registry.npmjs.org/stacktrace-parser set size:undefined disposed:false
359 silly fetch manifest @react-native/js-polyfills@0.81.5
360 silly packumentCache full:https://registry.npmjs.org/@react-native%2fjs-polyfills cache-miss
361 http fetch GET 200 https://registry.npmjs.org/abort-controller 129ms (cache miss)
362 silly packumentCache full:https://registry.npmjs.org/abort-controller set size:undefined disposed:false
363 silly fetch manifest @react-native/gradle-plugin@0.81.5
364 silly packumentCache full:https://registry.npmjs.org/@react-native%2fgradle-plugin cache-miss
365 http fetch GET 200 https://registry.npmjs.org/flow-enums-runtime 56ms (cache miss)
366 silly packumentCache full:https://registry.npmjs.org/flow-enums-runtime set size:undefined disposed:false
367 silly fetch manifest @react-native/assets-registry@0.81.5
368 silly packumentCache full:https://registry.npmjs.org/@react-native%2fassets-registry cache-miss
369 http fetch GET 200 https://registry.npmjs.org/metro-runtime 151ms (cache miss)
370 silly packumentCache full:https://registry.npmjs.org/metro-runtime set size:undefined disposed:false
371 silly fetch manifest @react-native/normalize-colors@0.81.5
372 silly packumentCache full:https://registry.npmjs.org/@react-native%2fnormalize-colors cache-miss
373 http fetch GET 200 https://registry.npmjs.org/babel-jest 197ms (cache miss)
374 silly packumentCache full:https://registry.npmjs.org/babel-jest set size:undefined disposed:false
375 silly fetch manifest @jest/create-cache-key-function@^29.7.0
376 silly packumentCache full:https://registry.npmjs.org/@jest%2fcreate-cache-key-function cache-miss
377 http fetch GET 200 https://registry.npmjs.org/metro-source-map 146ms (cache miss)
378 silly packumentCache full:https://registry.npmjs.org/metro-source-map set size:undefined disposed:false
379 silly fetch manifest @react-native/virtualized-lists@0.81.5
380 silly packumentCache full:https://registry.npmjs.org/@react-native%2fvirtualized-lists cache-miss
381 http fetch GET 200 https://registry.npmjs.org/regenerator-runtime 56ms (cache miss)
382 silly packumentCache full:https://registry.npmjs.org/regenerator-runtime set size:undefined disposed:false
383 silly fetch manifest babel-plugin-syntax-hermes-parser@0.29.1
384 silly packumentCache full:https://registry.npmjs.org/babel-plugin-syntax-hermes-parser cache-miss
385 http fetch GET 200 https://registry.npmjs.org/react-devtools-core 76ms (cache miss)
386 silly packumentCache full:https://registry.npmjs.org/react-devtools-core set size:undefined disposed:false
387 silly fetch manifest @react-native/community-cli-plugin@0.81.5
388 silly packumentCache full:https://registry.npmjs.org/@react-native%2fcommunity-cli-plugin cache-miss
389 http fetch GET 200 https://registry.npmjs.org/@react-native%2fassets-registry 214ms (cache miss)
390 silly packumentCache full:https://registry.npmjs.org/@react-native%2fassets-registry set size:undefined disposed:false
391 silly fetch manifest merge-options@^3.0.4
392 silly packumentCache full:https://registry.npmjs.org/merge-options cache-miss
393 http fetch GET 200 https://registry.npmjs.org/@react-native%2fjs-polyfills 244ms (cache miss)
394 silly packumentCache full:https://registry.npmjs.org/@react-native%2fjs-polyfills set size:undefined disposed:false
395 silly fetch manifest color@^4.2.3
396 silly packumentCache full:https://registry.npmjs.org/color cache-miss
397 http fetch GET 200 https://registry.npmjs.org/@react-native%2fcodegen 272ms (cache miss)
398 silly packumentCache full:https://registry.npmjs.org/@react-native%2fcodegen set size:undefined disposed:false
399 silly fetch manifest warn-once@^0.1.0
400 silly packumentCache full:https://registry.npmjs.org/warn-once cache-miss
401 http fetch GET 200 https://registry.npmjs.org/@react-native%2fcommunity-cli-plugin 233ms (cache miss)
402 silly packumentCache full:https://registry.npmjs.org/@react-native%2fcommunity-cli-plugin set size:undefined disposed:false
403 silly fetch manifest @react-navigation/elements@^1.3.31
404 silly packumentCache full:https://registry.npmjs.org/@react-navigation%2felements cache-miss
405 http fetch GET 200 https://registry.npmjs.org/merge-options 73ms (cache miss)
406 silly packumentCache full:https://registry.npmjs.org/merge-options set size:undefined disposed:false
407 silly fetch manifest nanoid@^3.1.23
408 silly packumentCache full:https://registry.npmjs.org/nanoid cache-miss
409 http fetch GET 200 https://registry.npmjs.org/color 63ms (cache miss)
410 silly packumentCache full:https://registry.npmjs.org/color set size:undefined disposed:false
411 silly fetch manifest fast-deep-equal@^3.1.3
412 silly packumentCache full:https://registry.npmjs.org/fast-deep-equal cache-miss
413 http fetch GET 200 https://registry.npmjs.org/warn-once 40ms (cache miss)
414 silly packumentCache full:https://registry.npmjs.org/warn-once set size:undefined disposed:false
415 silly fetch manifest escape-string-regexp@^4.0.0
416 silly packumentCache full:https://registry.npmjs.org/escape-string-regexp cache-miss
417 http fetch GET 200 https://registry.npmjs.org/scheduler 521ms (cache miss)
418 silly packumentCache full:https://registry.npmjs.org/scheduler set size:undefined disposed:false
419 silly fetch manifest @react-navigation/core@^6.4.17
420 silly packumentCache full:https://registry.npmjs.org/@react-navigation%2fcore cache-miss
421 http fetch GET 200 https://registry.npmjs.org/@react-native%2fvirtualized-lists 339ms (cache miss)
422 silly packumentCache full:https://registry.npmjs.org/@react-native%2fvirtualized-lists set size:undefined disposed:false
423 silly fetch manifest react-freeze@^1.0.0
424 silly packumentCache full:https://registry.npmjs.org/react-freeze cache-miss
425 http fetch GET 200 https://registry.npmjs.org/@jest%2fcreate-cache-key-function 363ms (cache miss)
426 silly packumentCache full:https://registry.npmjs.org/@jest%2fcreate-cache-key-function set size:undefined disposed:false
427 silly fetch manifest react-native-is-edge-to-edge@^1.2.1
428 silly packumentCache full:https://registry.npmjs.org/react-native-is-edge-to-edge cache-miss
429 http fetch GET 200 https://registry.npmjs.org/escape-string-regexp 72ms (cache miss)
430 silly packumentCache full:https://registry.npmjs.org/escape-string-regexp set size:undefined disposed:false
431 silly fetch manifest @react-navigation/elements@^1.3.31
432 silly packumentCache full:https://registry.npmjs.org/@react-navigation%2felements cache-miss
433 http fetch GET 200 https://registry.npmjs.org/fast-deep-equal 75ms (cache miss)
434 silly packumentCache full:https://registry.npmjs.org/fast-deep-equal set size:undefined disposed:false
435 silly fetch manifest form-data@^4.0.5
436 silly packumentCache full:https://registry.npmjs.org/form-data cache-miss
437 http fetch GET 200 https://registry.npmjs.org/jest-environment-node 406ms (cache miss)
438 silly packumentCache full:https://registry.npmjs.org/jest-environment-node set size:undefined disposed:false
439 silly fetch manifest proxy-from-env@^2.1.0
440 silly packumentCache full:https://registry.npmjs.org/proxy-from-env cache-miss
441 http fetch GET 200 https://registry.npmjs.org/@react-native%2fgradle-plugin 407ms (cache miss)
442 silly packumentCache full:https://registry.npmjs.org/@react-native%2fgradle-plugin set size:undefined disposed:false
443 silly fetch manifest follow-redirects@^1.16.0
444 silly packumentCache full:https://registry.npmjs.org/follow-redirects cache-miss
445 http fetch GET 200 https://registry.npmjs.org/nanoid 135ms (cache miss)
446 silly packumentCache full:https://registry.npmjs.org/nanoid set size:undefined disposed:false
447 silly fetch manifest https-proxy-agent@^5.0.1
448 silly packumentCache full:https://registry.npmjs.org/https-proxy-agent cache-miss
449 http fetch GET 200 https://registry.npmjs.org/babel-plugin-syntax-hermes-parser 410ms (cache miss)
450 silly packumentCache full:https://registry.npmjs.org/babel-plugin-syntax-hermes-parser set size:undefined disposed:false
451 silly fetch manifest debug@^4.3.4
452 silly packumentCache full:https://registry.npmjs.org/debug cache-miss
453 http fetch GET 200 https://registry.npmjs.org/react-native-is-edge-to-edge 74ms (cache miss)
454 silly packumentCache full:https://registry.npmjs.org/react-native-is-edge-to-edge set size:undefined disposed:false
455 silly fetch manifest resolve-from@^5.0.0
456 silly packumentCache full:https://registry.npmjs.org/resolve-from cache-miss
457 http fetch GET 200 https://registry.npmjs.org/react-freeze 81ms (cache miss)
458 silly packumentCache full:https://registry.npmjs.org/react-freeze set size:undefined disposed:false
459 silly fetch manifest @babel/generator@^7.20.5
460 silly packumentCache full:https://registry.npmjs.org/@babel%2fgenerator cache-miss
461 http cache https://registry.npmjs.org/debug 20ms (cache hit)
462 silly packumentCache full:https://registry.npmjs.org/debug set size:195840 disposed:false
463 silly fetch manifest @babel/preset-react@^7.22.15
464 silly packumentCache full:https://registry.npmjs.org/@babel%2fpreset-react cache-miss
465 http fetch GET 200 https://registry.npmjs.org/@react-native%2fnormalize-colors 456ms (cache miss)
466 silly packumentCache full:https://registry.npmjs.org/@react-native%2fnormalize-colors set size:undefined disposed:false
467 silly fetch manifest @babel/preset-typescript@^7.23.0
468 silly packumentCache full:https://registry.npmjs.org/@babel%2fpreset-typescript cache-miss
469 http cache https://registry.npmjs.org/@babel%2fgenerator 24ms (cache hit)
470 silly packumentCache full:https://registry.npmjs.org/@babel%2fgenerator set size:518214 disposed:false
471 silly fetch manifest @react-native/babel-preset@0.83.6
472 silly packumentCache full:https://registry.npmjs.org/@react-native%2fbabel-preset cache-miss
473 http fetch GET 200 https://registry.npmjs.org/https-proxy-agent 51ms (cache miss)
474 silly packumentCache full:https://registry.npmjs.org/https-proxy-agent set size:undefined disposed:false
475 silly fetch manifest babel-plugin-react-compiler@^1.0.0
476 silly packumentCache full:https://registry.npmjs.org/babel-plugin-react-compiler cache-miss
477 http fetch GET 200 https://registry.npmjs.org/follow-redirects 72ms (cache miss)
478 silly packumentCache full:https://registry.npmjs.org/follow-redirects set size:undefined disposed:false
479 silly fetch manifest @babel/helper-module-imports@^7.25.9
480 silly packumentCache full:https://registry.npmjs.org/@babel%2fhelper-module-imports cache-miss
481 http fetch GET 200 https://registry.npmjs.org/resolve-from 40ms (cache miss)
482 silly packumentCache full:https://registry.npmjs.org/resolve-from set size:undefined disposed:false
483 silly fetch manifest babel-plugin-react-native-web@~0.21.0
484 silly packumentCache full:https://registry.npmjs.org/babel-plugin-react-native-web cache-miss
485 http fetch GET 200 https://registry.npmjs.org/@react-navigation%2fcore 146ms (cache miss)
486 silly packumentCache full:https://registry.npmjs.org/@react-navigation%2fcore set size:undefined disposed:false
487 silly fetch manifest @babel/plugin-transform-runtime@^7.24.7
488 silly packumentCache full:https://registry.npmjs.org/@babel%2fplugin-transform-runtime cache-miss
489 http fetch GET 200 https://registry.npmjs.org/@react-navigation%2felements 146ms (cache miss)
490 silly packumentCache full:https://registry.npmjs.org/@react-navigation%2felements set size:undefined disposed:false
491 silly fetch manifest @babel/plugin-proposal-decorators@^7.12.9
492 silly packumentCache full:https://registry.npmjs.org/@babel%2fplugin-proposal-decorators cache-miss
493 http fetch GET 200 https://registry.npmjs.org/@babel%2fpreset-typescript 78ms (cache miss)
494 silly packumentCache full:https://registry.npmjs.org/@babel%2fpreset-typescript set size:undefined disposed:false
495 silly fetch manifest babel-plugin-syntax-hermes-parser@^0.32.0
496 silly packumentCache full:https://registry.npmjs.org/babel-plugin-syntax-hermes-parser cache-miss
497 http fetch GET 200 https://registry.npmjs.org/@react-navigation%2felements 259ms (cache miss)
498 silly packumentCache full:https://registry.npmjs.org/@react-navigation%2felements set size:undefined disposed:false
499 silly fetch manifest babel-plugin-transform-flow-enums@^0.0.2
500 silly packumentCache full:https://registry.npmjs.org/babel-plugin-transform-flow-enums cache-miss
501 http cache https://registry.npmjs.org/babel-plugin-syntax-hermes-parser 12ms (cache hit)
502 silly packumentCache full:https://registry.npmjs.org/babel-plugin-syntax-hermes-parser set size:105499 disposed:false
503 silly fetch manifest @babel/plugin-transform-parameters@^7.24.7
504 silly packumentCache full:https://registry.npmjs.org/@babel%2fplugin-transform-parameters cache-miss
505 http fetch GET 200 https://registry.npmjs.org/babel-plugin-react-compiler 97ms (cache miss)
506 silly packumentCache full:https://registry.npmjs.org/babel-plugin-react-compiler set size:undefined disposed:false
507 silly fetch manifest @babel/plugin-transform-private-methods@^7.24.7
508 silly packumentCache full:https://registry.npmjs.org/@babel%2fplugin-transform-private-methods cache-miss
509 http fetch GET 200 https://registry.npmjs.org/babel-plugin-transform-flow-enums 48ms (cache miss)
510 silly packumentCache full:https://registry.npmjs.org/babel-plugin-transform-flow-enums set size:undefined disposed:false
511 silly fetch manifest @babel/plugin-syntax-export-default-from@^7.24.7
512 silly packumentCache full:https://registry.npmjs.org/@babel%2fplugin-syntax-export-default-from cache-miss
513 http fetch GET 200 https://registry.npmjs.org/babel-plugin-react-native-web 113ms (cache miss)
514 silly packumentCache full:https://registry.npmjs.org/babel-plugin-react-native-web set size:undefined disposed:false
515 silly fetch manifest @babel/plugin-transform-flow-strip-types@^7.25.2
516 silly packumentCache full:https://registry.npmjs.org/@babel%2fplugin-transform-flow-strip-types cache-miss
517 http fetch GET 200 https://registry.npmjs.org/@babel%2fhelper-module-imports 123ms (cache miss)
518 silly packumentCache full:https://registry.npmjs.org/@babel%2fhelper-module-imports set size:undefined disposed:false
519 silly fetch manifest @babel/plugin-transform-modules-commonjs@^7.24.8
520 silly packumentCache full:https://registry.npmjs.org/@babel%2fplugin-transform-modules-commonjs cache-miss
521 http fetch GET 200 https://registry.npmjs.org/@babel%2fplugin-transform-runtime 113ms (cache miss)
522 silly packumentCache full:https://registry.npmjs.org/@babel%2fplugin-transform-runtime set size:undefined disposed:false
523 silly fetch manifest @babel/plugin-proposal-export-default-from@^7.24.7
524 silly packumentCache full:https://registry.npmjs.org/@babel%2fplugin-proposal-export-default-from cache-miss
525 http fetch GET 200 https://registry.npmjs.org/@babel%2fplugin-proposal-decorators 87ms (cache miss)
526 silly packumentCache full:https://registry.npmjs.org/@babel%2fplugin-proposal-decorators set size:undefined disposed:false
527 silly fetch manifest @babel/plugin-transform-class-static-block@^7.27.1
528 silly packumentCache full:https://registry.npmjs.org/@babel%2fplugin-transform-class-static-block cache-miss
529 http fetch GET 200 https://registry.npmjs.org/@react-native%2fbabel-preset 156ms (cache miss)
530 silly packumentCache full:https://registry.npmjs.org/@react-native%2fbabel-preset set size:undefined disposed:false
531 silly fetch manifest @babel/plugin-transform-object-rest-spread@^7.24.7
532 silly packumentCache full:https://registry.npmjs.org/@babel%2fplugin-transform-object-rest-spread cache-miss
533 http fetch GET 200 https://registry.npmjs.org/@babel%2fplugin-transform-private-methods 67ms (cache miss)
534 silly packumentCache full:https://registry.npmjs.org/@babel%2fplugin-transform-private-methods set size:undefined disposed:false
535 silly fetch manifest @babel/plugin-transform-export-namespace-from@^7.25.9
536 silly packumentCache full:https://registry.npmjs.org/@babel%2fplugin-transform-export-namespace-from cache-miss
537 http fetch GET 200 https://registry.npmjs.org/form-data 290ms (cache miss)
538 silly packumentCache full:https://registry.npmjs.org/form-data set size:undefined disposed:false
539 silly fetch manifest @babel/plugin-transform-private-property-in-object@^7.24.7
540 silly packumentCache full:https://registry.npmjs.org/@babel%2fplugin-transform-private-property-in-object cache-miss
541 http fetch GET 200 https://registry.npmjs.org/@babel%2fplugin-transform-parameters 121ms (cache miss)
542 silly packumentCache full:https://registry.npmjs.org/@babel%2fplugin-transform-parameters set size:undefined disposed:false
543 silly fetch manifest @expo/image-utils@^0.8.8
544 silly packumentCache full:https://registry.npmjs.org/@expo%2fimage-utils cache-miss
545 http fetch GET 200 https://registry.npmjs.org/@babel%2fplugin-syntax-export-default-from 82ms (cache miss)
546 silly packumentCache full:https://registry.npmjs.org/@babel%2fplugin-syntax-export-default-from set size:undefined disposed:false
547 silly fetch manifest @expo/env@~2.0.8
548 silly packumentCache full:https://registry.npmjs.org/@expo%2fenv cache-miss
549 http fetch GET 200 https://registry.npmjs.org/@babel%2fplugin-proposal-export-default-from 67ms (cache miss)
550 silly packumentCache full:https://registry.npmjs.org/@babel%2fplugin-proposal-export-default-from set size:undefined disposed:false
551 http fetch GET 200 https://registry.npmjs.org/@babel%2fplugin-transform-modules-commonjs 74ms (cache miss)
552 silly packumentCache full:https://registry.npmjs.org/@babel%2fplugin-transform-modules-commonjs set size:undefined disposed:false
553 http fetch GET 200 https://registry.npmjs.org/@babel%2fplugin-transform-class-static-block 68ms (cache miss)
554 silly packumentCache full:https://registry.npmjs.org/@babel%2fplugin-transform-class-static-block set size:undefined disposed:false
555 http fetch GET 200 https://registry.npmjs.org/@babel%2fplugin-transform-flow-strip-types 84ms (cache miss)
556 silly packumentCache full:https://registry.npmjs.org/@babel%2fplugin-transform-flow-strip-types set size:undefined disposed:false
557 http fetch GET 200 https://registry.npmjs.org/proxy-from-env 307ms (cache miss)
558 silly packumentCache full:https://registry.npmjs.org/proxy-from-env set size:undefined disposed:false
559 http fetch GET 200 https://registry.npmjs.org/@babel%2fplugin-transform-export-namespace-from 48ms (cache miss)
560 silly packumentCache full:https://registry.npmjs.org/@babel%2fplugin-transform-export-namespace-from set size:undefined disposed:false
561 http fetch GET 200 https://registry.npmjs.org/@babel%2fplugin-transform-object-rest-spread 53ms (cache miss)
562 silly packumentCache full:https://registry.npmjs.org/@babel%2fplugin-transform-object-rest-spread set size:undefined disposed:false
563 http fetch GET 200 https://registry.npmjs.org/@babel%2fplugin-transform-private-property-in-object 59ms (cache miss)
564 silly packumentCache full:https://registry.npmjs.org/@babel%2fplugin-transform-private-property-in-object set size:undefined disposed:false
565 http fetch GET 200 https://registry.npmjs.org/@expo%2fimage-utils 81ms (cache miss)
566 silly packumentCache full:https://registry.npmjs.org/@expo%2fimage-utils set size:undefined disposed:false
567 http fetch GET 200 https://registry.npmjs.org/@expo%2fenv 91ms (cache miss)
568 silly packumentCache full:https://registry.npmjs.org/@expo%2fenv set size:undefined disposed:false
569 http fetch GET 200 https://registry.npmjs.org/@babel%2fpreset-react 342ms (cache miss)
570 silly packumentCache full:https://registry.npmjs.org/@babel%2fpreset-react set size:undefined disposed:false
571 silly fetch manifest @babel/core@^7.0.0
572 silly packumentCache full:https://registry.npmjs.org/@babel%2fcore cache-miss
573 http cache https://registry.npmjs.org/@babel%2fcore 5ms (cache hit)
574 silly packumentCache full:https://registry.npmjs.org/@babel%2fcore set size:779631 disposed:false
575 silly placeDep ROOT @babel/code-frame@7.29.7 OK for: @babel/core@7.29.7 want: ^7.29.7
576 silly placeDep ROOT @babel/generator@7.29.7 OK for: @babel/core@7.29.7 want: ^7.29.7
577 silly placeDep ROOT @babel/helper-compilation-targets@7.29.7 OK for: @babel/core@7.29.7 want: ^7.29.7
578 silly placeDep ROOT @babel/helper-module-transforms@7.29.7 OK for: @babel/core@7.29.7 want: ^7.29.7
579 silly placeDep ROOT @babel/helpers@7.29.7 OK for: @babel/core@7.29.7 want: ^7.29.7
580 silly placeDep ROOT @babel/parser@7.29.7 OK for: @babel/core@7.29.7 want: ^7.29.7
581 silly placeDep ROOT @babel/template@7.29.7 OK for: @babel/core@7.29.7 want: ^7.29.7
582 silly placeDep ROOT @babel/traverse@7.29.7 OK for: @babel/core@7.29.7 want: ^7.29.7
583 silly placeDep ROOT @babel/types@7.29.7 OK for: @babel/core@7.29.7 want: ^7.29.7
584 silly placeDep ROOT @jridgewell/remapping@2.3.5 OK for: @babel/core@7.29.7 want: ^2.3.5
585 silly placeDep ROOT convert-source-map@2.0.0 OK for: @babel/core@7.29.7 want: ^2.0.0
586 silly placeDep ROOT debug@4.4.3 OK for: @babel/core@7.29.7 want: ^4.1.0
587 silly placeDep ROOT gensync@1.0.0-beta.2 OK for: @babel/core@7.29.7 want: ^1.0.0-beta.2
588 silly placeDep ROOT json5@2.2.3 OK for: @babel/core@7.29.7 want: ^2.2.3
589 silly placeDep ROOT semver@6.3.1 OK for: @babel/core@7.29.7 want: ^6.3.1
590 silly fetch manifest @babel/helper-validator-identifier@^7.29.7
591 silly packumentCache full:https://registry.npmjs.org/@babel%2fhelper-validator-identifier cache-miss
592 silly fetch manifest js-tokens@^4.0.0
593 silly packumentCache full:https://registry.npmjs.org/js-tokens cache-miss
594 silly fetch manifest picocolors@^1.1.1
595 silly packumentCache full:https://registry.npmjs.org/picocolors cache-miss
596 silly fetch manifest @jridgewell/gen-mapping@^0.3.12
597 silly packumentCache full:https://registry.npmjs.org/@jridgewell%2fgen-mapping cache-miss
598 silly fetch manifest @jridgewell/trace-mapping@^0.3.28
599 silly packumentCache full:https://registry.npmjs.org/@jridgewell%2ftrace-mapping cache-miss
600 silly fetch manifest jsesc@^3.0.2
601 silly packumentCache full:https://registry.npmjs.org/jsesc cache-miss
602 silly fetch manifest @babel/compat-data@^7.29.7
603 silly packumentCache full:https://registry.npmjs.org/@babel%2fcompat-data cache-miss
604 silly fetch manifest @babel/helper-validator-option@^7.29.7
605 silly packumentCache full:https://registry.npmjs.org/@babel%2fhelper-validator-option cache-miss
606 silly fetch manifest browserslist@^4.24.0
607 silly packumentCache full:https://registry.npmjs.org/browserslist cache-miss
608 silly fetch manifest lru-cache@^5.1.1
609 silly packumentCache full:https://registry.npmjs.org/lru-cache cache-miss
610 silly fetch manifest @babel/helper-module-imports@^7.29.7
611 silly packumentCache full:https://registry.npmjs.org/@babel%2fhelper-module-imports cache-miss
612 http cache https://registry.npmjs.org/@babel%2fhelper-module-imports 8ms (cache hit)
613 silly packumentCache full:https://registry.npmjs.org/@babel%2fhelper-module-imports set size:201351 disposed:false
614 silly fetch manifest @babel/helper-validator-identifier@^7.29.7
615 silly packumentCache full:https://registry.npmjs.org/@babel%2fhelper-validator-identifier cache-miss
616 http fetch GET 200 https://registry.npmjs.org/picocolors 37ms (cache miss)
617 silly packumentCache full:https://registry.npmjs.org/picocolors set size:undefined disposed:false
618 silly fetch manifest @babel/helper-globals@^7.29.7
619 silly packumentCache full:https://registry.npmjs.org/@babel%2fhelper-globals cache-miss
620 http fetch GET 200 https://registry.npmjs.org/js-tokens 40ms (cache miss)
621 silly packumentCache full:https://registry.npmjs.org/js-tokens set size:undefined disposed:false
622 silly fetch manifest debug@^4.3.1
623 silly packumentCache full:https://registry.npmjs.org/debug cache-hit
624 silly fetch manifest @babel/helper-string-parser@^7.29.7
625 silly packumentCache full:https://registry.npmjs.org/@babel%2fhelper-string-parser cache-miss
626 http fetch GET 200 https://registry.npmjs.org/jsesc 48ms (cache miss)
627 silly packumentCache full:https://registry.npmjs.org/jsesc set size:undefined disposed:false
628 silly fetch manifest @babel/helper-validator-identifier@^7.29.7
629 silly packumentCache full:https://registry.npmjs.org/@babel%2fhelper-validator-identifier cache-miss
630 http fetch GET 200 https://registry.npmjs.org/@babel%2fhelper-validator-option 63ms (cache miss)
631 silly packumentCache full:https://registry.npmjs.org/@babel%2fhelper-validator-option set size:undefined disposed:false
632 silly fetch manifest @jridgewell/gen-mapping@^0.3.5
633 silly packumentCache full:https://registry.npmjs.org/@jridgewell%2fgen-mapping cache-miss
634 http fetch GET 200 https://registry.npmjs.org/@babel%2fhelper-validator-identifier 68ms (cache miss)
635 silly packumentCache full:https://registry.npmjs.org/@babel%2fhelper-validator-identifier set size:undefined disposed:false
636 silly fetch manifest @jridgewell/trace-mapping@^0.3.24
637 silly packumentCache full:https://registry.npmjs.org/@jridgewell%2ftrace-mapping cache-miss
638 http fetch GET 200 https://registry.npmjs.org/@babel%2fhelper-validator-identifier 60ms (cache miss)
639 silly packumentCache full:https://registry.npmjs.org/@babel%2fhelper-validator-identifier set size:undefined disposed:false
640 silly fetch manifest ms@^2.1.3
641 silly packumentCache full:https://registry.npmjs.org/ms cache-miss
642 http fetch GET 200 https://registry.npmjs.org/@jridgewell%2fgen-mapping 82ms (cache miss)
643 silly packumentCache full:https://registry.npmjs.org/@jridgewell%2fgen-mapping set size:undefined disposed:false
644 http fetch GET 200 https://registry.npmjs.org/@babel%2fhelper-globals 52ms (cache miss)
645 silly packumentCache full:https://registry.npmjs.org/@babel%2fhelper-globals set size:undefined disposed:false
646 http fetch GET 200 https://registry.npmjs.org/lru-cache 90ms (cache miss)
647 silly packumentCache full:https://registry.npmjs.org/lru-cache set size:undefined disposed:false
648 http fetch GET 200 https://registry.npmjs.org/@babel%2fhelper-string-parser 55ms (cache miss)
649 silly packumentCache full:https://registry.npmjs.org/@babel%2fhelper-string-parser set size:undefined disposed:false
650 http fetch GET 200 https://registry.npmjs.org/browserslist 97ms (cache miss)
651 silly packumentCache full:https://registry.npmjs.org/browserslist set size:undefined disposed:false
652 http fetch GET 200 https://registry.npmjs.org/@jridgewell%2ftrace-mapping 103ms (cache miss)
653 silly packumentCache full:https://registry.npmjs.org/@jridgewell%2ftrace-mapping set size:undefined disposed:false
654 http fetch GET 200 https://registry.npmjs.org/@babel%2fcompat-data 106ms (cache miss)
655 silly packumentCache full:https://registry.npmjs.org/@babel%2fcompat-data set size:undefined disposed:false
656 http fetch GET 200 https://registry.npmjs.org/@babel%2fhelper-validator-identifier 61ms (cache miss)
657 silly packumentCache full:https://registry.npmjs.org/@babel%2fhelper-validator-identifier set size:undefined disposed:false
658 http fetch GET 200 https://registry.npmjs.org/@jridgewell%2fgen-mapping 51ms (cache miss)
659 silly packumentCache full:https://registry.npmjs.org/@jridgewell%2fgen-mapping set size:undefined disposed:false
660 http fetch GET 200 https://registry.npmjs.org/@jridgewell%2ftrace-mapping 52ms (cache miss)
661 silly packumentCache full:https://registry.npmjs.org/@jridgewell%2ftrace-mapping set size:undefined disposed:false
662 http fetch GET 200 https://registry.npmjs.org/ms 84ms (cache miss)
663 silly packumentCache full:https://registry.npmjs.org/ms set size:undefined disposed:false
664 silly placeDep ROOT @babel/helper-validator-identifier@7.29.7 OK for: @babel/code-frame@7.29.7 want: ^7.29.7
665 silly placeDep ROOT js-tokens@4.0.0 OK for: @babel/code-frame@7.29.7 want: ^4.0.0
666 silly placeDep ROOT picocolors@1.1.1 OK for: @babel/code-frame@7.29.7 want: ^1.1.1
667 silly placeDep ROOT @jridgewell/gen-mapping@0.3.13 OK for: @babel/generator@7.29.7 want: ^0.3.12
668 silly placeDep ROOT @jridgewell/trace-mapping@0.3.31 OK for: @babel/generator@7.29.7 want: ^0.3.28
669 silly placeDep ROOT jsesc@3.1.0 OK for: @babel/generator@7.29.7 want: ^3.0.2
670 silly fetch manifest @jridgewell/sourcemap-codec@^1.5.0
671 silly packumentCache full:https://registry.npmjs.org/@jridgewell%2fsourcemap-codec cache-miss
672 silly fetch manifest @jridgewell/resolve-uri@^3.1.0
673 silly packumentCache full:https://registry.npmjs.org/@jridgewell%2fresolve-uri cache-miss
674 silly fetch manifest @jridgewell/sourcemap-codec@^1.4.14
675 silly packumentCache full:https://registry.npmjs.org/@jridgewell%2fsourcemap-codec cache-miss
676 http fetch GET 200 https://registry.npmjs.org/@jridgewell%2fsourcemap-codec 50ms (cache miss)
677 silly packumentCache full:https://registry.npmjs.org/@jridgewell%2fsourcemap-codec set size:undefined disposed:false
678 http fetch GET 200 https://registry.npmjs.org/@jridgewell%2fresolve-uri 54ms (cache miss)
679 silly packumentCache full:https://registry.npmjs.org/@jridgewell%2fresolve-uri set size:undefined disposed:false
680 http fetch GET 200 https://registry.npmjs.org/@jridgewell%2fsourcemap-codec 62ms (cache miss)
681 silly packumentCache full:https://registry.npmjs.org/@jridgewell%2fsourcemap-codec set size:undefined disposed:false
682 silly placeDep ROOT @babel/compat-data@7.29.7 OK for: @babel/helper-compilation-targets@7.29.7 want: ^7.29.7
683 silly placeDep ROOT @babel/helper-validator-option@7.29.7 OK for: @babel/helper-compilation-targets@7.29.7 want: ^7.29.7
684 silly placeDep ROOT browserslist@4.28.2 OK for: @babel/helper-compilation-targets@7.29.7 want: ^4.24.0
685 silly placeDep ROOT lru-cache@5.1.1 OK for: @babel/helper-compilation-targets@7.29.7 want: ^5.1.1
686 silly fetch manifest baseline-browser-mapping@^2.10.12
687 silly packumentCache full:https://registry.npmjs.org/baseline-browser-mapping cache-miss
688 silly fetch manifest caniuse-lite@^1.0.30001782
689 silly packumentCache full:https://registry.npmjs.org/caniuse-lite cache-miss
690 silly fetch manifest electron-to-chromium@^1.5.328
691 silly packumentCache full:https://registry.npmjs.org/electron-to-chromium cache-miss
692 silly fetch manifest node-releases@^2.0.36
693 silly packumentCache full:https://registry.npmjs.org/node-releases cache-miss
694 silly fetch manifest update-browserslist-db@^1.2.3
695 silly packumentCache full:https://registry.npmjs.org/update-browserslist-db cache-miss
696 silly fetch manifest yallist@^3.0.2
697 silly packumentCache full:https://registry.npmjs.org/yallist cache-miss
698 http fetch GET 200 https://registry.npmjs.org/update-browserslist-db 46ms (cache miss)
699 silly packumentCache full:https://registry.npmjs.org/update-browserslist-db set size:undefined disposed:false
700 http fetch GET 200 https://registry.npmjs.org/baseline-browser-mapping 49ms (cache miss)
701 silly packumentCache full:https://registry.npmjs.org/baseline-browser-mapping set size:undefined disposed:false
702 http fetch GET 200 https://registry.npmjs.org/yallist 52ms (cache miss)
703 silly packumentCache full:https://registry.npmjs.org/yallist set size:undefined disposed:false
704 http fetch GET 200 https://registry.npmjs.org/node-releases 90ms (cache miss)
705 silly packumentCache full:https://registry.npmjs.org/node-releases set size:undefined disposed:false
706 http fetch GET 200 https://registry.npmjs.org/electron-to-chromium 216ms (cache miss)
707 silly packumentCache full:https://registry.npmjs.org/electron-to-chromium set size:undefined disposed:false
708 http fetch GET 200 https://registry.npmjs.org/caniuse-lite 322ms (cache miss)
709 silly packumentCache full:https://registry.npmjs.org/caniuse-lite set size:undefined disposed:false
710 silly placeDep ROOT @babel/helper-module-imports@7.29.7 OK for: @babel/helper-module-transforms@7.29.7 want: ^7.29.7
711 silly placeDep ROOT @babel/helper-globals@7.29.7 OK for: @babel/traverse@7.29.7 want: ^7.29.7
712 silly placeDep ROOT @babel/helper-string-parser@7.29.7 OK for: @babel/types@7.29.7 want: ^7.29.7
713 silly placeDep ROOT @jridgewell/sourcemap-codec@1.5.5 OK for: @jridgewell/gen-mapping@0.3.13 want: ^1.5.0
714 silly placeDep ROOT @jridgewell/resolve-uri@3.1.2 OK for: @jridgewell/trace-mapping@0.3.31 want: ^3.1.0
715 silly placeDep ROOT merge-options@3.0.4 OK for: @react-native-async-storage/async-storage@2.2.0 want: ^3.0.4
716 silly fetch manifest is-plain-obj@^2.1.0
717 silly packumentCache full:https://registry.npmjs.org/is-plain-obj cache-miss
718 http fetch GET 200 https://registry.npmjs.org/is-plain-obj 30ms (cache miss)
719 silly packumentCache full:https://registry.npmjs.org/is-plain-obj set size:undefined disposed:false
720 silly fetch manifest @react-navigation/native@^6.0.0
721 silly packumentCache full:https://registry.npmjs.org/@react-navigation%2fnative cache-miss
722 http cache https://registry.npmjs.org/@react-navigation%2fnative 7ms (cache hit)
723 silly packumentCache full:https://registry.npmjs.org/@react-navigation%2fnative set size:1144051 disposed:false
724 silly fetch manifest react@*
725 silly packumentCache full:https://registry.npmjs.org/react cache-miss
726 http cache https://registry.npmjs.org/react 25ms (cache hit)
727 silly packumentCache full:https://registry.npmjs.org/react set size:6693019 disposed:false
728 silly fetch manifest react-native@*
729 silly packumentCache full:https://registry.npmjs.org/react-native cache-miss
730 http cache https://registry.npmjs.org/react-native 29ms (cache hit)
731 silly packumentCache full:https://registry.npmjs.org/react-native set size:15353811 disposed:false
732 silly fetch manifest @react-native/jest-preset@0.86.0
733 silly packumentCache full:https://registry.npmjs.org/@react-native%2fjest-preset cache-miss
734 http fetch GET 200 https://registry.npmjs.org/@react-native%2fjest-preset 65ms (cache miss)
735 silly packumentCache full:https://registry.npmjs.org/@react-native%2fjest-preset set size:undefined disposed:false
736 silly fetch manifest @types/react@^19.1.1
737 silly packumentCache full:https://registry.npmjs.org/@types%2freact cache-miss
738 http cache https://registry.npmjs.org/@types%2freact 8ms (cache hit)
739 silly packumentCache full:https://registry.npmjs.org/@types%2freact set size:2632776 disposed:false
740 silly fetch manifest react-native-safe-area-context@>= 3.0.0
741 silly packumentCache full:https://registry.npmjs.org/react-native-safe-area-context cache-miss
742 http cache https://registry.npmjs.org/react-native-safe-area-context 7ms (cache hit)
743 silly packumentCache full:https://registry.npmjs.org/react-native-safe-area-context set size:667318 disposed:false
744 silly placeDep ROOT @react-navigation/elements@1.3.31 OK for: @react-navigation/bottom-tabs@6.6.1 want: ^1.3.31
745 silly placeDep ROOT color@4.2.3 OK for: @react-navigation/bottom-tabs@6.6.1 want: ^4.2.3
746 silly placeDep ROOT warn-once@0.1.1 OK for: @react-navigation/bottom-tabs@6.6.1 want: ^0.1.0
747 silly fetch manifest color-string@^1.9.0
748 silly packumentCache full:https://registry.npmjs.org/color-string cache-miss
749 silly fetch manifest color-convert@^2.0.1
750 silly packumentCache full:https://registry.npmjs.org/color-convert cache-miss
751 http fetch GET 200 https://registry.npmjs.org/color-convert 41ms (cache miss)
752 silly packumentCache full:https://registry.npmjs.org/color-convert set size:undefined disposed:false
753 http fetch GET 200 https://registry.npmjs.org/color-string 44ms (cache miss)
754 silly packumentCache full:https://registry.npmjs.org/color-string set size:undefined disposed:false
755 silly placeDep ROOT @react-navigation/core@6.4.17 OK for: @react-navigation/native@6.1.18 want: ^6.4.17
756 silly placeDep ROOT escape-string-regexp@4.0.0 OK for: @react-navigation/native@6.1.18 want: ^4.0.0
757 silly placeDep ROOT fast-deep-equal@3.1.3 OK for: @react-navigation/native@6.1.18 want: ^3.1.3
758 silly placeDep ROOT nanoid@3.3.12 OK for: @react-navigation/native@6.1.18 want: ^3.1.23
759 silly fetch manifest react-is@^16.13.0
760 silly packumentCache full:https://registry.npmjs.org/react-is cache-miss
761 silly fetch manifest query-string@^7.1.3
762 silly packumentCache full:https://registry.npmjs.org/query-string cache-miss
763 silly fetch manifest use-latest-callback@^0.2.1
764 silly packumentCache full:https://registry.npmjs.org/use-latest-callback cache-miss
765 silly fetch manifest @react-navigation/routers@^6.1.9
766 silly packumentCache full:https://registry.npmjs.org/@react-navigation%2frouters cache-miss
767 http fetch GET 200 https://registry.npmjs.org/use-latest-callback 38ms (cache miss)
768 silly packumentCache full:https://registry.npmjs.org/use-latest-callback set size:undefined disposed:false
769 http fetch GET 200 https://registry.npmjs.org/@react-navigation%2frouters 101ms (cache miss)
770 silly packumentCache full:https://registry.npmjs.org/@react-navigation%2frouters set size:undefined disposed:false
771 http fetch GET 200 https://registry.npmjs.org/query-string 154ms (cache miss)
772 silly packumentCache full:https://registry.npmjs.org/query-string set size:undefined disposed:false
773 http fetch GET 200 https://registry.npmjs.org/react-is 362ms (cache miss)
774 silly packumentCache full:https://registry.npmjs.org/react-is set size:undefined disposed:false
775 silly placeDep ROOT @react-navigation/routers@6.1.9 OK for: @react-navigation/core@6.4.17 want: ^6.1.9
776 silly placeDep ROOT query-string@7.1.3 OK for: @react-navigation/core@6.4.17 want: ^7.1.3
777 silly placeDep ROOT react-is@16.13.1 OK for: @react-navigation/core@6.4.17 want: ^16.13.0
778 silly placeDep ROOT use-latest-callback@0.2.6 OK for: @react-navigation/core@6.4.17 want: ^0.2.1
779 silly fetch manifest filter-obj@^1.1.0
780 silly packumentCache full:https://registry.npmjs.org/filter-obj cache-miss
781 silly fetch manifest split-on-first@^1.0.0
782 silly packumentCache full:https://registry.npmjs.org/split-on-first cache-miss
783 silly fetch manifest strict-uri-encode@^2.0.0
784 silly packumentCache full:https://registry.npmjs.org/strict-uri-encode cache-miss
785 silly fetch manifest decode-uri-component@^0.2.2
786 silly packumentCache full:https://registry.npmjs.org/decode-uri-component cache-miss
787 http fetch GET 200 https://registry.npmjs.org/strict-uri-encode 37ms (cache miss)
788 silly packumentCache full:https://registry.npmjs.org/strict-uri-encode set size:undefined disposed:false
789 http fetch GET 200 https://registry.npmjs.org/filter-obj 45ms (cache miss)
790 silly packumentCache full:https://registry.npmjs.org/filter-obj set size:undefined disposed:false
791 http fetch GET 200 https://registry.npmjs.org/decode-uri-component 46ms (cache miss)
792 silly packumentCache full:https://registry.npmjs.org/decode-uri-component set size:undefined disposed:false
793 http fetch GET 200 https://registry.npmjs.org/split-on-first 48ms (cache miss)
794 silly packumentCache full:https://registry.npmjs.org/split-on-first set size:undefined disposed:false
795 silly placeDep ROOT follow-redirects@1.16.0 OK for: axios@1.17.0 want: ^1.16.0
796 silly placeDep ROOT form-data@4.0.5 OK for: axios@1.17.0 want: ^4.0.5
797 silly placeDep ROOT https-proxy-agent@5.0.1 OK for: axios@1.17.0 want: ^5.0.1
798 silly placeDep ROOT proxy-from-env@2.1.0 OK for: axios@1.17.0 want: ^2.1.0
799 silly fetch manifest asynckit@^0.4.0
800 silly packumentCache full:https://registry.npmjs.org/asynckit cache-miss
801 silly fetch manifest combined-stream@^1.0.8
802 silly packumentCache full:https://registry.npmjs.org/combined-stream cache-miss
803 silly fetch manifest es-set-tostringtag@^2.1.0
804 silly packumentCache full:https://registry.npmjs.org/es-set-tostringtag cache-miss
805 silly fetch manifest hasown@^2.0.2
806 silly packumentCache full:https://registry.npmjs.org/hasown cache-miss
807 silly fetch manifest mime-types@^2.1.12
808 silly packumentCache full:https://registry.npmjs.org/mime-types cache-miss
809 silly fetch manifest agent-base@6
810 silly packumentCache full:https://registry.npmjs.org/agent-base cache-miss
811 http fetch GET 200 https://registry.npmjs.org/hasown 34ms (cache miss)
812 silly packumentCache full:https://registry.npmjs.org/hasown set size:undefined disposed:false
813 http fetch GET 200 https://registry.npmjs.org/agent-base 38ms (cache miss)
814 silly packumentCache full:https://registry.npmjs.org/agent-base set size:undefined disposed:false
815 http fetch GET 200 https://registry.npmjs.org/asynckit 45ms (cache miss)
816 silly packumentCache full:https://registry.npmjs.org/asynckit set size:undefined disposed:false
817 http fetch GET 200 https://registry.npmjs.org/combined-stream 48ms (cache miss)
818 silly packumentCache full:https://registry.npmjs.org/combined-stream set size:undefined disposed:false
819 http fetch GET 200 https://registry.npmjs.org/es-set-tostringtag 48ms (cache miss)
820 silly packumentCache full:https://registry.npmjs.org/es-set-tostringtag set size:undefined disposed:false
821 http fetch GET 200 https://registry.npmjs.org/mime-types 56ms (cache miss)
822 silly packumentCache full:https://registry.npmjs.org/mime-types set size:undefined disposed:false
823 silly fetch manifest @babel/core@^7.0.0-0
824 silly packumentCache full:https://registry.npmjs.org/@babel%2fcore cache-hit
825 silly fetch manifest @babel/core@^7.12.0
826 silly packumentCache full:https://registry.npmjs.org/@babel%2fcore cache-hit
827 silly placeDep ROOT @babel/plugin-proposal-decorators@7.29.7 OK for: babel-preset-expo@55.0.22 want: ^7.12.9
828 silly placeDep ROOT @babel/plugin-proposal-export-default-from@7.29.7 OK for: babel-preset-expo@55.0.22 want: ^7.24.7
829 silly placeDep ROOT @babel/plugin-syntax-export-default-from@7.29.7 OK for: babel-preset-expo@55.0.22 want: ^7.24.7
830 silly placeDep ROOT @babel/plugin-transform-class-static-block@7.29.7 OK for: babel-preset-expo@55.0.22 want: ^7.27.1
831 silly placeDep ROOT @babel/plugin-transform-export-namespace-from@7.29.7 OK for: babel-preset-expo@55.0.22 want: ^7.25.9
832 silly placeDep ROOT @babel/plugin-transform-flow-strip-types@7.29.7 OK for: babel-preset-expo@55.0.22 want: ^7.25.2
833 silly placeDep ROOT @babel/plugin-transform-modules-commonjs@7.29.7 OK for: babel-preset-expo@55.0.22 want: ^7.24.8
834 silly placeDep ROOT @babel/plugin-transform-object-rest-spread@7.29.7 OK for: babel-preset-expo@55.0.22 want: ^7.24.7
835 silly placeDep ROOT @babel/plugin-transform-parameters@7.29.7 OK for: babel-preset-expo@55.0.22 want: ^7.24.7
836 silly placeDep ROOT @babel/plugin-transform-private-methods@7.29.7 OK for: babel-preset-expo@55.0.22 want: ^7.24.7
837 silly placeDep ROOT @babel/plugin-transform-private-property-in-object@7.29.7 OK for: babel-preset-expo@55.0.22 want: ^7.24.7
838 silly placeDep ROOT @babel/plugin-transform-runtime@7.29.7 OK for: babel-preset-expo@55.0.22 want: ^7.24.7
839 silly placeDep ROOT @babel/preset-react@7.29.7 OK for: babel-preset-expo@55.0.22 want: ^7.22.15
840 silly placeDep ROOT @babel/preset-typescript@7.29.7 OK for: babel-preset-expo@55.0.22 want: ^7.23.0
841 silly placeDep ROOT @react-native/babel-preset@0.83.6 OK for: babel-preset-expo@55.0.22 want: 0.83.6
842 silly placeDep ROOT babel-plugin-react-compiler@1.0.0 OK for: babel-preset-expo@55.0.22 want: ^1.0.0
843 silly placeDep ROOT babel-plugin-react-native-web@0.21.2 OK for: babel-preset-expo@55.0.22 want: ~0.21.0
844 silly placeDep ROOT babel-plugin-syntax-hermes-parser@0.32.1 OK for: babel-preset-expo@55.0.22 want: ^0.32.0
845 silly placeDep ROOT babel-plugin-transform-flow-enums@0.0.2 OK for: babel-preset-expo@55.0.22 want: ^0.0.2
846 silly placeDep ROOT resolve-from@5.0.0 OK for: babel-preset-expo@55.0.22 want: ^5.0.0
847 silly fetch manifest @babel/helper-create-class-features-plugin@^7.29.7
848 silly packumentCache full:https://registry.npmjs.org/@babel%2fhelper-create-class-features-plugin cache-miss
849 silly fetch manifest @babel/helper-plugin-utils@^7.29.7
850 silly packumentCache full:https://registry.npmjs.org/@babel%2fhelper-plugin-utils cache-miss
851 silly fetch manifest @babel/plugin-syntax-decorators@^7.29.7
852 silly packumentCache full:https://registry.npmjs.org/@babel%2fplugin-syntax-decorators cache-miss
853 silly fetch manifest @babel/helper-plugin-utils@^7.29.7
854 silly packumentCache full:https://registry.npmjs.org/@babel%2fhelper-plugin-utils cache-miss
855 silly fetch manifest @babel/helper-plugin-utils@^7.29.7
856 silly packumentCache full:https://registry.npmjs.org/@babel%2fhelper-plugin-utils cache-miss
857 silly fetch manifest @babel/helper-create-class-features-plugin@^7.29.7
858 silly packumentCache full:https://registry.npmjs.org/@babel%2fhelper-create-class-features-plugin cache-miss
859 silly fetch manifest @babel/helper-plugin-utils@^7.29.7
860 silly packumentCache full:https://registry.npmjs.org/@babel%2fhelper-plugin-utils cache-miss
861 silly fetch manifest @babel/helper-plugin-utils@^7.29.7
862 silly packumentCache full:https://registry.npmjs.org/@babel%2fhelper-plugin-utils cache-miss
863 silly fetch manifest @babel/helper-plugin-utils@^7.29.7
864 silly packumentCache full:https://registry.npmjs.org/@babel%2fhelper-plugin-utils cache-miss
865 silly fetch manifest @babel/plugin-syntax-flow@^7.29.7
866 silly packumentCache full:https://registry.npmjs.org/@babel%2fplugin-syntax-flow cache-miss
867 silly fetch manifest @babel/helper-plugin-utils@^7.29.7
868 silly packumentCache full:https://registry.npmjs.org/@babel%2fhelper-plugin-utils cache-miss
869 http fetch GET 200 https://registry.npmjs.org/@babel%2fhelper-plugin-utils 57ms (cache miss)
870 silly packumentCache full:https://registry.npmjs.org/@babel%2fhelper-plugin-utils set size:undefined disposed:false
871 silly fetch manifest @babel/plugin-transform-destructuring@^7.29.7
872 silly packumentCache full:https://registry.npmjs.org/@babel%2fplugin-transform-destructuring cache-miss
873 http fetch GET 200 https://registry.npmjs.org/@babel%2fplugin-syntax-flow 62ms (cache miss)
874 silly packumentCache full:https://registry.npmjs.org/@babel%2fplugin-syntax-flow set size:undefined disposed:false
875 silly fetch manifest @babel/plugin-transform-parameters@^7.29.7
876 silly packumentCache full:https://registry.npmjs.org/@babel%2fplugin-transform-parameters cache-miss
877 http cache https://registry.npmjs.org/@babel%2fplugin-transform-parameters 15ms (cache hit)
878 silly packumentCache full:https://registry.npmjs.org/@babel%2fplugin-transform-parameters set size:277891 disposed:false
879 silly fetch manifest @babel/helper-create-class-features-plugin@^7.29.7
880 silly packumentCache full:https://registry.npmjs.org/@babel%2fhelper-create-class-features-plugin cache-miss
881 http fetch GET 200 https://registry.npmjs.org/@babel%2fhelper-plugin-utils 84ms (cache miss)
882 silly packumentCache full:https://registry.npmjs.org/@babel%2fhelper-plugin-utils set size:undefined disposed:false
883 silly fetch manifest @babel/helper-annotate-as-pure@^7.29.7
884 silly packumentCache full:https://registry.npmjs.org/@babel%2fhelper-annotate-as-pure cache-miss
885 http fetch GET 200 https://registry.npmjs.org/@babel%2fhelper-plugin-utils 86ms (cache miss)
886 silly packumentCache full:https://registry.npmjs.org/@babel%2fhelper-plugin-utils set size:undefined disposed:false
887 silly fetch manifest @babel/helper-create-class-features-plugin@^7.29.7
888 silly packumentCache full:https://registry.npmjs.org/@babel%2fhelper-create-class-features-plugin cache-miss
889 http fetch GET 200 https://registry.npmjs.org/@babel%2fhelper-plugin-utils 89ms (cache miss)
890 silly packumentCache full:https://registry.npmjs.org/@babel%2fhelper-plugin-utils set size:undefined disposed:false
891 silly fetch manifest babel-plugin-polyfill-corejs2@^0.4.14
892 silly packumentCache full:https://registry.npmjs.org/babel-plugin-polyfill-corejs2 cache-miss
893 http fetch GET 200 https://registry.npmjs.org/@babel%2fhelper-plugin-utils 93ms (cache miss)
894 silly packumentCache full:https://registry.npmjs.org/@babel%2fhelper-plugin-utils set size:undefined disposed:false
895 silly fetch manifest babel-plugin-polyfill-corejs3@^0.13.0
896 silly packumentCache full:https://registry.npmjs.org/babel-plugin-polyfill-corejs3 cache-miss
897 http fetch GET 200 https://registry.npmjs.org/@babel%2fhelper-plugin-utils 99ms (cache miss)
898 silly packumentCache full:https://registry.npmjs.org/@babel%2fhelper-plugin-utils set size:undefined disposed:false
899 silly fetch manifest babel-plugin-polyfill-regenerator@^0.6.5
900 silly packumentCache full:https://registry.npmjs.org/babel-plugin-polyfill-regenerator cache-miss
901 http fetch GET 200 https://registry.npmjs.org/@babel%2fplugin-syntax-decorators 101ms (cache miss)
902 silly packumentCache full:https://registry.npmjs.org/@babel%2fplugin-syntax-decorators set size:undefined disposed:false
903 silly fetch manifest @babel/plugin-transform-react-display-name@^7.29.7
904 silly packumentCache full:https://registry.npmjs.org/@babel%2fplugin-transform-react-display-name cache-miss
905 http fetch GET 200 https://registry.npmjs.org/@babel%2fhelper-create-class-features-plugin 112ms (cache miss)
906 silly packumentCache full:https://registry.npmjs.org/@babel%2fhelper-create-class-features-plugin set size:undefined disposed:false
907 silly fetch manifest @babel/plugin-transform-react-jsx@^7.29.7
908 silly packumentCache full:https://registry.npmjs.org/@babel%2fplugin-transform-react-jsx cache-miss
909 http fetch GET 200 https://registry.npmjs.org/@babel%2fhelper-create-class-features-plugin 114ms (cache miss)
910 silly packumentCache full:https://registry.npmjs.org/@babel%2fhelper-create-class-features-plugin set size:undefined disposed:false
911 silly fetch manifest @babel/plugin-transform-react-jsx-development@^7.29.7
912 silly packumentCache full:https://registry.npmjs.org/@babel%2fplugin-transform-react-jsx-development cache-miss
913 http fetch GET 200 https://registry.npmjs.org/@babel%2fplugin-transform-destructuring 64ms (cache miss)
914 silly packumentCache full:https://registry.npmjs.org/@babel%2fplugin-transform-destructuring set size:undefined disposed:false
915 silly fetch manifest @babel/plugin-transform-react-pure-annotations@^7.29.7
916 silly packumentCache full:https://registry.npmjs.org/@babel%2fplugin-transform-react-pure-annotations cache-miss
917 http fetch GET 200 https://registry.npmjs.org/babel-plugin-polyfill-corejs2 50ms (cache miss)
918 silly packumentCache full:https://registry.npmjs.org/babel-plugin-polyfill-corejs2 set size:undefined disposed:false
919 silly fetch manifest @babel/plugin-syntax-jsx@^7.29.7
920 silly packumentCache full:https://registry.npmjs.org/@babel%2fplugin-syntax-jsx cache-miss
921 http fetch GET 200 https://registry.npmjs.org/@babel%2fhelper-create-class-features-plugin 62ms (cache miss)
922 silly packumentCache full:https://registry.npmjs.org/@babel%2fhelper-create-class-features-plugin set size:undefined disposed:false
923 silly fetch manifest @babel/plugin-transform-typescript@^7.29.7
924 silly packumentCache full:https://registry.npmjs.org/@babel%2fplugin-transform-typescript cache-miss
925 http fetch GET 200 https://registry.npmjs.org/babel-plugin-polyfill-corejs3 54ms (cache miss)
926 silly packumentCache full:https://registry.npmjs.org/babel-plugin-polyfill-corejs3 set size:undefined disposed:false
927 silly fetch manifest @babel/plugin-transform-for-of@^7.24.7
928 silly packumentCache full:https://registry.npmjs.org/@babel%2fplugin-transform-for-of cache-miss
929 http fetch GET 200 https://registry.npmjs.org/babel-plugin-polyfill-regenerator 67ms (cache miss)
930 silly packumentCache full:https://registry.npmjs.org/babel-plugin-polyfill-regenerator set size:undefined disposed:false
931 silly fetch manifest @babel/plugin-transform-spread@^7.24.7
932 silly packumentCache full:https://registry.npmjs.org/@babel%2fplugin-transform-spread cache-miss
933 http fetch GET 200 https://registry.npmjs.org/@babel%2fhelper-create-class-features-plugin 83ms (cache miss)
934 silly packumentCache full:https://registry.npmjs.org/@babel%2fhelper-create-class-features-plugin set size:undefined disposed:false
935 silly fetch manifest @babel/plugin-transform-classes@^7.25.4
936 silly packumentCache full:https://registry.npmjs.org/@babel%2fplugin-transform-classes cache-miss
937 http fetch GET 200 https://registry.npmjs.org/@babel%2fhelper-annotate-as-pure 93ms (cache miss)
938 silly packumentCache full:https://registry.npmjs.org/@babel%2fhelper-annotate-as-pure set size:undefined disposed:false
939 silly fetch manifest @babel/plugin-transform-literals@^7.25.2
940 silly packumentCache full:https://registry.npmjs.org/@babel%2fplugin-transform-literals cache-miss
941 http fetch GET 200 https://registry.npmjs.org/@babel%2fplugin-transform-react-jsx-development 64ms (cache miss)
942 silly packumentCache full:https://registry.npmjs.org/@babel%2fplugin-transform-react-jsx-development set size:undefined disposed:false
943 silly fetch manifest @babel/plugin-transform-react-jsx@^7.25.2
944 silly packumentCache full:https://registry.npmjs.org/@babel%2fplugin-transform-react-jsx cache-miss
945 http fetch GET 200 https://registry.npmjs.org/@babel%2fplugin-transform-react-jsx 79ms (cache miss)
946 silly packumentCache full:https://registry.npmjs.org/@babel%2fplugin-transform-react-jsx set size:undefined disposed:false
947 silly fetch manifest babel-plugin-syntax-hermes-parser@0.32.0
948 silly packumentCache full:https://registry.npmjs.org/babel-plugin-syntax-hermes-parser cache-hit
949 silly fetch manifest @babel/plugin-transform-typescript@^7.25.2
950 silly packumentCache full:https://registry.npmjs.org/@babel%2fplugin-transform-typescript cache-miss
951 http fetch GET 200 https://registry.npmjs.org/@babel%2fplugin-transform-react-display-name 101ms (cache miss)
952 silly packumentCache full:https://registry.npmjs.org/@babel%2fplugin-transform-react-display-name set size:undefined disposed:false
953 silly fetch manifest @react-native/babel-plugin-codegen@0.83.6
954 silly packumentCache full:https://registry.npmjs.org/@react-native%2fbabel-plugin-codegen cache-miss
955 http fetch GET 200 https://registry.npmjs.org/@babel%2fplugin-transform-for-of 56ms (cache miss)
956 silly packumentCache full:https://registry.npmjs.org/@babel%2fplugin-transform-for-of set size:undefined disposed:false
957 silly fetch manifest @babel/plugin-syntax-dynamic-import@^7.8.3
958 silly packumentCache full:https://registry.npmjs.org/@babel%2fplugin-syntax-dynamic-import cache-miss
959 http fetch GET 200 https://registry.npmjs.org/@babel%2fplugin-transform-typescript 78ms (cache miss)
960 silly packumentCache full:https://registry.npmjs.org/@babel%2fplugin-transform-typescript set size:undefined disposed:false
961 silly fetch manifest @babel/plugin-transform-regenerator@^7.24.7
962 silly packumentCache full:https://registry.npmjs.org/@babel%2fplugin-transform-regenerator cache-miss
963 http fetch GET 200 https://registry.npmjs.org/@babel%2fplugin-syntax-jsx 88ms (cache miss)
964 silly packumentCache full:https://registry.npmjs.org/@babel%2fplugin-syntax-jsx set size:undefined disposed:false
965 silly fetch manifest @babel/plugin-transform-sticky-regex@^7.24.7
966 silly packumentCache full:https://registry.npmjs.org/@babel%2fplugin-transform-sticky-regex cache-miss
967 http fetch GET 200 https://registry.npmjs.org/@babel%2fplugin-transform-react-jsx 61ms (cache miss)
968 silly packumentCache full:https://registry.npmjs.org/@babel%2fplugin-transform-react-jsx set size:undefined disposed:false
969 silly fetch manifest @babel/plugin-transform-block-scoping@^7.25.0
970 silly packumentCache full:https://registry.npmjs.org/@babel%2fplugin-transform-block-scoping cache-miss
971 http fetch GET 200 https://registry.npmjs.org/@babel%2fplugin-transform-literals 73ms (cache miss)
972 silly packumentCache full:https://registry.npmjs.org/@babel%2fplugin-transform-literals set size:undefined disposed:false
973 silly fetch manifest @babel/plugin-transform-destructuring@^7.24.8
974 silly packumentCache full:https://registry.npmjs.org/@babel%2fplugin-transform-destructuring cache-miss
975 http fetch GET 200 https://registry.npmjs.org/@babel%2fplugin-transform-spread 89ms (cache miss)
976 silly packumentCache full:https://registry.npmjs.org/@babel%2fplugin-transform-spread set size:undefined disposed:false
977 silly fetch manifest @babel/plugin-transform-function-name@^7.25.1
978 silly packumentCache full:https://registry.npmjs.org/@babel%2fplugin-transform-function-name cache-miss
979 http cache https://registry.npmjs.org/@babel%2fplugin-transform-destructuring 9ms (cache hit)
980 silly packumentCache full:https://registry.npmjs.org/@babel%2fplugin-transform-destructuring set size:297249 disposed:false
981 silly fetch manifest @babel/plugin-transform-unicode-regex@^7.24.7
982 silly packumentCache full:https://registry.npmjs.org/@babel%2fplugin-transform-unicode-regex cache-miss
983 http fetch GET 200 https://registry.npmjs.org/@babel%2fplugin-transform-classes 96ms (cache miss)
984 silly packumentCache full:https://registry.npmjs.org/@babel%2fplugin-transform-classes set size:undefined disposed:false
985 silly fetch manifest @babel/plugin-syntax-optional-chaining@^7.8.3
986 silly packumentCache full:https://registry.npmjs.org/@babel%2fplugin-syntax-optional-chaining cache-miss
987 http fetch GET 200 https://registry.npmjs.org/@babel%2fplugin-syntax-dynamic-import 67ms (cache miss)
988 silly packumentCache full:https://registry.npmjs.org/@babel%2fplugin-syntax-dynamic-import set size:undefined disposed:false
989 silly fetch manifest @babel/plugin-transform-react-jsx-self@^7.24.7
990 silly packumentCache full:https://registry.npmjs.org/@babel%2fplugin-transform-react-jsx-self cache-miss
991 http fetch GET 200 https://registry.npmjs.org/@babel%2fplugin-transform-typescript 88ms (cache miss)
992 silly packumentCache full:https://registry.npmjs.org/@babel%2fplugin-transform-typescript set size:undefined disposed:false
993 silly fetch manifest @babel/plugin-transform-arrow-functions@^7.24.7
994 silly packumentCache full:https://registry.npmjs.org/@babel%2fplugin-transform-arrow-functions cache-miss
995 http fetch GET 200 https://registry.npmjs.org/@babel%2fhelper-plugin-utils 289ms (cache miss)
996 silly packumentCache full:https://registry.npmjs.org/@babel%2fhelper-plugin-utils set size:undefined disposed:false
997 silly fetch manifest @babel/plugin-transform-class-properties@^7.25.4
998 silly packumentCache full:https://registry.npmjs.org/@babel%2fplugin-transform-class-properties cache-miss
999 http fetch GET 200 https://registry.npmjs.org/@babel%2fplugin-transform-regenerator 68ms (cache miss)
1000 silly packumentCache full:https://registry.npmjs.org/@babel%2fplugin-transform-regenerator set size:undefined disposed:false
1001 silly fetch manifest @babel/plugin-transform-react-jsx-source@^7.24.7
1002 silly packumentCache full:https://registry.npmjs.org/@babel%2fplugin-transform-react-jsx-source cache-miss
1003 http fetch GET 200 https://registry.npmjs.org/@babel%2fplugin-transform-sticky-regex 79ms (cache miss)
1004 silly packumentCache full:https://registry.npmjs.org/@babel%2fplugin-transform-sticky-regex set size:undefined disposed:false
1005 silly fetch manifest @babel/plugin-transform-numeric-separator@^7.24.7
1006 silly packumentCache full:https://registry.npmjs.org/@babel%2fplugin-transform-numeric-separator cache-miss
1007 http fetch GET 200 https://registry.npmjs.org/@babel%2fplugin-transform-block-scoping 73ms (cache miss)
1008 silly packumentCache full:https://registry.npmjs.org/@babel%2fplugin-transform-block-scoping set size:undefined disposed:false
1009 silly fetch manifest @babel/plugin-transform-optional-chaining@^7.24.8
1010 silly packumentCache full:https://registry.npmjs.org/@babel%2fplugin-transform-optional-chaining cache-miss
1011 http fetch GET 200 https://registry.npmjs.org/@babel%2fplugin-transform-unicode-regex 61ms (cache miss)
1012 silly packumentCache full:https://registry.npmjs.org/@babel%2fplugin-transform-unicode-regex set size:undefined disposed:false
1013 silly fetch manifest @babel/plugin-transform-async-to-generator@^7.24.7
1014 silly packumentCache full:https://registry.npmjs.org/@babel%2fplugin-transform-async-to-generator cache-miss
1015 http fetch GET 200 https://registry.npmjs.org/@babel%2fplugin-transform-function-name 75ms (cache miss)
1016 silly packumentCache full:https://registry.npmjs.org/@babel%2fplugin-transform-function-name set size:undefined disposed:false
1017 silly fetch manifest @babel/plugin-transform-react-display-name@^7.24.7
1018 silly packumentCache full:https://registry.npmjs.org/@babel%2fplugin-transform-react-display-name cache-miss
1019 http fetch GET 200 https://registry.npmjs.org/@babel%2fplugin-transform-react-pure-annotations 217ms (cache miss)
1020 silly packumentCache full:https://registry.npmjs.org/@babel%2fplugin-transform-react-pure-annotations set size:undefined disposed:false
1021 silly fetch manifest @babel/plugin-transform-computed-properties@^7.24.7
1022 silly packumentCache full:https://registry.npmjs.org/@babel%2fplugin-transform-computed-properties cache-miss
1023 http fetch GET 200 https://registry.npmjs.org/@babel%2fplugin-transform-react-jsx-self 71ms (cache miss)
1024 silly packumentCache full:https://registry.npmjs.org/@babel%2fplugin-transform-react-jsx-self set size:undefined disposed:false
1025 silly fetch manifest @babel/plugin-transform-shorthand-properties@^7.24.7
1026 silly packumentCache full:https://registry.npmjs.org/@babel%2fplugin-transform-shorthand-properties cache-miss
1027 http cache https://registry.npmjs.org/@babel%2fplugin-transform-react-display-name 18ms (cache hit)
1028 silly packumentCache full:https://registry.npmjs.org/@babel%2fplugin-transform-react-display-name set size:214480 disposed:false
1029 silly fetch manifest @babel/plugin-transform-optional-catch-binding@^7.24.7
1030 silly packumentCache full:https://registry.npmjs.org/@babel%2fplugin-transform-optional-catch-binding cache-miss
1031 http fetch GET 200 https://registry.npmjs.org/@babel%2fplugin-transform-class-properties 68ms (cache miss)
1032 silly packumentCache full:https://registry.npmjs.org/@babel%2fplugin-transform-class-properties set size:undefined disposed:false
1033 silly fetch manifest @babel/plugin-syntax-nullish-coalescing-operator@^7.8.3
1034 silly packumentCache full:https://registry.npmjs.org/@babel%2fplugin-syntax-nullish-coalescing-operator cache-miss
1035 http fetch GET 200 https://registry.npmjs.org/@babel%2fplugin-transform-arrow-functions 80ms (cache miss)
1036 silly packumentCache full:https://registry.npmjs.org/@babel%2fplugin-transform-arrow-functions set size:undefined disposed:false
1037 silly fetch manifest @babel/plugin-transform-async-generator-functions@^7.25.4
1038 silly packumentCache full:https://registry.npmjs.org/@babel%2fplugin-transform-async-generator-functions cache-miss
1039 http fetch GET 200 https://registry.npmjs.org/@babel%2fplugin-syntax-optional-chaining 99ms (cache miss)
1040 silly packumentCache full:https://registry.npmjs.org/@babel%2fplugin-syntax-optional-chaining set size:undefined disposed:false
1041 silly fetch manifest @babel/plugin-transform-nullish-coalescing-operator@^7.24.7
1042 silly packumentCache full:https://registry.npmjs.org/@babel%2fplugin-transform-nullish-coalescing-operator cache-miss
1043 http fetch GET 200 https://registry.npmjs.org/@babel%2fplugin-transform-numeric-separator 61ms (cache miss)
1044 silly packumentCache full:https://registry.npmjs.org/@babel%2fplugin-transform-numeric-separator set size:undefined disposed:false
1045 silly fetch manifest @babel/plugin-transform-logical-assignment-operators@^7.24.7
1046 silly packumentCache full:https://registry.npmjs.org/@babel%2fplugin-transform-logical-assignment-operators cache-miss
1047 http fetch GET 200 https://registry.npmjs.org/@babel%2fplugin-transform-optional-chaining 60ms (cache miss)
1048 silly packumentCache full:https://registry.npmjs.org/@babel%2fplugin-transform-optional-chaining set size:undefined disposed:false
1049 silly fetch manifest @babel/plugin-transform-named-capturing-groups-regex@^7.24.7
1050 silly packumentCache full:https://registry.npmjs.org/@babel%2fplugin-transform-named-capturing-groups-regex cache-miss
1051 http fetch GET 200 https://registry.npmjs.org/@react-native%2fbabel-plugin-codegen 182ms (cache miss)
1052 silly packumentCache full:https://registry.npmjs.org/@react-native%2fbabel-plugin-codegen set size:undefined disposed:false
1053 silly fetch manifest hermes-parser@0.32.1
1054 silly packumentCache full:https://registry.npmjs.org/hermes-parser cache-miss
1055 http fetch GET 200 https://registry.npmjs.org/@babel%2fplugin-transform-shorthand-properties 57ms (cache miss)
1056 silly packumentCache full:https://registry.npmjs.org/@babel%2fplugin-transform-shorthand-properties set size:undefined disposed:false
1057 silly fetch manifest @babel/plugin-syntax-flow@^7.12.1
1058 silly packumentCache full:https://registry.npmjs.org/@babel%2fplugin-syntax-flow cache-miss
1059 http cache https://registry.npmjs.org/@babel%2fplugin-syntax-flow 7ms (cache hit)
1060 silly packumentCache full:https://registry.npmjs.org/@babel%2fplugin-syntax-flow set size:196884 disposed:false
1061 http fetch GET 200 https://registry.npmjs.org/@babel%2fplugin-syntax-nullish-coalescing-operator 61ms (cache miss)
1062 silly packumentCache full:https://registry.npmjs.org/@babel%2fplugin-syntax-nullish-coalescing-operator set size:undefined disposed:false
1063 http fetch GET 200 https://registry.npmjs.org/@babel%2fplugin-transform-optional-catch-binding 65ms (cache miss)
1064 silly packumentCache full:https://registry.npmjs.org/@babel%2fplugin-transform-optional-catch-binding set size:undefined disposed:false
1065 http fetch GET 200 https://registry.npmjs.org/@babel%2fplugin-transform-logical-assignment-operators 53ms (cache miss)
1066 silly packumentCache full:https://registry.npmjs.org/@babel%2fplugin-transform-logical-assignment-operators set size:undefined disposed:false
1067 http fetch GET 200 https://registry.npmjs.org/@babel%2fplugin-transform-nullish-coalescing-operator 63ms (cache miss)
1068 silly packumentCache full:https://registry.npmjs.org/@babel%2fplugin-transform-nullish-coalescing-operator set size:undefined disposed:false
1069 http fetch GET 200 https://registry.npmjs.org/@babel%2fplugin-transform-computed-properties 96ms (cache miss)
1070 silly packumentCache full:https://registry.npmjs.org/@babel%2fplugin-transform-computed-properties set size:undefined disposed:false
1071 http fetch GET 200 https://registry.npmjs.org/@babel%2fplugin-transform-named-capturing-groups-regex 62ms (cache miss)
1072 silly packumentCache full:https://registry.npmjs.org/@babel%2fplugin-transform-named-capturing-groups-regex set size:undefined disposed:false
1073 http fetch GET 200 https://registry.npmjs.org/hermes-parser 47ms (cache miss)
1074 silly packumentCache full:https://registry.npmjs.org/hermes-parser set size:undefined disposed:false
1075 http fetch GET 200 https://registry.npmjs.org/@babel%2fplugin-transform-async-generator-functions 80ms (cache miss)
1076 silly packumentCache full:https://registry.npmjs.org/@babel%2fplugin-transform-async-generator-functions set size:undefined disposed:false
1077 http fetch GET 200 https://registry.npmjs.org/@babel%2fplugin-transform-async-to-generator 237ms (cache miss)
1078 silly packumentCache full:https://registry.npmjs.org/@babel%2fplugin-transform-async-to-generator set size:undefined disposed:false
1079 http fetch GET 200 https://registry.npmjs.org/@babel%2fplugin-transform-react-jsx-source 1733ms (cache miss)
1080 silly packumentCache full:https://registry.npmjs.org/@babel%2fplugin-transform-react-jsx-source set size:undefined disposed:false
1081 silly placeDep ROOT @babel/helper-create-class-features-plugin@7.29.7 OK for: @babel/plugin-proposal-decorators@7.29.7 want: ^7.29.7
1082 silly placeDep ROOT @babel/helper-plugin-utils@7.29.7 OK for: @babel/plugin-proposal-decorators@7.29.7 want: ^7.29.7
1083 silly placeDep ROOT @babel/plugin-syntax-decorators@7.29.7 OK for: @babel/plugin-proposal-decorators@7.29.7 want: ^7.29.7
1084 silly fetch manifest @babel/helper-member-expression-to-functions@^7.29.7
1085 silly packumentCache full:https://registry.npmjs.org/@babel%2fhelper-member-expression-to-functions cache-miss
1086 silly fetch manifest @babel/helper-optimise-call-expression@^7.29.7
1087 silly packumentCache full:https://registry.npmjs.org/@babel%2fhelper-optimise-call-expression cache-miss
1088 silly fetch manifest @babel/helper-replace-supers@^7.29.7
1089 silly packumentCache full:https://registry.npmjs.org/@babel%2fhelper-replace-supers cache-miss
1090 silly fetch manifest @babel/helper-skip-transparent-expression-wrappers@^7.29.7
1091 silly packumentCache full:https://registry.npmjs.org/@babel%2fhelper-skip-transparent-expression-wrappers cache-miss
1092 http fetch GET 200 https://registry.npmjs.org/@babel%2fhelper-member-expression-to-functions 59ms (cache miss)
1093 silly packumentCache full:https://registry.npmjs.org/@babel%2fhelper-member-expression-to-functions set size:undefined disposed:false
1094 http fetch GET 200 https://registry.npmjs.org/@babel%2fhelper-skip-transparent-expression-wrappers 61ms (cache miss)
1095 silly packumentCache full:https://registry.npmjs.org/@babel%2fhelper-skip-transparent-expression-wrappers set size:undefined disposed:false
1096 http fetch GET 200 https://registry.npmjs.org/@babel%2fhelper-optimise-call-expression 67ms (cache miss)
1097 silly packumentCache full:https://registry.npmjs.org/@babel%2fhelper-optimise-call-expression set size:undefined disposed:false
1098 http fetch GET 200 https://registry.npmjs.org/@babel%2fhelper-replace-supers 68ms (cache miss)
1099 silly packumentCache full:https://registry.npmjs.org/@babel%2fhelper-replace-supers set size:undefined disposed:false
1100 silly placeDep ROOT @babel/helper-annotate-as-pure@7.29.7 OK for: @babel/helper-create-class-features-plugin@7.29.7 want: ^7.29.7
1101 silly placeDep ROOT @babel/helper-member-expression-to-functions@7.29.7 OK for: @babel/helper-create-class-features-plugin@7.29.7 want: ^7.29.7
1102 silly placeDep ROOT @babel/helper-optimise-call-expression@7.29.7 OK for: @babel/helper-create-class-features-plugin@7.29.7 want: ^7.29.7
1103 silly placeDep ROOT @babel/helper-replace-supers@7.29.7 OK for: @babel/helper-create-class-features-plugin@7.29.7 want: ^7.29.7
1104 silly placeDep ROOT @babel/helper-skip-transparent-expression-wrappers@7.29.7 OK for: @babel/helper-create-class-features-plugin@7.29.7 want: ^7.29.7
1105 silly placeDep ROOT @babel/plugin-syntax-flow@7.29.7 OK for: @babel/plugin-transform-flow-strip-types@7.29.7 want: ^7.29.7
1106 silly placeDep ROOT @babel/plugin-transform-destructuring@7.29.7 OK for: @babel/plugin-transform-object-rest-spread@7.29.7 want: ^7.29.7
1107 silly placeDep ROOT babel-plugin-polyfill-corejs2@0.4.17 OK for: @babel/plugin-transform-runtime@7.29.7 want: ^0.4.14
1108 silly placeDep ROOT babel-plugin-polyfill-corejs3@0.13.0 OK for: @babel/plugin-transform-runtime@7.29.7 want: ^0.13.0
1109 silly placeDep ROOT babel-plugin-polyfill-regenerator@0.6.8 OK for: @babel/plugin-transform-runtime@7.29.7 want: ^0.6.5
1110 silly fetch manifest @babel/helper-define-polyfill-provider@^0.6.8
1111 silly packumentCache full:https://registry.npmjs.org/@babel%2fhelper-define-polyfill-provider cache-miss
1112 silly fetch manifest core-js-compat@^3.43.0
1113 silly packumentCache full:https://registry.npmjs.org/core-js-compat cache-miss
1114 silly fetch manifest @babel/helper-define-polyfill-provider@^0.6.5
1115 silly packumentCache full:https://registry.npmjs.org/@babel%2fhelper-define-polyfill-provider cache-miss
1116 silly fetch manifest @babel/helper-define-polyfill-provider@^0.6.8
1117 silly packumentCache full:https://registry.npmjs.org/@babel%2fhelper-define-polyfill-provider cache-miss
1118 http fetch GET 200 https://registry.npmjs.org/@babel%2fhelper-define-polyfill-provider 61ms (cache miss)
1119 silly packumentCache full:https://registry.npmjs.org/@babel%2fhelper-define-polyfill-provider set size:undefined disposed:false
1120 http fetch GET 200 https://registry.npmjs.org/@babel%2fhelper-define-polyfill-provider 62ms (cache miss)
1121 silly packumentCache full:https://registry.npmjs.org/@babel%2fhelper-define-polyfill-provider set size:undefined disposed:false
1122 http fetch GET 200 https://registry.npmjs.org/@babel%2fhelper-define-polyfill-provider 71ms (cache miss)
1123 silly packumentCache full:https://registry.npmjs.org/@babel%2fhelper-define-polyfill-provider set size:undefined disposed:false
1124 http fetch GET 200 https://registry.npmjs.org/core-js-compat 73ms (cache miss)
1125 silly packumentCache full:https://registry.npmjs.org/core-js-compat set size:undefined disposed:false
1126 silly placeDep ROOT @babel/plugin-transform-react-display-name@7.29.7 OK for: @babel/preset-react@7.29.7 want: ^7.29.7
1127 silly placeDep ROOT @babel/plugin-transform-react-jsx@7.29.7 OK for: @babel/preset-react@7.29.7 want: ^7.29.7
1128 silly placeDep ROOT @babel/plugin-transform-react-jsx-development@7.29.7 OK for: @babel/preset-react@7.29.7 want: ^7.29.7
1129 silly placeDep ROOT @babel/plugin-transform-react-pure-annotations@7.29.7 OK for: @babel/preset-react@7.29.7 want: ^7.29.7
1130 silly placeDep ROOT @babel/plugin-syntax-jsx@7.29.7 OK for: @babel/plugin-transform-react-jsx@7.29.7 want: ^7.29.7
1131 silly placeDep ROOT @babel/plugin-transform-typescript@7.29.7 OK for: @babel/preset-typescript@7.29.7 want: ^7.29.7
1132 silly fetch manifest @babel/plugin-syntax-typescript@^7.29.7
1133 silly packumentCache full:https://registry.npmjs.org/@babel%2fplugin-syntax-typescript cache-miss
1134 http fetch GET 200 https://registry.npmjs.org/@babel%2fplugin-syntax-typescript 59ms (cache miss)
1135 silly packumentCache full:https://registry.npmjs.org/@babel%2fplugin-syntax-typescript set size:undefined disposed:false
1136 silly placeDep ROOT @babel/plugin-syntax-typescript@7.29.7 OK for: @babel/plugin-transform-typescript@7.29.7 want: ^7.29.7
1137 silly placeDep ROOT @babel/plugin-syntax-dynamic-import@7.8.3 OK for: @react-native/babel-preset@0.83.6 want: ^7.8.3
1138 silly placeDep ROOT @babel/plugin-syntax-nullish-coalescing-operator@7.8.3 OK for: @react-native/babel-preset@0.83.6 want: ^7.8.3
1139 silly placeDep ROOT @babel/plugin-syntax-optional-chaining@7.8.3 OK for: @react-native/babel-preset@0.83.6 want: ^7.8.3
1140 silly placeDep ROOT @babel/plugin-transform-arrow-functions@7.29.7 OK for: @react-native/babel-preset@0.83.6 want: ^7.24.7
1141 silly placeDep ROOT @babel/plugin-transform-async-generator-functions@7.29.7 OK for: @react-native/babel-preset@0.83.6 want: ^7.25.4
1142 silly placeDep ROOT @babel/plugin-transform-async-to-generator@7.29.7 OK for: @react-native/babel-preset@0.83.6 want: ^7.24.7
1143 silly placeDep ROOT @babel/plugin-transform-block-scoping@7.29.7 OK for: @react-native/babel-preset@0.83.6 want: ^7.25.0
1144 silly placeDep ROOT @babel/plugin-transform-class-properties@7.29.7 OK for: @react-native/babel-preset@0.83.6 want: ^7.25.4
1145 silly placeDep ROOT @babel/plugin-transform-classes@7.29.7 OK for: @react-native/babel-preset@0.83.6 want: ^7.25.4
1146 silly placeDep ROOT @babel/plugin-transform-computed-properties@7.29.7 OK for: @react-native/babel-preset@0.83.6 want: ^7.24.7
1147 silly placeDep ROOT @babel/plugin-transform-for-of@7.29.7 OK for: @react-native/babel-preset@0.83.6 want: ^7.24.7
1148 silly placeDep ROOT @babel/plugin-transform-function-name@7.29.7 OK for: @react-native/babel-preset@0.83.6 want: ^7.25.1
1149 silly placeDep ROOT @babel/plugin-transform-literals@7.29.7 OK for: @react-native/babel-preset@0.83.6 want: ^7.25.2
1150 silly placeDep ROOT @babel/plugin-transform-logical-assignment-operators@7.29.7 OK for: @react-native/babel-preset@0.83.6 want: ^7.24.7
1151 silly placeDep ROOT @babel/plugin-transform-named-capturing-groups-regex@7.29.7 OK for: @react-native/babel-preset@0.83.6 want: ^7.24.7
1152 silly placeDep ROOT @babel/plugin-transform-nullish-coalescing-operator@7.29.7 OK for: @react-native/babel-preset@0.83.6 want: ^7.24.7
1153 silly placeDep ROOT @babel/plugin-transform-numeric-separator@7.29.7 OK for: @react-native/babel-preset@0.83.6 want: ^7.24.7
1154 silly placeDep ROOT @babel/plugin-transform-optional-catch-binding@7.29.7 OK for: @react-native/babel-preset@0.83.6 want: ^7.24.7
1155 silly placeDep ROOT @babel/plugin-transform-optional-chaining@7.29.7 OK for: @react-native/babel-preset@0.83.6 want: ^7.24.8
1156 silly placeDep ROOT @babel/plugin-transform-react-jsx-self@7.29.7 OK for: @react-native/babel-preset@0.83.6 want: ^7.24.7
1157 silly placeDep ROOT @babel/plugin-transform-react-jsx-source@7.29.7 OK for: @react-native/babel-preset@0.83.6 want: ^7.24.7
1158 silly placeDep ROOT @babel/plugin-transform-regenerator@7.29.7 OK for: @react-native/babel-preset@0.83.6 want: ^7.24.7
1159 silly placeDep ROOT @babel/plugin-transform-shorthand-properties@7.29.7 OK for: @react-native/babel-preset@0.83.6 want: ^7.24.7
1160 silly placeDep ROOT @babel/plugin-transform-spread@7.29.7 OK for: @react-native/babel-preset@0.83.6 want: ^7.24.7
1161 silly placeDep ROOT @babel/plugin-transform-sticky-regex@7.29.7 OK for: @react-native/babel-preset@0.83.6 want: ^7.24.7
1162 silly placeDep ROOT @babel/plugin-transform-unicode-regex@7.29.7 OK for: @react-native/babel-preset@0.83.6 want: ^7.24.7
1163 silly placeDep ROOT @react-native/babel-plugin-codegen@0.83.6 OK for: @react-native/babel-preset@0.83.6 want: 0.83.6
1164 silly placeDep node_modules/@react-native/babel-preset babel-plugin-syntax-hermes-parser@0.32.0 OK for: @react-native/babel-preset@0.83.6 want: 0.32.0
1165 silly placeDep node_modules/@react-native/babel-preset react-refresh@0.14.2 OK for: @react-native/babel-preset@0.83.6 want: ^0.14.0
1166 silly fetch manifest @babel/helper-remap-async-to-generator@^7.29.7
1167 silly packumentCache full:https://registry.npmjs.org/@babel%2fhelper-remap-async-to-generator cache-miss
1168 silly fetch manifest @babel/helper-remap-async-to-generator@^7.29.7
1169 silly packumentCache full:https://registry.npmjs.org/@babel%2fhelper-remap-async-to-generator cache-miss
1170 silly fetch manifest @babel/helper-create-regexp-features-plugin@^7.29.7
1171 silly packumentCache full:https://registry.npmjs.org/@babel%2fhelper-create-regexp-features-plugin cache-miss
1172 silly fetch manifest @babel/helper-create-regexp-features-plugin@^7.29.7
1173 silly packumentCache full:https://registry.npmjs.org/@babel%2fhelper-create-regexp-features-plugin cache-miss
1174 silly fetch manifest @react-native/codegen@0.83.6
1175 silly packumentCache full:https://registry.npmjs.org/@react-native%2fcodegen cache-miss
1176 silly fetch manifest hermes-parser@0.32.0
1177 silly packumentCache full:https://registry.npmjs.org/hermes-parser cache-miss
1178 http cache https://registry.npmjs.org/hermes-parser 9ms (cache hit)
1179 silly packumentCache full:https://registry.npmjs.org/hermes-parser set size:170002 disposed:false
1180 http cache https://registry.npmjs.org/@react-native%2fcodegen 14ms (cache hit)
1181 silly packumentCache full:https://registry.npmjs.org/@react-native%2fcodegen set size:2870646 disposed:false
1182 http fetch GET 200 https://registry.npmjs.org/@babel%2fhelper-create-regexp-features-plugin 49ms (cache miss)
1183 silly packumentCache full:https://registry.npmjs.org/@babel%2fhelper-create-regexp-features-plugin set size:undefined disposed:false
1184 http fetch GET 200 https://registry.npmjs.org/@babel%2fhelper-remap-async-to-generator 54ms (cache miss)
1185 silly packumentCache full:https://registry.npmjs.org/@babel%2fhelper-remap-async-to-generator set size:undefined disposed:false
1186 http fetch GET 200 https://registry.npmjs.org/@babel%2fhelper-create-regexp-features-plugin 58ms (cache miss)
1187 silly packumentCache full:https://registry.npmjs.org/@babel%2fhelper-create-regexp-features-plugin set size:undefined disposed:false
1188 http fetch GET 200 https://registry.npmjs.org/@babel%2fhelper-remap-async-to-generator 299ms (cache miss)
1189 silly packumentCache full:https://registry.npmjs.org/@babel%2fhelper-remap-async-to-generator set size:undefined disposed:false
1190 silly placeDep ROOT @babel/helper-remap-async-to-generator@7.29.7 OK for: @babel/plugin-transform-async-generator-functions@7.29.7 want: ^7.29.7
1191 silly fetch manifest @babel/helper-wrap-function@^7.29.7
1192 silly packumentCache full:https://registry.npmjs.org/@babel%2fhelper-wrap-function cache-miss
1193 http fetch GET 200 https://registry.npmjs.org/@babel%2fhelper-wrap-function 62ms (cache miss)
1194 silly packumentCache full:https://registry.npmjs.org/@babel%2fhelper-wrap-function set size:undefined disposed:false
1195 silly placeDep ROOT @babel/helper-wrap-function@7.29.7 OK for: @babel/helper-remap-async-to-generator@7.29.7 want: ^7.29.7
1196 silly placeDep ROOT @babel/helper-create-regexp-features-plugin@7.29.7 OK for: @babel/plugin-transform-named-capturing-groups-regex@7.29.7 want: ^7.29.7
1197 silly fetch manifest regexpu-core@^6.3.1
1198 silly packumentCache full:https://registry.npmjs.org/regexpu-core cache-miss
1199 http fetch GET 200 https://registry.npmjs.org/regexpu-core 37ms (cache miss)
1200 silly packumentCache full:https://registry.npmjs.org/regexpu-core set size:undefined disposed:false
1201 silly placeDep ROOT regexpu-core@6.4.0 OK for: @babel/helper-create-regexp-features-plugin@7.29.7 want: ^6.3.1
1202 silly fetch manifest regenerate@^1.4.2
1203 silly packumentCache full:https://registry.npmjs.org/regenerate cache-miss
1204 silly fetch manifest regenerate-unicode-properties@^10.2.2
1205 silly packumentCache full:https://registry.npmjs.org/regenerate-unicode-properties cache-miss
1206 silly fetch manifest regjsgen@^0.8.0
1207 silly packumentCache full:https://registry.npmjs.org/regjsgen cache-miss
1208 silly fetch manifest regjsparser@^0.13.0
1209 silly packumentCache full:https://registry.npmjs.org/regjsparser cache-miss
1210 silly fetch manifest unicode-match-property-ecmascript@^2.0.0
1211 silly packumentCache full:https://registry.npmjs.org/unicode-match-property-ecmascript cache-miss
1212 silly fetch manifest unicode-match-property-value-ecmascript@^2.2.1
1213 silly packumentCache full:https://registry.npmjs.org/unicode-match-property-value-ecmascript cache-miss
1214 http fetch GET 200 https://registry.npmjs.org/regjsgen 34ms (cache miss)
1215 silly packumentCache full:https://registry.npmjs.org/regjsgen set size:undefined disposed:false
1216 http fetch GET 200 https://registry.npmjs.org/unicode-match-property-value-ecmascript 47ms (cache miss)
1217 silly packumentCache full:https://registry.npmjs.org/unicode-match-property-value-ecmascript set size:undefined disposed:false
1218 http fetch GET 200 https://registry.npmjs.org/regjsparser 49ms (cache miss)
1219 silly packumentCache full:https://registry.npmjs.org/regjsparser set size:undefined disposed:false
1220 http fetch GET 200 https://registry.npmjs.org/regenerate 52ms (cache miss)
1221 silly packumentCache full:https://registry.npmjs.org/regenerate set size:undefined disposed:false
1222 http fetch GET 200 https://registry.npmjs.org/regenerate-unicode-properties 52ms (cache miss)
1223 silly packumentCache full:https://registry.npmjs.org/regenerate-unicode-properties set size:undefined disposed:false
1224 http fetch GET 200 https://registry.npmjs.org/unicode-match-property-ecmascript 54ms (cache miss)
1225 silly packumentCache full:https://registry.npmjs.org/unicode-match-property-ecmascript set size:undefined disposed:false
1226 silly placeDep ROOT @react-native/codegen@0.83.6 OK for: @react-native/babel-plugin-codegen@0.83.6 want: 0.83.6
1227 silly placeDep ROOT glob@7.2.3 OK for: @react-native/codegen@0.83.6 want: ^7.1.1
1228 silly placeDep ROOT hermes-parser@0.32.0 OK for: @react-native/codegen@0.83.6 want: 0.32.0
1229 silly placeDep ROOT invariant@2.2.4 OK for: @react-native/codegen@0.83.6 want: ^2.2.4
1230 silly placeDep ROOT nullthrows@1.1.1 OK for: @react-native/codegen@0.83.6 want: ^1.1.1
1231 silly placeDep ROOT yargs@17.7.2 OK for: @react-native/codegen@0.83.6 want: ^17.6.2
1232 silly fetch manifest once@^1.3.0
1233 silly packumentCache full:https://registry.npmjs.org/once cache-miss
1234 silly fetch manifest inflight@^1.0.4
1235 silly packumentCache full:https://registry.npmjs.org/inflight cache-miss
1236 silly fetch manifest inherits@2
1237 silly packumentCache full:https://registry.npmjs.org/inherits cache-miss
1238 silly fetch manifest minimatch@^3.1.1
1239 silly packumentCache full:https://registry.npmjs.org/minimatch cache-miss
1240 silly fetch manifest fs.realpath@^1.0.0
1241 silly packumentCache full:https://registry.npmjs.org/fs.realpath cache-miss
1242 silly fetch manifest path-is-absolute@^1.0.0
1243 silly packumentCache full:https://registry.npmjs.org/path-is-absolute cache-miss
1244 silly fetch manifest hermes-estree@0.32.0
1245 silly packumentCache full:https://registry.npmjs.org/hermes-estree cache-miss
1246 silly fetch manifest loose-envify@^1.0.0
1247 silly packumentCache full:https://registry.npmjs.org/loose-envify cache-miss
1248 silly fetch manifest y18n@^5.0.5
1249 silly packumentCache full:https://registry.npmjs.org/y18n cache-miss
1250 silly fetch manifest cliui@^8.0.1
1251 silly packumentCache full:https://registry.npmjs.org/cliui cache-miss
1252 silly fetch manifest escalade@^3.1.1
1253 silly packumentCache full:https://registry.npmjs.org/escalade cache-miss
1254 http fetch GET 200 https://registry.npmjs.org/once 36ms (cache miss)
1255 silly packumentCache full:https://registry.npmjs.org/once set size:undefined disposed:false
1256 silly fetch manifest string-width@^4.2.3
1257 silly packumentCache full:https://registry.npmjs.org/string-width cache-miss
1258 http fetch GET 200 https://registry.npmjs.org/fs.realpath 37ms (cache miss)
1259 silly packumentCache full:https://registry.npmjs.org/fs.realpath set size:undefined disposed:false
1260 silly fetch manifest yargs-parser@^21.1.1
1261 silly packumentCache full:https://registry.npmjs.org/yargs-parser cache-miss
1262 http fetch GET 200 https://registry.npmjs.org/loose-envify 39ms (cache miss)
1263 silly packumentCache full:https://registry.npmjs.org/loose-envify set size:undefined disposed:false
1264 silly fetch manifest get-caller-file@^2.0.5
1265 silly packumentCache full:https://registry.npmjs.org/get-caller-file cache-miss
1266 http fetch GET 200 https://registry.npmjs.org/inflight 45ms (cache miss)
1267 silly packumentCache full:https://registry.npmjs.org/inflight set size:undefined disposed:false
1268 silly fetch manifest require-directory@^2.1.1
1269 silly packumentCache full:https://registry.npmjs.org/require-directory cache-miss
1270 http fetch GET 200 https://registry.npmjs.org/hermes-estree 52ms (cache miss)
1271 silly packumentCache full:https://registry.npmjs.org/hermes-estree set size:undefined disposed:false
1272 http fetch GET 200 https://registry.npmjs.org/inherits 54ms (cache miss)
1273 silly packumentCache full:https://registry.npmjs.org/inherits set size:undefined disposed:false
1274 http fetch GET 200 https://registry.npmjs.org/escalade 54ms (cache miss)
1275 silly packumentCache full:https://registry.npmjs.org/escalade set size:undefined disposed:false
1276 http fetch GET 200 https://registry.npmjs.org/y18n 57ms (cache miss)
1277 silly packumentCache full:https://registry.npmjs.org/y18n set size:undefined disposed:false
1278 http fetch GET 200 https://registry.npmjs.org/path-is-absolute 67ms (cache miss)
1279 silly packumentCache full:https://registry.npmjs.org/path-is-absolute set size:undefined disposed:false
1280 http fetch GET 200 https://registry.npmjs.org/minimatch 69ms (cache miss)
1281 silly packumentCache full:https://registry.npmjs.org/minimatch set size:undefined disposed:false
1282 http fetch GET 200 https://registry.npmjs.org/cliui 72ms (cache miss)
1283 silly packumentCache full:https://registry.npmjs.org/cliui set size:undefined disposed:false
1284 http fetch GET 200 https://registry.npmjs.org/string-width 40ms (cache miss)
1285 silly packumentCache full:https://registry.npmjs.org/string-width set size:undefined disposed:false
1286 http fetch GET 200 https://registry.npmjs.org/get-caller-file 41ms (cache miss)
1287 silly packumentCache full:https://registry.npmjs.org/get-caller-file set size:undefined disposed:false
1288 http fetch GET 200 https://registry.npmjs.org/require-directory 37ms (cache miss)
1289 silly packumentCache full:https://registry.npmjs.org/require-directory set size:undefined disposed:false
1290 http fetch GET 200 https://registry.npmjs.org/yargs-parser 47ms (cache miss)
1291 silly packumentCache full:https://registry.npmjs.org/yargs-parser set size:undefined disposed:false
1292 silly fetch manifest @babel/core@^7.4.0 || ^8.0.0-0 <8.0.0
1293 silly packumentCache full:https://registry.npmjs.org/@babel%2fcore cache-hit
1294 silly placeDep ROOT @babel/helper-define-polyfill-provider@0.6.8 OK for: babel-plugin-polyfill-corejs2@0.4.17 want: ^0.6.8
1295 silly fetch manifest resolve@^1.22.11
1296 silly packumentCache full:https://registry.npmjs.org/resolve cache-miss
1297 silly fetch manifest lodash.debounce@^4.0.8
1298 silly packumentCache full:https://registry.npmjs.org/lodash.debounce cache-miss
1299 http fetch GET 200 https://registry.npmjs.org/lodash.debounce 39ms (cache miss)
1300 silly packumentCache full:https://registry.npmjs.org/lodash.debounce set size:undefined disposed:false
1301 http fetch GET 200 https://registry.npmjs.org/resolve 42ms (cache miss)
1302 silly packumentCache full:https://registry.npmjs.org/resolve set size:undefined disposed:false
1303 silly placeDep ROOT lodash.debounce@4.0.8 OK for: @babel/helper-define-polyfill-provider@0.6.8 want: ^4.0.8
1304 silly placeDep ROOT resolve@1.22.12 OK for: @babel/helper-define-polyfill-provider@0.6.8 want: ^1.22.11
1305 silly fetch manifest es-errors@^1.3.0
1306 silly packumentCache full:https://registry.npmjs.org/es-errors cache-miss
1307 silly fetch manifest path-parse@^1.0.7
1308 silly packumentCache full:https://registry.npmjs.org/path-parse cache-miss
1309 silly fetch manifest is-core-module@^2.16.1
1310 silly packumentCache full:https://registry.npmjs.org/is-core-module cache-miss
1311 silly fetch manifest supports-preserve-symlinks-flag@^1.0.0
1312 silly packumentCache full:https://registry.npmjs.org/supports-preserve-symlinks-flag cache-miss
1313 http fetch GET 200 https://registry.npmjs.org/supports-preserve-symlinks-flag 33ms (cache miss)
1314 silly packumentCache full:https://registry.npmjs.org/supports-preserve-symlinks-flag set size:undefined disposed:false
1315 http fetch GET 200 https://registry.npmjs.org/path-parse 37ms (cache miss)
1316 silly packumentCache full:https://registry.npmjs.org/path-parse set size:undefined disposed:false
1317 http fetch GET 200 https://registry.npmjs.org/es-errors 38ms (cache miss)
1318 silly packumentCache full:https://registry.npmjs.org/es-errors set size:undefined disposed:false
1319 http fetch GET 200 https://registry.npmjs.org/is-core-module 45ms (cache miss)
1320 silly packumentCache full:https://registry.npmjs.org/is-core-module set size:undefined disposed:false
1321 silly placeDep ROOT core-js-compat@3.49.0 OK for: babel-plugin-polyfill-corejs3@0.13.0 want: ^3.43.0
1322 silly placeDep node_modules/babel-plugin-syntax-hermes-parser hermes-parser@0.32.1 OK for: babel-plugin-syntax-hermes-parser@0.32.1 want: 0.32.1
1323 silly fetch manifest hermes-estree@0.32.1
1324 silly packumentCache full:https://registry.npmjs.org/hermes-estree cache-miss
1325 http cache https://registry.npmjs.org/hermes-estree 4ms (cache hit)
1326 silly packumentCache full:https://registry.npmjs.org/hermes-estree set size:130205 disposed:false
1327 silly fetch manifest browserslist@>= 4.21.0
1328 silly packumentCache full:https://registry.npmjs.org/browserslist cache-miss
1329 http cache https://registry.npmjs.org/browserslist 4ms (cache hit)
1330 silly packumentCache full:https://registry.npmjs.org/browserslist set size:504681 disposed:false
1331 silly placeDep ROOT baseline-browser-mapping@2.10.36 OK for: browserslist@4.28.2 want: ^2.10.12
1332 silly placeDep ROOT caniuse-lite@1.0.30001799 OK for: browserslist@4.28.2 want: ^1.0.30001782
1333 silly placeDep ROOT electron-to-chromium@1.5.371 OK for: browserslist@4.28.2 want: ^1.5.328
1334 silly placeDep ROOT node-releases@2.0.47 OK for: browserslist@4.28.2 want: ^2.0.36
1335 silly placeDep ROOT update-browserslist-db@1.2.3 OK for: browserslist@4.28.2 want: ^1.2.3
1336 silly fetch manifest escalade@^3.2.0
1337 silly packumentCache full:https://registry.npmjs.org/escalade cache-miss
1338 http cache https://registry.npmjs.org/escalade 4ms (cache hit)
1339 silly packumentCache full:https://registry.npmjs.org/escalade set size:33724 disposed:false
1340 silly placeDep ROOT color-convert@2.0.1 OK for: color@4.2.3 want: ^2.0.1
1341 silly placeDep ROOT color-string@1.9.1 OK for: color@4.2.3 want: ^1.9.0
1342 silly fetch manifest color-name@~1.1.4
1343 silly packumentCache full:https://registry.npmjs.org/color-name cache-miss
1344 silly fetch manifest color-name@^1.0.0
1345 silly packumentCache full:https://registry.npmjs.org/color-name cache-miss
1346 silly fetch manifest simple-swizzle@^0.2.2
1347 silly packumentCache full:https://registry.npmjs.org/simple-swizzle cache-miss
1348 http fetch GET 200 https://registry.npmjs.org/simple-swizzle 38ms (cache miss)
1349 silly packumentCache full:https://registry.npmjs.org/simple-swizzle set size:undefined disposed:false
1350 http fetch GET 200 https://registry.npmjs.org/color-name 39ms (cache miss)
1351 silly packumentCache full:https://registry.npmjs.org/color-name set size:undefined disposed:false
1352 http fetch GET 200 https://registry.npmjs.org/color-name 41ms (cache miss)
1353 silly packumentCache full:https://registry.npmjs.org/color-name set size:undefined disposed:false
1354 silly placeDep ROOT color-name@1.1.4 OK for: color-convert@2.0.1 want: ~1.1.4
1355 silly placeDep ROOT simple-swizzle@0.2.4 OK for: color-string@1.9.1 want: ^0.2.2
1356 silly fetch manifest is-arrayish@^0.3.1
1357 silly packumentCache full:https://registry.npmjs.org/is-arrayish cache-miss
1358 http fetch GET 200 https://registry.npmjs.org/is-arrayish 29ms (cache miss)
1359 silly packumentCache full:https://registry.npmjs.org/is-arrayish set size:undefined disposed:false
1360 silly placeDep ROOT ms@2.1.3 OK for: debug@4.4.3 want: ^2.1.3
1361 silly fetch manifest expo@*
1362 silly packumentCache full:https://registry.npmjs.org/expo cache-miss
1363 http cache https://registry.npmjs.org/expo 11ms (cache hit)
1364 silly packumentCache full:https://registry.npmjs.org/expo set size:3838133 disposed:false
1365 silly fetch manifest react-native-web@*
1366 silly packumentCache full:https://registry.npmjs.org/react-native-web cache-miss
1367 http fetch GET 200 https://registry.npmjs.org/react-native-web 81ms (cache miss)
1368 silly packumentCache full:https://registry.npmjs.org/react-native-web set size:undefined disposed:false
1369 silly fetch manifest expo-router@*
1370 silly packumentCache full:https://registry.npmjs.org/expo-router cache-miss
1371 http fetch GET 200 https://registry.npmjs.org/expo-router 96ms (cache miss)
1372 silly packumentCache full:https://registry.npmjs.org/expo-router set size:undefined disposed:false
1373 silly fetch manifest @testing-library/react-native@>= 13.2.0
1374 silly packumentCache full:https://registry.npmjs.org/@testing-library%2freact-native cache-miss
1375 http fetch GET 200 https://registry.npmjs.org/@testing-library%2freact-native 73ms (cache miss)
1376 silly packumentCache full:https://registry.npmjs.org/@testing-library%2freact-native set size:undefined disposed:false
1377 silly fetch manifest jest@>=29.0.0
1378 silly packumentCache full:https://registry.npmjs.org/jest cache-miss
1379 http fetch GET 200 https://registry.npmjs.org/jest 76ms (cache miss)
1380 silly packumentCache full:https://registry.npmjs.org/jest set size:undefined disposed:false
1381 silly fetch manifest node-notifier@^8.0.1 || ^9.0.0 || ^10.0.0
1382 silly packumentCache full:https://registry.npmjs.org/node-notifier cache-miss
1383 http fetch GET 200 https://registry.npmjs.org/node-notifier 46ms (cache miss)
1384 silly packumentCache full:https://registry.npmjs.org/node-notifier set size:undefined disposed:false
1385 silly fetch manifest test-renderer@^1.0.0
1386 silly packumentCache full:https://registry.npmjs.org/test-renderer cache-miss
1387 http fetch GET 200 https://registry.npmjs.org/test-renderer 253ms (cache miss)
1388 silly packumentCache full:https://registry.npmjs.org/test-renderer set size:undefined disposed:false
1389 silly fetch manifest expo-constants@^56.0.18
1390 silly packumentCache full:https://registry.npmjs.org/expo-constants cache-miss
1391 http cache https://registry.npmjs.org/expo-constants 17ms (cache hit)
1392 silly packumentCache full:https://registry.npmjs.org/expo-constants set size:1091405 disposed:false
1393 silly fetch manifest expo-linking@^56.0.14
1394 silly packumentCache full:https://registry.npmjs.org/expo-linking cache-miss
1395 http fetch GET 200 https://registry.npmjs.org/expo-linking 61ms (cache miss)
1396 silly packumentCache full:https://registry.npmjs.org/expo-linking set size:undefined disposed:false
1397 silly fetch manifest react-native-gesture-handler@*
1398 silly packumentCache full:https://registry.npmjs.org/react-native-gesture-handler cache-miss
1399 http fetch GET 200 https://registry.npmjs.org/react-native-gesture-handler 56ms (cache miss)
1400 silly packumentCache full:https://registry.npmjs.org/react-native-gesture-handler set size:undefined disposed:false
1401 silly fetch manifest react-native-reanimated@*
1402 silly packumentCache full:https://registry.npmjs.org/react-native-reanimated cache-miss
1403 http fetch GET 200 https://registry.npmjs.org/react-native-reanimated 160ms (cache miss)
1404 silly packumentCache full:https://registry.npmjs.org/react-native-reanimated set size:undefined disposed:false
1405 silly fetch manifest react-native-worklets@0.9.x
1406 silly packumentCache full:https://registry.npmjs.org/react-native-worklets cache-miss
1407 http fetch GET 200 https://registry.npmjs.org/react-native-worklets 100ms (cache miss)
1408 silly packumentCache full:https://registry.npmjs.org/react-native-worklets set size:undefined disposed:false
1409 silly fetch manifest @babel/core@*
1410 silly packumentCache full:https://registry.npmjs.org/@babel%2fcore cache-hit
1411 silly fetch manifest @react-native/metro-config@*
1412 silly packumentCache full:https://registry.npmjs.org/@react-native%2fmetro-config cache-miss
1413 http fetch GET 200 https://registry.npmjs.org/@react-native%2fmetro-config 161ms (cache miss)
1414 silly packumentCache full:https://registry.npmjs.org/@react-native%2fmetro-config set size:undefined disposed:false
1415 silly fetch manifest react-native-safe-area-context@>= 5.4.0
1416 silly packumentCache full:https://registry.npmjs.org/react-native-safe-area-context cache-hit
1417 silly fetch manifest react-server-dom-webpack@~19.0.4 || ~19.1.5 || ~19.2.4
1418 silly packumentCache full:https://registry.npmjs.org/react-server-dom-webpack cache-miss
1419 http fetch GET 200 https://registry.npmjs.org/react-server-dom-webpack 205ms (cache miss)
1420 silly packumentCache full:https://registry.npmjs.org/react-server-dom-webpack set size:undefined disposed:false
1421 silly fetch manifest webpack@^5.59.0
1422 silly packumentCache full:https://registry.npmjs.org/webpack cache-miss
1423 http fetch GET 200 https://registry.npmjs.org/webpack 140ms (cache miss)
1424 silly packumentCache full:https://registry.npmjs.org/webpack set size:undefined disposed:false
1425 silly placeDep ROOT @babel/runtime@7.29.7 OK for: expo@54.0.35 want: ^7.20.0
1426 silly placeDep node_modules/expo @expo/cli@54.0.25 CONFLICT for: expo@54.0.35 want: 54.0.25
1427 silly placeDep ROOT @expo/config@12.0.13 OK for: expo@54.0.35 want: ~12.0.13
1428 silly placeDep ROOT @expo/config-plugins@54.0.4 OK for: expo@54.0.35 want: ~54.0.4
1429 silly placeDep ROOT @expo/devtools@0.1.8 OK for: expo@54.0.35 want: 0.1.8
1430 silly placeDep ROOT @expo/fingerprint@0.15.5 OK for: expo@54.0.35 want: 0.15.5
1431 silly placeDep ROOT @expo/metro@54.2.0 OK for: expo@54.0.35 want: ~54.2.0
1432 silly placeDep node_modules/expo @expo/metro-config@54.0.16 CONFLICT for: expo@54.0.35 want: 54.0.16
1433 silly placeDep ROOT @ungap/structured-clone@1.3.1 OK for: expo@54.0.35 want: ^1.3.0
1434 silly placeDep node_modules/expo babel-preset-expo@54.0.11 CONFLICT for: expo@54.0.35 want: ~54.0.11
1435 silly placeDep node_modules/expo expo-file-system@19.0.23 CONFLICT for: expo@54.0.35 want: ~19.0.23
1436 silly placeDep node_modules/expo expo-keep-awake@15.0.8 CONFLICT for: expo@54.0.35 want: ~15.0.8
1437 silly placeDep ROOT expo-modules-autolinking@3.0.26 OK for: expo@54.0.35 want: 3.0.26
1438 silly placeDep ROOT pretty-format@29.7.0 OK for: expo@54.0.35 want: ^29.7.0
1439 silly placeDep node_modules/expo react-refresh@0.14.2 OK for: expo@54.0.35 want: ^0.14.2
1440 silly placeDep ROOT whatwg-url-without-unicode@8.0.0-3 OK for: expo@54.0.35 want: 8.0.0-3
1441 silly fetch manifest ws@^8.12.1
1442 silly packumentCache full:https://registry.npmjs.org/ws cache-miss
1443 silly fetch manifest arg@^5.0.2
1444 silly packumentCache full:https://registry.npmjs.org/arg cache-miss
1445 silly fetch manifest ora@^3.4.0
1446 silly packumentCache full:https://registry.npmjs.org/ora cache-miss
1447 silly fetch manifest tar@^7.5.2
1448 silly packumentCache full:https://registry.npmjs.org/tar cache-miss
1449 silly fetch manifest glob@^13.0.0
1450 silly packumentCache full:https://registry.npmjs.org/glob cache-miss
1451 silly fetch manifest send@^0.19.0
1452 silly packumentCache full:https://registry.npmjs.org/send cache-miss
1453 silly fetch manifest chalk@^4.0.0
1454 silly packumentCache full:https://registry.npmjs.org/chalk cache-miss
1455 silly fetch manifest getenv@^2.0.0
1456 silly packumentCache full:https://registry.npmjs.org/getenv cache-miss
1457 silly fetch manifest semver@^7.6.0
1458 silly packumentCache full:https://registry.npmjs.org/semver cache-hit
1459 silly fetch manifest undici@^6.18.2
1460 silly packumentCache full:https://registry.npmjs.org/undici cache-miss
1461 silly fetch manifest accepts@^1.3.8
1462 silly packumentCache full:https://registry.npmjs.org/accepts cache-miss
1463 silly fetch manifest ci-info@^3.3.0
1464 silly packumentCache full:https://registry.npmjs.org/ci-info cache-miss
1465 http cache https://registry.npmjs.org/glob 13ms (cache hit)
1466 silly packumentCache full:https://registry.npmjs.org/glob set size:469465 disposed:false
1467 silly fetch manifest connect@^3.7.0
1468 silly packumentCache full:https://registry.npmjs.org/connect cache-miss
1469 http cache https://registry.npmjs.org/ws 19ms (cache hit)
1470 silly packumentCache full:https://registry.npmjs.org/ws set size:427091 disposed:false
1471 silly fetch manifest prompts@^2.3.2
1472 silly packumentCache full:https://registry.npmjs.org/prompts cache-miss
1473 http fetch GET 200 https://registry.npmjs.org/getenv 35ms (cache miss)
1474 silly packumentCache full:https://registry.npmjs.org/getenv set size:undefined disposed:false
1475 silly fetch manifest slugify@^1.3.4
1476 silly packumentCache full:https://registry.npmjs.org/slugify cache-miss
1477 http fetch GET 200 https://registry.npmjs.org/arg 37ms (cache miss)
1478 silly packumentCache full:https://registry.npmjs.org/arg set size:undefined disposed:false
1479 silly fetch manifest progress@^2.0.3
1480 silly packumentCache full:https://registry.npmjs.org/progress cache-miss
1481 http fetch GET 200 https://registry.npmjs.org/chalk 47ms (cache miss)
1482 silly packumentCache full:https://registry.npmjs.org/chalk set size:undefined disposed:false
1483 silly fetch manifest requireg@^0.2.2
1484 silly packumentCache full:https://registry.npmjs.org/requireg cache-miss
1485 http fetch GET 200 https://registry.npmjs.org/ora 58ms (cache miss)
1486 silly packumentCache full:https://registry.npmjs.org/ora set size:undefined disposed:false
1487 silly fetch manifest minimatch@^9.0.0
1488 silly packumentCache full:https://registry.npmjs.org/minimatch cache-miss
1489 http fetch GET 200 https://registry.npmjs.org/ci-info 60ms (cache miss)
1490 silly packumentCache full:https://registry.npmjs.org/ci-info set size:undefined disposed:false
1491 silly fetch manifest picomatch@^4.0.3
1492 silly packumentCache full:https://registry.npmjs.org/picomatch cache-miss
1493 http fetch GET 200 https://registry.npmjs.org/accepts 63ms (cache miss)
1494 silly packumentCache full:https://registry.npmjs.org/accepts set size:undefined disposed:false
1495 silly fetch manifest wrap-ansi@^7.0.0
1496 silly packumentCache full:https://registry.npmjs.org/wrap-ansi cache-miss
1497 http cache https://registry.npmjs.org/minimatch 10ms (cache hit)
1498 silly packumentCache full:https://registry.npmjs.org/minimatch set size:375282 disposed:false
1499 silly fetch manifest @urql/core@^5.0.6
1500 silly packumentCache full:https://registry.npmjs.org/@urql%2fcore cache-miss
1501 http fetch GET 200 https://registry.npmjs.org/send 93ms (cache miss)
1502 silly packumentCache full:https://registry.npmjs.org/send set size:undefined disposed:false
1503 silly fetch manifest better-opn@~3.0.2
1504 silly packumentCache full:https://registry.npmjs.org/better-opn cache-miss
1505 http fetch GET 200 https://registry.npmjs.org/requireg 46ms (cache miss)
1506 silly packumentCache full:https://registry.npmjs.org/requireg set size:undefined disposed:false
1507 silly fetch manifest env-editor@^0.4.1
1508 silly packumentCache full:https://registry.npmjs.org/env-editor cache-miss
1509 http fetch GET 200 https://registry.npmjs.org/connect 83ms (cache miss)
1510 silly packumentCache full:https://registry.npmjs.org/connect set size:undefined disposed:false
1511 silly fetch manifest node-forge@^1.3.3
1512 silly packumentCache full:https://registry.npmjs.org/node-forge cache-miss
1513 http fetch GET 200 https://registry.npmjs.org/prompts 89ms (cache miss)
1514 silly packumentCache full:https://registry.npmjs.org/prompts set size:undefined disposed:false
1515 silly fetch manifest @expo/plist@^0.4.9
1516 silly packumentCache full:https://registry.npmjs.org/@expo%2fplist cache-miss
1517 http fetch GET 200 https://registry.npmjs.org/wrap-ansi 49ms (cache miss)
1518 silly packumentCache full:https://registry.npmjs.org/wrap-ansi set size:undefined disposed:false
1519 silly fetch manifest compression@^1.7.4
1520 silly packumentCache full:https://registry.npmjs.org/compression cache-miss
1521 http fetch GET 200 https://registry.npmjs.org/tar 116ms (cache miss)
1522 silly packumentCache full:https://registry.npmjs.org/tar set size:undefined disposed:false
1523 silly fetch manifest expo-server@^1.0.7
1524 silly packumentCache full:https://registry.npmjs.org/expo-server cache-miss
1525 http fetch GET 200 https://registry.npmjs.org/slugify 87ms (cache miss)
1526 silly packumentCache full:https://registry.npmjs.org/slugify set size:undefined disposed:false
1527 silly fetch manifest lan-network@^0.2.1
1528 silly packumentCache full:https://registry.npmjs.org/lan-network cache-miss
1529 http fetch GET 200 https://registry.npmjs.org/picomatch 64ms (cache miss)
1530 silly packumentCache full:https://registry.npmjs.org/picomatch set size:undefined disposed:false
1531 silly fetch manifest pretty-bytes@^5.6.0
1532 silly packumentCache full:https://registry.npmjs.org/pretty-bytes cache-miss
1533 http fetch GET 200 https://registry.npmjs.org/undici 131ms (cache miss)
1534 silly packumentCache full:https://registry.npmjs.org/undici set size:undefined disposed:false
1535 silly fetch manifest @expo/devcert@^1.2.1
1536 silly packumentCache full:https://registry.npmjs.org/@expo%2fdevcert cache-miss
1537 http fetch GET 200 https://registry.npmjs.org/better-opn 50ms (cache miss)
1538 silly packumentCache full:https://registry.npmjs.org/better-opn set size:undefined disposed:false
1539 silly fetch manifest bplist-parser@^0.3.1
1540 silly packumentCache full:https://registry.npmjs.org/bplist-parser cache-miss
1541 http fetch GET 200 https://registry.npmjs.org/env-editor 56ms (cache miss)
1542 silly packumentCache full:https://registry.npmjs.org/env-editor set size:undefined disposed:false
1543 silly fetch manifest terminal-link@^2.1.1
1544 silly packumentCache full:https://registry.npmjs.org/terminal-link cache-miss
1545 http fetch GET 200 https://registry.npmjs.org/expo-server 47ms (cache miss)
1546 silly packumentCache full:https://registry.npmjs.org/expo-server set size:undefined disposed:false
1547 silly fetch manifest @expo/xcpretty@^4.3.0
1548 silly packumentCache full:https://registry.npmjs.org/@expo%2fxcpretty cache-miss
1549 http fetch GET 200 https://registry.npmjs.org/node-forge 65ms (cache miss)
1550 silly packumentCache full:https://registry.npmjs.org/node-forge set size:undefined disposed:false
1551 silly fetch manifest bplist-creator@0.1.0
1552 silly packumentCache full:https://registry.npmjs.org/bplist-creator cache-miss
1553 http fetch GET 200 https://registry.npmjs.org/pretty-bytes 52ms (cache miss)
1554 silly packumentCache full:https://registry.npmjs.org/pretty-bytes set size:undefined disposed:false
1555 silly fetch manifest freeport-async@^2.0.0
1556 silly packumentCache full:https://registry.npmjs.org/freeport-async cache-miss
1557 http fetch GET 200 https://registry.npmjs.org/lan-network 57ms (cache miss)
1558 silly packumentCache full:https://registry.npmjs.org/lan-network set size:undefined disposed:false
1559 silly fetch manifest @expo/json-file@^10.0.16
1560 silly packumentCache full:https://registry.npmjs.org/@expo%2fjson-file cache-miss
1561 http fetch GET 200 https://registry.npmjs.org/compression 73ms (cache miss)
1562 silly packumentCache full:https://registry.npmjs.org/compression set size:undefined disposed:false
1563 silly fetch manifest @expo/osascript@^2.3.8
1564 silly packumentCache full:https://registry.npmjs.org/@expo%2fosascript cache-miss
1565 http fetch GET 200 https://registry.npmjs.org/bplist-parser 46ms (cache miss)
1566 silly packumentCache full:https://registry.npmjs.org/bplist-parser set size:undefined disposed:false
1567 silly fetch manifest @expo/ws-tunnel@^1.0.1
1568 silly packumentCache full:https://registry.npmjs.org/@expo%2fws-tunnel cache-miss
1569 http fetch GET 200 https://registry.npmjs.org/@expo%2fdevcert 55ms (cache miss)
1570 silly packumentCache full:https://registry.npmjs.org/@expo%2fdevcert set size:undefined disposed:false
1571 silly fetch manifest npm-package-arg@^11.0.0
1572 silly packumentCache full:https://registry.npmjs.org/npm-package-arg cache-miss
1573 http fetch GET 200 https://registry.npmjs.org/terminal-link 48ms (cache miss)
1574 silly packumentCache full:https://registry.npmjs.org/terminal-link set size:undefined disposed:false
1575 silly fetch manifest qrcode-terminal@0.11.0
1576 silly packumentCache full:https://registry.npmjs.org/qrcode-terminal cache-miss
1577 http fetch GET 200 https://registry.npmjs.org/@expo%2fplist 92ms (cache miss)
1578 silly packumentCache full:https://registry.npmjs.org/@expo%2fplist set size:undefined disposed:false
1579 silly fetch manifest resolve.exports@^2.0.3
1580 silly packumentCache full:https://registry.npmjs.org/resolve.exports cache-miss
1581 http fetch GET 200 https://registry.npmjs.org/@urql%2fcore 138ms (cache miss)
1582 silly packumentCache full:https://registry.npmjs.org/@urql%2fcore set size:undefined disposed:false
1583 silly fetch manifest @expo/spawn-async@^1.7.2
1584 silly packumentCache full:https://registry.npmjs.org/@expo%2fspawn-async cache-miss
1585 http fetch GET 200 https://registry.npmjs.org/freeport-async 45ms (cache miss)
1586 silly packumentCache full:https://registry.npmjs.org/freeport-async set size:undefined disposed:false
1587 silly fetch manifest @expo/metro-config@~54.0.16
1588 silly packumentCache full:https://registry.npmjs.org/@expo%2fmetro-config cache-miss
1589 http fetch GET 200 https://registry.npmjs.org/bplist-creator 60ms (cache miss)
1590 silly packumentCache full:https://registry.npmjs.org/bplist-creator set size:undefined disposed:false
1591 silly fetch manifest @expo/schema-utils@^0.1.8
1592 silly packumentCache full:https://registry.npmjs.org/@expo%2fschema-utils cache-miss
1593 http fetch GET 200 https://registry.npmjs.org/npm-package-arg 38ms (cache miss)
1594 silly packumentCache full:https://registry.npmjs.org/npm-package-arg set size:undefined disposed:false
1595 silly fetch manifest source-map-support@~0.5.21
1596 silly packumentCache full:https://registry.npmjs.org/source-map-support cache-miss
1597 http cache https://registry.npmjs.org/@expo%2fmetro-config 13ms (cache hit)
1598 silly packumentCache full:https://registry.npmjs.org/@expo%2fmetro-config set size:1558917 disposed:false
1599 silly fetch manifest structured-headers@^0.4.1
1600 silly packumentCache full:https://registry.npmjs.org/structured-headers cache-miss
1601 http fetch GET 200 https://registry.npmjs.org/@expo%2fxcpretty 85ms (cache miss)
1602 silly packumentCache full:https://registry.npmjs.org/@expo%2fxcpretty set size:undefined disposed:false
1603 silly fetch manifest @0no-co/graphql.web@^1.0.8
1604 silly packumentCache full:https://registry.npmjs.org/@0no-co%2fgraphql.web cache-miss
1605 http fetch GET 200 https://registry.npmjs.org/@expo%2fws-tunnel 71ms (cache miss)
1606 silly packumentCache full:https://registry.npmjs.org/@expo%2fws-tunnel set size:undefined disposed:false
1607 silly fetch manifest require-from-string@^2.0.2
1608 silly packumentCache full:https://registry.npmjs.org/require-from-string cache-miss
1609 http fetch GET 200 https://registry.npmjs.org/resolve.exports 59ms (cache miss)
1610 silly packumentCache full:https://registry.npmjs.org/resolve.exports set size:undefined disposed:false
1611 silly fetch manifest @urql/exchange-retry@^1.3.0
1612 silly packumentCache full:https://registry.npmjs.org/@urql%2fexchange-retry cache-miss
1613 http fetch GET 200 https://registry.npmjs.org/@expo%2fosascript 86ms (cache miss)
1614 silly packumentCache full:https://registry.npmjs.org/@expo%2fosascript set size:undefined disposed:false
1615 silly fetch manifest @expo/package-manager@^1.9.10
1616 silly packumentCache full:https://registry.npmjs.org/@expo%2fpackage-manager cache-miss
1617 http fetch GET 200 https://registry.npmjs.org/@expo%2fjson-file 99ms (cache miss)
1618 silly packumentCache full:https://registry.npmjs.org/@expo%2fjson-file set size:undefined disposed:false
1619 silly fetch manifest @expo/prebuild-config@^54.0.8
1620 silly packumentCache full:https://registry.npmjs.org/@expo%2fprebuild-config cache-miss
1621 http fetch GET 200 https://registry.npmjs.org/structured-headers 43ms (cache miss)
1622 silly packumentCache full:https://registry.npmjs.org/structured-headers set size:undefined disposed:false
1623 silly fetch manifest @react-native/dev-middleware@0.81.5
1624 silly packumentCache full:https://registry.npmjs.org/@react-native%2fdev-middleware cache-miss
1625 http fetch GET 200 https://registry.npmjs.org/source-map-support 59ms (cache miss)
1626 silly packumentCache full:https://registry.npmjs.org/source-map-support set size:undefined disposed:false
1627 silly fetch manifest @expo/code-signing-certificates@^0.0.6
1628 silly packumentCache full:https://registry.npmjs.org/@expo%2fcode-signing-certificates cache-miss
1629 http fetch GET 200 https://registry.npmjs.org/@expo%2fschema-utils 65ms (cache miss)
1630 silly packumentCache full:https://registry.npmjs.org/@expo%2fschema-utils set size:undefined disposed:false
1631 silly fetch manifest sucrase@~3.35.1
1632 silly packumentCache full:https://registry.npmjs.org/sucrase cache-miss
1633 http fetch GET 200 https://registry.npmjs.org/require-from-string 40ms (cache miss)
1634 silly packumentCache full:https://registry.npmjs.org/require-from-string set size:undefined disposed:false
1635 silly fetch manifest deepmerge@^4.3.1
1636 silly packumentCache full:https://registry.npmjs.org/deepmerge cache-miss
1637 http fetch GET 200 https://registry.npmjs.org/@0no-co%2fgraphql.web 71ms (cache miss)
1638 silly packumentCache full:https://registry.npmjs.org/@0no-co%2fgraphql.web set size:undefined disposed:false
1639 silly fetch manifest @expo/json-file@^10.0.8
1640 silly packumentCache full:https://registry.npmjs.org/@expo%2fjson-file cache-miss
1641 http fetch GET 200 https://registry.npmjs.org/@urql%2fexchange-retry 63ms (cache miss)
1642 silly packumentCache full:https://registry.npmjs.org/@urql%2fexchange-retry set size:undefined disposed:false
1643 silly fetch manifest @babel/code-frame@~7.10.4
1644 silly packumentCache full:https://registry.npmjs.org/@babel%2fcode-frame cache-miss
1645 http cache https://registry.npmjs.org/@expo%2fjson-file 12ms (cache hit)
1646 silly packumentCache full:https://registry.npmjs.org/@expo%2fjson-file set size:760821 disposed:false
1647 silly fetch manifest @expo/config-types@^54.0.10
1648 silly packumentCache full:https://registry.npmjs.org/@expo%2fconfig-types cache-miss
1649 http fetch GET 200 https://registry.npmjs.org/@expo%2fcode-signing-certificates 58ms (cache miss)
1650 silly packumentCache full:https://registry.npmjs.org/@expo%2fcode-signing-certificates set size:undefined disposed:false
1651 silly fetch manifest resolve-workspace-root@^2.0.0
1652 silly packumentCache full:https://registry.npmjs.org/resolve-workspace-root cache-miss
1653 http fetch GET 200 https://registry.npmjs.org/progress 322ms (cache miss)
1654 silly packumentCache full:https://registry.npmjs.org/progress set size:undefined disposed:false
1655 silly fetch manifest chalk@^4.1.2
1656 silly packumentCache full:https://registry.npmjs.org/chalk cache-miss
1657 http cache https://registry.npmjs.org/@babel%2fcode-frame 30ms (cache hit)
1658 silly packumentCache full:https://registry.npmjs.org/@babel%2fcode-frame set size:204481 disposed:false
1659 silly fetch manifest slash@^3.0.0
1660 silly packumentCache full:https://registry.npmjs.org/slash cache-miss
1661 http cache https://registry.npmjs.org/chalk 15ms (cache hit)
1662 silly packumentCache full:https://registry.npmjs.org/chalk set size:117861 disposed:false
1663 silly fetch manifest xcode@^3.0.1
1664 silly packumentCache full:https://registry.npmjs.org/xcode cache-miss
1665 http fetch GET 200 https://registry.npmjs.org/deepmerge 75ms (cache miss)
1666 silly packumentCache full:https://registry.npmjs.org/deepmerge set size:undefined disposed:false
1667 silly fetch manifest semver@^7.5.4
1668 silly packumentCache full:https://registry.npmjs.org/semver cache-hit
1669 silly fetch manifest xml2js@0.6.0
1670 silly packumentCache full:https://registry.npmjs.org/xml2js cache-miss
1671 http fetch GET 200 https://registry.npmjs.org/sucrase 84ms (cache miss)
1672 silly packumentCache full:https://registry.npmjs.org/sucrase set size:undefined disposed:false
1673 silly fetch manifest slugify@^1.6.6
1674 silly packumentCache full:https://registry.npmjs.org/slugify cache-miss
1675 http fetch GET 200 https://registry.npmjs.org/@expo%2fpackage-manager 117ms (cache miss)
1676 silly packumentCache full:https://registry.npmjs.org/@expo%2fpackage-manager set size:undefined disposed:false
1677 silly fetch manifest @expo/plist@^0.4.8
1678 silly packumentCache full:https://registry.npmjs.org/@expo%2fplist cache-miss
1679 http cache https://registry.npmjs.org/slugify 17ms (cache hit)
1680 silly packumentCache full:https://registry.npmjs.org/slugify set size:103522 disposed:false
1681 silly fetch manifest @expo/json-file@~10.0.8
1682 silly packumentCache full:https://registry.npmjs.org/@expo%2fjson-file cache-hit
1683 silly fetch manifest @expo/config-types@^54.0.10
1684 silly packumentCache full:https://registry.npmjs.org/@expo%2fconfig-types cache-miss
1685 http fetch GET 200 https://registry.npmjs.org/resolve-workspace-root 55ms (cache miss)
1686 silly packumentCache full:https://registry.npmjs.org/resolve-workspace-root set size:undefined disposed:false
1687 silly fetch manifest @expo/sdk-runtime-versions@^1.0.0
1688 silly packumentCache full:https://registry.npmjs.org/@expo%2fsdk-runtime-versions cache-miss
1689 http cache https://registry.npmjs.org/@expo%2fplist 18ms (cache hit)
1690 silly packumentCache full:https://registry.npmjs.org/@expo%2fplist set size:555844 disposed:false
1691 silly fetch manifest ignore@^5.3.1
1692 silly packumentCache full:https://registry.npmjs.org/ignore cache-miss
1693 http fetch GET 200 https://registry.npmjs.org/slash 60ms (cache miss)
1694 silly packumentCache full:https://registry.npmjs.org/slash set size:undefined disposed:false
1695 silly fetch manifest p-limit@^3.1.0
1696 silly packumentCache full:https://registry.npmjs.org/p-limit cache-miss
1697 http fetch GET 200 https://registry.npmjs.org/@expo%2fprebuild-config 146ms (cache miss)
1698 silly packumentCache full:https://registry.npmjs.org/@expo%2fprebuild-config set size:undefined disposed:false
1699 silly fetch manifest minimatch@^10.2.2
1700 silly packumentCache full:https://registry.npmjs.org/minimatch cache-hit
1701 silly fetch manifest @expo/spawn-async@^1.7.2
1702 silly packumentCache full:https://registry.npmjs.org/@expo%2fspawn-async cache-miss
1703 http fetch GET 200 https://registry.npmjs.org/qrcode-terminal 247ms (cache miss)
1704 silly packumentCache full:https://registry.npmjs.org/qrcode-terminal set size:undefined disposed:false
1705 silly fetch manifest metro@0.83.3
1706 silly packumentCache full:https://registry.npmjs.org/metro cache-miss
1707 http fetch GET 200 https://registry.npmjs.org/xml2js 72ms (cache miss)
1708 silly packumentCache full:https://registry.npmjs.org/xml2js set size:undefined disposed:false
1709 silly fetch manifest metro-core@0.83.3
1710 silly packumentCache full:https://registry.npmjs.org/metro-core cache-miss
1711 http fetch GET 200 https://registry.npmjs.org/@expo%2fconfig-types 121ms (cache miss)
1712 silly packumentCache full:https://registry.npmjs.org/@expo%2fconfig-types set size:undefined disposed:false
1713 silly fetch manifest metro-cache@0.83.3
1714 silly packumentCache full:https://registry.npmjs.org/metro-cache cache-miss
1715 http fetch GET 200 https://registry.npmjs.org/@react-native%2fdev-middleware 186ms (cache miss)
1716 silly packumentCache full:https://registry.npmjs.org/@react-native%2fdev-middleware set size:undefined disposed:false
1717 silly fetch manifest metro-config@0.83.3
1718 silly packumentCache full:https://registry.npmjs.org/metro-config cache-miss
1719 http fetch GET 200 https://registry.npmjs.org/p-limit 83ms (cache miss)
1720 silly packumentCache full:https://registry.npmjs.org/p-limit set size:undefined disposed:false
1721 silly fetch manifest metro-runtime@0.83.3
1722 silly packumentCache full:https://registry.npmjs.org/metro-runtime cache-miss
1723 http cache https://registry.npmjs.org/metro-runtime 6ms (cache hit)
1724 silly packumentCache full:https://registry.npmjs.org/metro-runtime set size:217103 disposed:false
1725 silly fetch manifest metro-file-map@0.83.3
1726 silly packumentCache full:https://registry.npmjs.org/metro-file-map cache-miss
1727 http fetch GET 200 https://registry.npmjs.org/metro 108ms (cache miss)
1728 silly packumentCache full:https://registry.npmjs.org/metro set size:undefined disposed:false
1729 silly fetch manifest metro-resolver@0.83.3
1730 silly packumentCache full:https://registry.npmjs.org/metro-resolver cache-miss
1731 http fetch GET 200 https://registry.npmjs.org/ignore 144ms (cache miss)
1732 silly packumentCache full:https://registry.npmjs.org/ignore set size:undefined disposed:false
1733 silly fetch manifest metro-cache-key@0.83.3
1734 silly packumentCache full:https://registry.npmjs.org/metro-cache-key cache-miss
1735 http fetch GET 200 https://registry.npmjs.org/metro-file-map 56ms (cache miss)
1736 silly packumentCache full:https://registry.npmjs.org/metro-file-map set size:undefined disposed:false
1737 silly fetch manifest metro-source-map@0.83.3
1738 silly packumentCache full:https://registry.npmjs.org/metro-source-map cache-miss
1739 http fetch GET 200 https://registry.npmjs.org/metro-cache 111ms (cache miss)
1740 silly packumentCache full:https://registry.npmjs.org/metro-cache set size:undefined disposed:false
1741 silly fetch manifest metro-symbolicate@0.83.3
1742 silly packumentCache full:https://registry.npmjs.org/metro-symbolicate cache-miss
1743 http fetch GET 200 https://registry.npmjs.org/metro-config 90ms (cache miss)
1744 silly packumentCache full:https://registry.npmjs.org/metro-config set size:undefined disposed:false
1745 silly fetch manifest metro-minify-terser@0.83.3
1746 silly packumentCache full:https://registry.npmjs.org/metro-minify-terser cache-miss
1747 http cache https://registry.npmjs.org/metro-source-map 16ms (cache hit)
1748 silly packumentCache full:https://registry.npmjs.org/metro-source-map set size:424782 disposed:false
1749 silly fetch manifest metro-transform-worker@0.83.3
1750 silly packumentCache full:https://registry.npmjs.org/metro-transform-worker cache-miss
1751 http fetch GET 200 https://registry.npmjs.org/xcode 228ms (cache miss)
1752 silly packumentCache full:https://registry.npmjs.org/xcode set size:undefined disposed:false
1753 silly fetch manifest metro-babel-transformer@0.83.3
1754 silly packumentCache full:https://registry.npmjs.org/metro-babel-transformer cache-miss
1755 http fetch GET 200 https://registry.npmjs.org/metro-minify-terser 55ms (cache miss)
1756 silly packumentCache full:https://registry.npmjs.org/metro-minify-terser set size:undefined disposed:false
1757 silly fetch manifest metro-transform-plugins@0.83.3
1758 silly packumentCache full:https://registry.npmjs.org/metro-transform-plugins cache-miss
1759 http fetch GET 200 https://registry.npmjs.org/metro-transform-worker 53ms (cache miss)
1760 silly packumentCache full:https://registry.npmjs.org/metro-transform-worker set size:undefined disposed:false
1761 silly fetch manifest chalk@^4.1.0
1762 silly packumentCache full:https://registry.npmjs.org/chalk cache-hit
1763 silly fetch manifest dotenv@~16.4.5
1764 silly packumentCache full:https://registry.npmjs.org/dotenv cache-miss
1765 http fetch GET 200 https://registry.npmjs.org/metro-cache-key 95ms (cache miss)
1766 silly packumentCache full:https://registry.npmjs.org/metro-cache-key set size:undefined disposed:false
1767 silly fetch manifest postcss@~8.4.32
1768 silly packumentCache full:https://registry.npmjs.org/postcss cache-miss
1769 http fetch GET 200 https://registry.npmjs.org/metro-resolver 105ms (cache miss)
1770 silly packumentCache full:https://registry.npmjs.org/metro-resolver set size:undefined disposed:false
1771 silly fetch manifest jsc-safe-url@^0.2.4
1772 silly packumentCache full:https://registry.npmjs.org/jsc-safe-url cache-miss
1773 http fetch GET 200 https://registry.npmjs.org/@expo%2fsdk-runtime-versions 278ms (cache miss)
1774 silly packumentCache full:https://registry.npmjs.org/@expo%2fsdk-runtime-versions set size:undefined disposed:false
1775 silly fetch manifest lightningcss@^1.30.1
1776 silly packumentCache full:https://registry.npmjs.org/lightningcss cache-miss
1777 http fetch GET 200 https://registry.npmjs.org/metro-symbolicate 111ms (cache miss)
1778 silly packumentCache full:https://registry.npmjs.org/metro-symbolicate set size:undefined disposed:false
1779 silly fetch manifest dotenv-expand@~11.0.6
1780 silly packumentCache full:https://registry.npmjs.org/dotenv-expand cache-miss
1781 http fetch GET 200 https://registry.npmjs.org/metro-transform-plugins 49ms (cache miss)
1782 silly packumentCache full:https://registry.npmjs.org/metro-transform-plugins set size:undefined disposed:false
1783 silly fetch manifest hermes-parser@^0.29.1
1784 silly packumentCache full:https://registry.npmjs.org/hermes-parser cache-hit
1785 silly fetch manifest @expo/json-file@~10.0.16
1786 silly packumentCache full:https://registry.npmjs.org/@expo%2fjson-file cache-hit
1787 silly fetch manifest @expo/spawn-async@^1.7.2
1788 silly packumentCache full:https://registry.npmjs.org/@expo%2fspawn-async cache-miss
1789 http fetch GET 200 https://registry.npmjs.org/jsc-safe-url 39ms (cache miss)
1790 silly packumentCache full:https://registry.npmjs.org/jsc-safe-url set size:undefined disposed:false
1791 silly fetch manifest @react-native/babel-preset@0.81.5
1792 silly packumentCache full:https://registry.npmjs.org/@react-native%2fbabel-preset cache-miss
1793 http fetch GET 200 https://registry.npmjs.org/metro-babel-transformer 79ms (cache miss)
1794 silly packumentCache full:https://registry.npmjs.org/metro-babel-transformer set size:undefined disposed:false
1795 silly fetch manifest babel-plugin-syntax-hermes-parser@^0.29.1
1796 silly packumentCache full:https://registry.npmjs.org/babel-plugin-syntax-hermes-parser cache-hit
1797 silly fetch manifest commander@^7.2.0
1798 silly packumentCache full:https://registry.npmjs.org/commander cache-miss
1799 http fetch GET 200 https://registry.npmjs.org/dotenv 67ms (cache miss)
1800 silly packumentCache full:https://registry.npmjs.org/dotenv set size:undefined disposed:false
1801 silly fetch manifest @expo/spawn-async@^1.7.2
1802 silly packumentCache full:https://registry.npmjs.org/@expo%2fspawn-async cache-miss
1803 http cache https://registry.npmjs.org/commander 11ms (cache hit)
1804 silly packumentCache full:https://registry.npmjs.org/commander set size:353115 disposed:false
1805 silly fetch manifest react-is@^18.0.0
1806 silly packumentCache full:https://registry.npmjs.org/react-is cache-miss
1807 http cache https://registry.npmjs.org/@react-native%2fbabel-preset 23ms (cache hit)
1808 silly packumentCache full:https://registry.npmjs.org/@react-native%2fbabel-preset set size:4235749 disposed:false
1809 silly fetch manifest ansi-styles@^5.0.0
1810 silly packumentCache full:https://registry.npmjs.org/ansi-styles cache-miss
1811 http fetch GET 200 https://registry.npmjs.org/dotenv-expand 71ms (cache miss)
1812 silly packumentCache full:https://registry.npmjs.org/dotenv-expand set size:undefined disposed:false
1813 silly fetch manifest @jest/schemas@^29.6.3
1814 silly packumentCache full:https://registry.npmjs.org/@jest%2fschemas cache-miss
1815 http cache https://registry.npmjs.org/react-is 45ms (cache hit)
1816 silly packumentCache full:https://registry.npmjs.org/react-is set size:5415122 disposed:false
1817 silly fetch manifest buffer@^5.4.3
1818 silly packumentCache full:https://registry.npmjs.org/buffer cache-miss
1819 http fetch GET 200 https://registry.npmjs.org/@expo%2fspawn-async 118ms (cache miss)
1820 silly packumentCache full:https://registry.npmjs.org/@expo%2fspawn-async set size:undefined disposed:false
1821 silly fetch manifest punycode@^2.1.1
1822 silly packumentCache full:https://registry.npmjs.org/punycode cache-miss
1823 http fetch GET 200 https://registry.npmjs.org/@expo%2fspawn-async 382ms (cache miss)
1824 silly packumentCache full:https://registry.npmjs.org/@expo%2fspawn-async set size:undefined disposed:false
1825 silly fetch manifest webidl-conversions@^5.0.0
1826 silly packumentCache full:https://registry.npmjs.org/webidl-conversions cache-miss
1827 http fetch GET 200 https://registry.npmjs.org/lightningcss 134ms (cache miss)
1828 silly packumentCache full:https://registry.npmjs.org/lightningcss set size:undefined disposed:false
1829 http fetch GET 200 https://registry.npmjs.org/postcss 161ms (cache miss)
1830 silly packumentCache full:https://registry.npmjs.org/postcss set size:undefined disposed:false
1831 http fetch GET 200 https://registry.npmjs.org/@expo%2fspawn-async 114ms (cache miss)
1832 silly packumentCache full:https://registry.npmjs.org/@expo%2fspawn-async set size:undefined disposed:false
1833 http fetch GET 200 https://registry.npmjs.org/@expo%2fspawn-async 617ms (cache miss)
1834 silly packumentCache full:https://registry.npmjs.org/@expo%2fspawn-async set size:undefined disposed:false
1835 http fetch GET 200 https://registry.npmjs.org/metro-core 382ms (cache miss)
1836 silly packumentCache full:https://registry.npmjs.org/metro-core set size:undefined disposed:false
1837 http fetch GET 200 https://registry.npmjs.org/ansi-styles 89ms (cache miss)
1838 silly packumentCache full:https://registry.npmjs.org/ansi-styles set size:undefined disposed:false
1839 http fetch GET 200 https://registry.npmjs.org/@expo%2fconfig-types 439ms (cache miss)
1840 silly packumentCache full:https://registry.npmjs.org/@expo%2fconfig-types set size:undefined disposed:false
1841 http fetch GET 200 https://registry.npmjs.org/punycode 40ms (cache miss)
1842 silly packumentCache full:https://registry.npmjs.org/punycode set size:undefined disposed:false
1843 http fetch GET 200 https://registry.npmjs.org/buffer 48ms (cache miss)
1844 silly packumentCache full:https://registry.npmjs.org/buffer set size:undefined disposed:false
1845 http fetch GET 200 https://registry.npmjs.org/webidl-conversions 43ms (cache miss)
1846 silly packumentCache full:https://registry.npmjs.org/webidl-conversions set size:undefined disposed:false
1847 http fetch GET 200 https://registry.npmjs.org/@jest%2fschemas 96ms (cache miss)
1848 silly packumentCache full:https://registry.npmjs.org/@jest%2fschemas set size:undefined disposed:false
1849 silly placeDep node_modules/@expo/config @babel/code-frame@7.10.4 OK for: @expo/config@12.0.13 want: ~7.10.4
1850 silly placeDep ROOT @expo/config-types@54.0.10 OK for: @expo/config@12.0.13 want: ^54.0.10
1851 silly placeDep ROOT @expo/json-file@10.2.0 OK for: @expo/config@12.0.13 want: ^10.0.8
1852 silly placeDep ROOT deepmerge@4.3.1 OK for: @expo/config@12.0.13 want: ^4.3.1
1853 silly placeDep ROOT getenv@2.0.0 OK for: @expo/config@12.0.13 want: ^2.0.0
1854 silly placeDep node_modules/@expo/config glob@13.0.6 OK for: @expo/config@12.0.13 want: ^13.0.0
1855 silly placeDep ROOT require-from-string@2.0.2 OK for: @expo/config@12.0.13 want: ^2.0.2
1856 silly placeDep ROOT resolve-workspace-root@2.0.1 OK for: @expo/config@12.0.13 want: ^2.0.0
1857 silly placeDep node_modules/@expo/config semver@7.8.4 OK for: @expo/config@12.0.13 want: ^7.6.0
1858 silly placeDep ROOT slugify@1.6.9 OK for: @expo/config@12.0.13 want: ^1.3.4
1859 silly placeDep ROOT sucrase@3.35.1 OK for: @expo/config@12.0.13 want: ~3.35.1
1860 silly fetch manifest @babel/highlight@^7.10.4
1861 silly packumentCache full:https://registry.npmjs.org/@babel%2fhighlight cache-miss
1862 silly fetch manifest minipass@^7.1.3
1863 silly packumentCache full:https://registry.npmjs.org/minipass cache-miss
1864 silly fetch manifest path-scurry@^2.0.2
1865 silly packumentCache full:https://registry.npmjs.org/path-scurry cache-miss
1866 silly fetch manifest commander@^4.0.0
1867 silly packumentCache full:https://registry.npmjs.org/commander cache-hit
1868 silly fetch manifest lines-and-columns@^1.1.6
1869 silly packumentCache full:https://registry.npmjs.org/lines-and-columns cache-miss
1870 silly fetch manifest mz@^2.7.0
1871 silly packumentCache full:https://registry.npmjs.org/mz cache-miss
1872 silly fetch manifest pirates@^4.0.1
1873 silly packumentCache full:https://registry.npmjs.org/pirates cache-miss
1874 silly fetch manifest tinyglobby@^0.2.11
1875 silly packumentCache full:https://registry.npmjs.org/tinyglobby cache-miss
1876 silly fetch manifest ts-interface-checker@^0.1.9
1877 silly packumentCache full:https://registry.npmjs.org/ts-interface-checker cache-miss
1878 http fetch GET 200 https://registry.npmjs.org/ts-interface-checker 44ms (cache miss)
1879 silly packumentCache full:https://registry.npmjs.org/ts-interface-checker set size:undefined disposed:false
1880 http fetch GET 200 https://registry.npmjs.org/tinyglobby 45ms (cache miss)
1881 silly packumentCache full:https://registry.npmjs.org/tinyglobby set size:undefined disposed:false
1882 http fetch GET 200 https://registry.npmjs.org/path-scurry 53ms (cache miss)
1883 silly packumentCache full:https://registry.npmjs.org/path-scurry set size:undefined disposed:false
1884 http fetch GET 200 https://registry.npmjs.org/pirates 54ms (cache miss)
1885 silly packumentCache full:https://registry.npmjs.org/pirates set size:undefined disposed:false
1886 http fetch GET 200 https://registry.npmjs.org/mz 57ms (cache miss)
1887 silly packumentCache full:https://registry.npmjs.org/mz set size:undefined disposed:false
1888 http fetch GET 200 https://registry.npmjs.org/lines-and-columns 59ms (cache miss)
1889 silly packumentCache full:https://registry.npmjs.org/lines-and-columns set size:undefined disposed:false
1890 http fetch GET 200 https://registry.npmjs.org/@babel%2fhighlight 66ms (cache miss)
1891 silly packumentCache full:https://registry.npmjs.org/@babel%2fhighlight set size:undefined disposed:false
1892 http fetch GET 200 https://registry.npmjs.org/minipass 89ms (cache miss)
1893 silly packumentCache full:https://registry.npmjs.org/minipass set size:undefined disposed:false
1894 silly placeDep node_modules/@expo/config-plugins @expo/json-file@10.0.16 OK for: @expo/config-plugins@54.0.4 want: ~10.0.8
1895 silly placeDep ROOT @expo/plist@0.4.9 OK for: @expo/config-plugins@54.0.4 want: ^0.4.8
1896 silly placeDep ROOT @expo/sdk-runtime-versions@1.0.0 OK for: @expo/config-plugins@54.0.4 want: ^1.0.0
1897 silly placeDep ROOT chalk@4.1.2 OK for: @expo/config-plugins@54.0.4 want: ^4.1.2
1898 silly placeDep node_modules/@expo/config-plugins glob@13.0.6 OK for: @expo/config-plugins@54.0.4 want: ^13.0.0
1899 silly placeDep node_modules/@expo/config-plugins semver@7.8.4 OK for: @expo/config-plugins@54.0.4 want: ^7.5.4
1900 silly placeDep ROOT slash@3.0.0 OK for: @expo/config-plugins@54.0.4 want: ^3.0.0
1901 silly placeDep ROOT xcode@3.0.1 OK for: @expo/config-plugins@54.0.4 want: ^3.0.1
1902 silly placeDep ROOT xml2js@0.6.0 OK for: @expo/config-plugins@54.0.4 want: 0.6.0
1903 silly fetch manifest base64-js@^1.2.3
1904 silly packumentCache full:https://registry.npmjs.org/base64-js cache-miss
1905 silly fetch manifest xmlbuilder@^15.1.1
1906 silly packumentCache full:https://registry.npmjs.org/xmlbuilder cache-miss
1907 silly fetch manifest @xmldom/xmldom@^0.8.8
1908 silly packumentCache full:https://registry.npmjs.org/@xmldom%2fxmldom cache-miss
1909 silly fetch manifest ansi-styles@^4.1.0
1910 silly packumentCache full:https://registry.npmjs.org/ansi-styles cache-miss
1911 silly fetch manifest supports-color@^7.1.0
1912 silly packumentCache full:https://registry.npmjs.org/supports-color cache-miss
1913 silly fetch manifest uuid@^7.0.3
1914 silly packumentCache full:https://registry.npmjs.org/uuid cache-miss
1915 silly fetch manifest simple-plist@^1.1.0
1916 silly packumentCache full:https://registry.npmjs.org/simple-plist cache-miss
1917 silly fetch manifest sax@>=0.6.0
1918 silly packumentCache full:https://registry.npmjs.org/sax cache-miss
1919 silly fetch manifest xmlbuilder@~11.0.0
1920 silly packumentCache full:https://registry.npmjs.org/xmlbuilder cache-miss
1921 http cache https://registry.npmjs.org/ansi-styles 10ms (cache hit)
1922 silly packumentCache full:https://registry.npmjs.org/ansi-styles set size:63233 disposed:false
1923 http cache https://registry.npmjs.org/base64-js 11ms (cache hit)
1924 silly packumentCache full:https://registry.npmjs.org/base64-js set size:41270 disposed:false
1925 http fetch GET 200 https://registry.npmjs.org/xmlbuilder 44ms (cache miss)
1926 silly packumentCache full:https://registry.npmjs.org/xmlbuilder set size:undefined disposed:false
1927 http fetch GET 200 https://registry.npmjs.org/simple-plist 51ms (cache miss)
1928 silly packumentCache full:https://registry.npmjs.org/simple-plist set size:undefined disposed:false
1929 http fetch GET 200 https://registry.npmjs.org/sax 52ms (cache miss)
1930 silly packumentCache full:https://registry.npmjs.org/sax set size:undefined disposed:false
1931 http fetch GET 200 https://registry.npmjs.org/supports-color 56ms (cache miss)
1932 silly packumentCache full:https://registry.npmjs.org/supports-color set size:undefined disposed:false
1933 http fetch GET 200 https://registry.npmjs.org/xmlbuilder 60ms (cache miss)
1934 silly packumentCache full:https://registry.npmjs.org/xmlbuilder set size:undefined disposed:false
1935 http fetch GET 200 https://registry.npmjs.org/uuid 61ms (cache miss)
1936 silly packumentCache full:https://registry.npmjs.org/uuid set size:undefined disposed:false
1937 http fetch GET 200 https://registry.npmjs.org/@xmldom%2fxmldom 66ms (cache miss)
1938 silly packumentCache full:https://registry.npmjs.org/@xmldom%2fxmldom set size:undefined disposed:false
1939 silly placeDep ROOT @expo/spawn-async@1.8.0 OK for: @expo/fingerprint@0.15.5 want: ^1.7.2
1940 silly placeDep ROOT arg@5.0.2 OK for: @expo/fingerprint@0.15.5 want: ^5.0.2
1941 silly placeDep node_modules/@expo/fingerprint glob@13.0.6 OK for: @expo/fingerprint@0.15.5 want: ^13.0.0
1942 silly placeDep ROOT ignore@5.3.2 OK for: @expo/fingerprint@0.15.5 want: ^5.3.1
1943 silly placeDep ROOT minimatch@10.2.5 OK for: @expo/fingerprint@0.15.5 want: ^10.2.2
1944 silly placeDep ROOT p-limit@3.1.0 OK for: @expo/fingerprint@0.15.5 want: ^3.1.0
1945 silly placeDep node_modules/@expo/fingerprint semver@7.8.4 OK for: @expo/fingerprint@0.15.5 want: ^7.6.0
1946 silly fetch manifest cross-spawn@^7.0.6
1947 silly packumentCache full:https://registry.npmjs.org/cross-spawn cache-miss
1948 silly fetch manifest brace-expansion@^5.0.5
1949 silly packumentCache full:https://registry.npmjs.org/brace-expansion cache-miss
1950 silly fetch manifest yocto-queue@^0.1.0
1951 silly packumentCache full:https://registry.npmjs.org/yocto-queue cache-miss
1952 http fetch GET 200 https://registry.npmjs.org/yocto-queue 38ms (cache miss)
1953 silly packumentCache full:https://registry.npmjs.org/yocto-queue set size:undefined disposed:false
1954 http fetch GET 200 https://registry.npmjs.org/brace-expansion 41ms (cache miss)
1955 silly packumentCache full:https://registry.npmjs.org/brace-expansion set size:undefined disposed:false
1956 http fetch GET 200 https://registry.npmjs.org/cross-spawn 44ms (cache miss)
1957 silly packumentCache full:https://registry.npmjs.org/cross-spawn set size:undefined disposed:false
1958 silly placeDep ROOT metro@0.83.3 OK for: @expo/metro@54.2.0 want: 0.83.3
1959 silly placeDep ROOT metro-babel-transformer@0.83.3 OK for: @expo/metro@54.2.0 want: 0.83.3
1960 silly placeDep ROOT metro-cache@0.83.3 OK for: @expo/metro@54.2.0 want: 0.83.3
1961 silly placeDep ROOT metro-cache-key@0.83.3 OK for: @expo/metro@54.2.0 want: 0.83.3
1962 silly placeDep ROOT metro-config@0.83.3 OK for: @expo/metro@54.2.0 want: 0.83.3
1963 silly placeDep ROOT metro-core@0.83.3 OK for: @expo/metro@54.2.0 want: 0.83.3
1964 silly placeDep ROOT metro-file-map@0.83.3 OK for: @expo/metro@54.2.0 want: 0.83.3
1965 silly placeDep ROOT metro-minify-terser@0.83.3 OK for: @expo/metro@54.2.0 want: 0.83.3
1966 silly placeDep ROOT metro-resolver@0.83.3 OK for: @expo/metro@54.2.0 want: 0.83.3
1967 silly placeDep ROOT metro-runtime@0.83.3 OK for: @expo/metro@54.2.0 want: 0.83.3
1968 silly placeDep ROOT metro-source-map@0.83.3 OK for: @expo/metro@54.2.0 want: 0.83.3
1969 silly placeDep ROOT metro-symbolicate@0.83.3 OK for: @expo/metro@54.2.0 want: 0.83.3
1970 silly placeDep ROOT metro-transform-plugins@0.83.3 OK for: @expo/metro@54.2.0 want: 0.83.3
1971 silly placeDep ROOT metro-transform-worker@0.83.3 OK for: @expo/metro@54.2.0 want: 0.83.3
1972 silly fetch manifest ws@^7.5.10
1973 silly packumentCache full:https://registry.npmjs.org/ws cache-hit
1974 silly fetch manifest throat@^5.0.0
1975 silly packumentCache full:https://registry.npmjs.org/throat cache-miss
1976 silly fetch manifest accepts@^1.3.7
1977 silly packumentCache full:https://registry.npmjs.org/accepts cache-miss
1978 silly fetch manifest ci-info@^2.0.0
1979 silly packumentCache full:https://registry.npmjs.org/ci-info cache-miss
1980 silly fetch manifest connect@^3.6.5
1981 silly packumentCache full:https://registry.npmjs.org/connect cache-miss
1982 silly fetch manifest image-size@^1.0.2
1983 silly packumentCache full:https://registry.npmjs.org/image-size cache-miss
1984 silly fetch manifest mime-types@^2.1.27
1985 silly packumentCache full:https://registry.npmjs.org/mime-types cache-miss
1986 silly fetch manifest source-map@^0.5.6
1987 silly packumentCache full:https://registry.npmjs.org/source-map cache-miss
1988 silly fetch manifest graceful-fs@^4.2.4
1989 silly packumentCache full:https://registry.npmjs.org/graceful-fs cache-miss
1990 silly fetch manifest jest-worker@^29.7.0
1991 silly packumentCache full:https://registry.npmjs.org/jest-worker cache-miss
1992 silly fetch manifest jsc-safe-url@^0.2.2
1993 silly packumentCache full:https://registry.npmjs.org/jsc-safe-url cache-miss
1994 silly fetch manifest lodash.throttle@^4.1.1
1995 silly packumentCache full:https://registry.npmjs.org/lodash.throttle cache-miss
1996 http cache https://registry.npmjs.org/accepts 12ms (cache hit)
1997 silly packumentCache full:https://registry.npmjs.org/accepts set size:77054 disposed:false
1998 silly fetch manifest serialize-error@^2.1.0
1999 silly packumentCache full:https://registry.npmjs.org/serialize-error cache-miss
2000 http cache https://registry.npmjs.org/mime-types 14ms (cache hit)
2001 silly packumentCache full:https://registry.npmjs.org/mime-types set size:139110 disposed:false
2002 silly fetch manifest error-stack-parser@^2.0.6
2003 silly packumentCache full:https://registry.npmjs.org/error-stack-parser cache-miss
2004 http cache https://registry.npmjs.org/jsc-safe-url 15ms (cache hit)
2005 silly packumentCache full:https://registry.npmjs.org/jsc-safe-url set size:13143 disposed:false
2006 silly fetch manifest https-proxy-agent@^7.0.5
2007 silly packumentCache full:https://registry.npmjs.org/https-proxy-agent cache-miss
2008 http cache https://registry.npmjs.org/connect 20ms (cache hit)
2009 silly packumentCache full:https://registry.npmjs.org/connect set size:438385 disposed:false
2010 silly fetch manifest exponential-backoff@^3.1.1
2011 silly packumentCache full:https://registry.npmjs.org/exponential-backoff cache-miss
2012 http cache https://registry.npmjs.org/ci-info 26ms (cache hit)
2013 silly packumentCache full:https://registry.npmjs.org/ci-info set size:91363 disposed:false
2014 silly fetch manifest yaml@^2.6.1
2015 silly packumentCache full:https://registry.npmjs.org/yaml cache-miss
2016 http cache https://registry.npmjs.org/https-proxy-agent 15ms (cache hit)
2017 silly packumentCache full:https://registry.npmjs.org/https-proxy-agent set size:83792 disposed:false
2018 silly fetch manifest jest-validate@^29.7.0
2019 silly packumentCache full:https://registry.npmjs.org/jest-validate cache-miss
2020 http fetch GET 200 https://registry.npmjs.org/throat 42ms (cache miss)
2021 silly packumentCache full:https://registry.npmjs.org/throat set size:undefined disposed:false
2022 silly fetch manifest lodash.throttle@^4.1.1
2023 silly packumentCache full:https://registry.npmjs.org/lodash.throttle cache-miss
2024 http fetch GET 200 https://registry.npmjs.org/lodash.throttle 46ms (cache miss)
2025 silly packumentCache full:https://registry.npmjs.org/lodash.throttle set size:undefined disposed:false
2026 silly fetch manifest walker@^1.0.7
2027 silly packumentCache full:https://registry.npmjs.org/walker cache-miss
2028 http fetch GET 200 https://registry.npmjs.org/image-size 55ms (cache miss)
2029 silly packumentCache full:https://registry.npmjs.org/image-size set size:undefined disposed:false
2030 silly fetch manifest micromatch@^4.0.4
2031 silly packumentCache full:https://registry.npmjs.org/micromatch cache-miss
2032 http fetch GET 200 https://registry.npmjs.org/serialize-error 54ms (cache miss)
2033 silly packumentCache full:https://registry.npmjs.org/serialize-error set size:undefined disposed:false
2034 silly fetch manifest fb-watchman@^2.0.0
2035 silly packumentCache full:https://registry.npmjs.org/fb-watchman cache-miss
2036 http fetch GET 200 https://registry.npmjs.org/graceful-fs 72ms (cache miss)
2037 silly packumentCache full:https://registry.npmjs.org/graceful-fs set size:undefined disposed:false
2038 silly fetch manifest jest-worker@^29.7.0
2039 silly packumentCache full:https://registry.npmjs.org/jest-worker cache-miss
2040 http fetch GET 200 https://registry.npmjs.org/error-stack-parser 62ms (cache miss)
2041 silly packumentCache full:https://registry.npmjs.org/error-stack-parser set size:undefined disposed:false
2042 silly fetch manifest terser@^5.15.0
2043 silly packumentCache full:https://registry.npmjs.org/terser cache-miss
2044 http fetch GET 200 https://registry.npmjs.org/source-map 83ms (cache miss)
2045 silly packumentCache full:https://registry.npmjs.org/source-map set size:undefined disposed:false
2046 silly fetch manifest ob1@0.83.3
2047 silly packumentCache full:https://registry.npmjs.org/ob1 cache-miss
2048 http fetch GET 200 https://registry.npmjs.org/lodash.throttle 46ms (cache miss)
2049 silly packumentCache full:https://registry.npmjs.org/lodash.throttle set size:undefined disposed:false
2050 silly fetch manifest vlq@^1.0.0
2051 silly packumentCache full:https://registry.npmjs.org/vlq cache-miss
2052 http fetch GET 200 https://registry.npmjs.org/exponential-backoff 68ms (cache miss)
2053 silly packumentCache full:https://registry.npmjs.org/exponential-backoff set size:undefined disposed:false
2054 silly fetch manifest @babel/traverse--for-generate-function-map@npm:@babel/traverse@^7.25.3
2055 silly packumentCache full:https://registry.npmjs.org/@babel%2ftraverse cache-miss
2056 http fetch GET 200 https://registry.npmjs.org/walker 43ms (cache miss)
2057 silly packumentCache full:https://registry.npmjs.org/walker set size:undefined disposed:false
2058 silly fetch manifest vlq@^1.0.0
2059 silly packumentCache full:https://registry.npmjs.org/vlq cache-miss
2060 http fetch GET 200 https://registry.npmjs.org/yaml 73ms (cache miss)
2061 silly packumentCache full:https://registry.npmjs.org/yaml set size:undefined disposed:false
2062 http cache https://registry.npmjs.org/@babel%2ftraverse 13ms (cache hit)
2063 silly packumentCache full:https://registry.npmjs.org/@babel%2ftraverse set size:557773 disposed:false
2064 http fetch GET 200 https://registry.npmjs.org/micromatch 53ms (cache miss)
2065 silly packumentCache full:https://registry.npmjs.org/micromatch set size:undefined disposed:false
2066 http fetch GET 200 https://registry.npmjs.org/fb-watchman 48ms (cache miss)
2067 silly packumentCache full:https://registry.npmjs.org/fb-watchman set size:undefined disposed:false
2068 http fetch GET 200 https://registry.npmjs.org/jest-validate 83ms (cache miss)
2069 silly packumentCache full:https://registry.npmjs.org/jest-validate set size:undefined disposed:false
2070 http fetch GET 200 https://registry.npmjs.org/vlq 36ms (cache miss)
2071 silly packumentCache full:https://registry.npmjs.org/vlq set size:undefined disposed:false
2072 http fetch GET 200 https://registry.npmjs.org/ob1 56ms (cache miss)
2073 silly packumentCache full:https://registry.npmjs.org/ob1 set size:undefined disposed:false
2074 http fetch GET 200 https://registry.npmjs.org/vlq 56ms (cache miss)
2075 silly packumentCache full:https://registry.npmjs.org/vlq set size:undefined disposed:false
2076 http fetch GET 200 https://registry.npmjs.org/terser 70ms (cache miss)
2077 silly packumentCache full:https://registry.npmjs.org/terser set size:undefined disposed:false
2078 http fetch GET 200 https://registry.npmjs.org/jest-worker 752ms (cache miss)
2079 silly packumentCache full:https://registry.npmjs.org/jest-worker set size:undefined disposed:false
2080 http fetch GET 200 https://registry.npmjs.org/jest-worker 688ms (cache miss)
2081 silly packumentCache full:https://registry.npmjs.org/jest-worker set size:undefined disposed:false
2082 silly placeDep ROOT @xmldom/xmldom@0.8.13 OK for: @expo/plist@0.4.9 want: ^0.8.8
2083 silly placeDep ROOT base64-js@1.5.1 OK for: @expo/plist@0.4.9 want: ^1.2.3
2084 silly placeDep ROOT xmlbuilder@15.1.1 OK for: @expo/plist@0.4.9 want: ^15.1.1
2085 silly placeDep ROOT cross-spawn@7.0.6 OK for: @expo/spawn-async@1.8.0 want: ^7.0.6
2086 silly fetch manifest which@^2.0.1
2087 silly packumentCache full:https://registry.npmjs.org/which cache-miss
2088 silly fetch manifest path-key@^3.1.0
2089 silly packumentCache full:https://registry.npmjs.org/path-key cache-miss
2090 silly fetch manifest shebang-command@^2.0.0
2091 silly packumentCache full:https://registry.npmjs.org/shebang-command cache-miss
2092 http fetch GET 200 https://registry.npmjs.org/shebang-command 29ms (cache miss)
2093 silly packumentCache full:https://registry.npmjs.org/shebang-command set size:undefined disposed:false
2094 http fetch GET 200 https://registry.npmjs.org/path-key 38ms (cache miss)
2095 silly packumentCache full:https://registry.npmjs.org/path-key set size:undefined disposed:false
2096 http fetch GET 200 https://registry.npmjs.org/which 39ms (cache miss)
2097 silly packumentCache full:https://registry.npmjs.org/which set size:undefined disposed:false
2098 silly placeDep ROOT ansi-styles@4.3.0 OK for: chalk@4.1.2 want: ^4.1.0
2099 silly placeDep ROOT supports-color@7.2.0 OK for: chalk@4.1.2 want: ^7.1.0
2100 silly fetch manifest has-flag@^4.0.0
2101 silly packumentCache full:https://registry.npmjs.org/has-flag cache-miss
2102 http fetch GET 200 https://registry.npmjs.org/has-flag 41ms (cache miss)
2103 silly packumentCache full:https://registry.npmjs.org/has-flag set size:undefined disposed:false
2104 silly placeDep ROOT path-key@3.1.1 OK for: cross-spawn@7.0.6 want: ^3.1.0
2105 silly placeDep ROOT shebang-command@2.0.0 OK for: cross-spawn@7.0.6 want: ^2.0.0
2106 silly placeDep ROOT which@2.0.2 OK for: cross-spawn@7.0.6 want: ^2.0.1
2107 silly fetch manifest shebang-regex@^3.0.0
2108 silly packumentCache full:https://registry.npmjs.org/shebang-regex cache-miss
2109 silly fetch manifest isexe@^2.0.0
2110 silly packumentCache full:https://registry.npmjs.org/isexe cache-miss
2111 http fetch GET 200 https://registry.npmjs.org/isexe 34ms (cache miss)
2112 silly packumentCache full:https://registry.npmjs.org/isexe set size:undefined disposed:false
2113 http fetch GET 200 https://registry.npmjs.org/shebang-regex 50ms (cache miss)
2114 silly packumentCache full:https://registry.npmjs.org/shebang-regex set size:undefined disposed:false
2115 silly placeDep ROOT @expo/image-utils@0.8.14 OK for: expo-asset@12.0.13 want: ^0.8.8
2116 silly fetch manifest parse-png@^2.1.0
2117 silly packumentCache full:https://registry.npmjs.org/parse-png cache-miss
2118 silly fetch manifest jimp-compact@0.16.1
2119 silly packumentCache full:https://registry.npmjs.org/jimp-compact cache-miss
2120 silly fetch manifest @expo/require-utils@^55.0.5
2121 silly packumentCache full:https://registry.npmjs.org/@expo%2frequire-utils cache-miss
2122 http fetch GET 200 https://registry.npmjs.org/parse-png 30ms (cache miss)
2123 silly packumentCache full:https://registry.npmjs.org/parse-png set size:undefined disposed:false
2124 http fetch GET 200 https://registry.npmjs.org/jimp-compact 40ms (cache miss)
2125 silly packumentCache full:https://registry.npmjs.org/jimp-compact set size:undefined disposed:false
2126 http fetch GET 200 https://registry.npmjs.org/@expo%2frequire-utils 67ms (cache miss)
2127 silly packumentCache full:https://registry.npmjs.org/@expo%2frequire-utils set size:undefined disposed:false
2128 silly fetch manifest typescript@^5.0.0 || ^5.0.0-0
2129 silly packumentCache full:https://registry.npmjs.org/typescript cache-miss
2130 http fetch GET 200 https://registry.npmjs.org/typescript 298ms (cache miss)
2131 silly packumentCache full:https://registry.npmjs.org/typescript set size:undefined disposed:false
2132 silly placeDep ROOT @expo/require-utils@55.0.5 OK for: @expo/image-utils@0.8.14 want: ^55.0.5
2133 silly placeDep ROOT jimp-compact@0.16.1 OK for: @expo/image-utils@0.8.14 want: 0.16.1
2134 silly placeDep ROOT parse-png@2.1.0 OK for: @expo/image-utils@0.8.14 want: ^2.1.0
2135 silly placeDep node_modules/@expo/image-utils semver@7.8.4 OK for: @expo/image-utils@0.8.14 want: ^7.6.0
2136 silly fetch manifest pngjs@^3.3.0
2137 silly packumentCache full:https://registry.npmjs.org/pngjs cache-miss
2138 http fetch GET 200 https://registry.npmjs.org/pngjs 36ms (cache miss)
2139 silly packumentCache full:https://registry.npmjs.org/pngjs set size:undefined disposed:false
2140 silly placeDep ROOT @expo/env@2.0.11 OK for: expo-constants@18.0.13 want: ~2.0.8
2141 silly placeDep ROOT dotenv@16.4.7 OK for: @expo/env@2.0.11 want: ~16.4.5
2142 silly placeDep ROOT dotenv-expand@11.0.7 OK for: @expo/env@2.0.11 want: ~11.0.6
2143 silly placeDep ROOT fontfaceobserver@2.3.0 OK for: expo-font@14.0.12 want: ^2.1.0
2144 silly placeDep ROOT commander@7.2.0 OK for: expo-modules-autolinking@3.0.26 want: ^7.2.0
2145 silly placeDep ROOT react-native-is-edge-to-edge@1.3.1 OK for: expo-status-bar@3.0.9 want: ^1.2.1
2146 silly placeDep ROOT asynckit@0.4.0 OK for: form-data@4.0.5 want: ^0.4.0
2147 silly placeDep ROOT combined-stream@1.0.8 OK for: form-data@4.0.5 want: ^1.0.8
2148 silly placeDep ROOT es-set-tostringtag@2.1.0 OK for: form-data@4.0.5 want: ^2.1.0
2149 silly placeDep ROOT hasown@2.0.4 OK for: form-data@4.0.5 want: ^2.0.2
2150 silly placeDep ROOT mime-types@2.1.35 OK for: form-data@4.0.5 want: ^2.1.12
2151 silly fetch manifest delayed-stream@~1.0.0
2152 silly packumentCache full:https://registry.npmjs.org/delayed-stream cache-miss
2153 silly fetch manifest get-intrinsic@^1.2.6
2154 silly packumentCache full:https://registry.npmjs.org/get-intrinsic cache-miss
2155 silly fetch manifest has-tostringtag@^1.0.2
2156 silly packumentCache full:https://registry.npmjs.org/has-tostringtag cache-miss
2157 silly fetch manifest function-bind@^1.1.2
2158 silly packumentCache full:https://registry.npmjs.org/function-bind cache-miss
2159 silly fetch manifest mime-db@1.52.0
2160 silly packumentCache full:https://registry.npmjs.org/mime-db cache-miss
2161 http fetch GET 200 https://registry.npmjs.org/delayed-stream 36ms (cache miss)
2162 silly packumentCache full:https://registry.npmjs.org/delayed-stream set size:undefined disposed:false
2163 http fetch GET 200 https://registry.npmjs.org/get-intrinsic 39ms (cache miss)
2164 silly packumentCache full:https://registry.npmjs.org/get-intrinsic set size:undefined disposed:false
2165 http fetch GET 200 https://registry.npmjs.org/has-tostringtag 40ms (cache miss)
2166 silly packumentCache full:https://registry.npmjs.org/has-tostringtag set size:undefined disposed:false
2167 http fetch GET 200 https://registry.npmjs.org/function-bind 41ms (cache miss)
2168 silly packumentCache full:https://registry.npmjs.org/function-bind set size:undefined disposed:false
2169 http fetch GET 200 https://registry.npmjs.org/mime-db 56ms (cache miss)
2170 silly packumentCache full:https://registry.npmjs.org/mime-db set size:undefined disposed:false
2171 silly placeDep ROOT delayed-stream@1.0.0 OK for: combined-stream@1.0.8 want: ~1.0.0
2172 silly placeDep ROOT es-errors@1.3.0 OK for: es-set-tostringtag@2.1.0 want: ^1.3.0
2173 silly placeDep ROOT get-intrinsic@1.3.0 OK for: es-set-tostringtag@2.1.0 want: ^1.2.6
2174 silly placeDep ROOT has-tostringtag@1.0.2 OK for: es-set-tostringtag@2.1.0 want: ^1.0.2
2175 silly fetch manifest gopd@^1.2.0
2176 silly packumentCache full:https://registry.npmjs.org/gopd cache-miss
2177 silly fetch manifest get-proto@^1.0.1
2178 silly packumentCache full:https://registry.npmjs.org/get-proto cache-miss
2179 silly fetch manifest has-symbols@^1.1.0
2180 silly packumentCache full:https://registry.npmjs.org/has-symbols cache-miss
2181 silly fetch manifest es-object-atoms@^1.1.1
2182 silly packumentCache full:https://registry.npmjs.org/es-object-atoms cache-miss
2183 silly fetch manifest math-intrinsics@^1.1.0
2184 silly packumentCache full:https://registry.npmjs.org/math-intrinsics cache-miss
2185 silly fetch manifest es-define-property@^1.0.1
2186 silly packumentCache full:https://registry.npmjs.org/es-define-property cache-miss
2187 silly fetch manifest call-bind-apply-helpers@^1.0.2
2188 silly packumentCache full:https://registry.npmjs.org/call-bind-apply-helpers cache-miss
2189 silly fetch manifest has-symbols@^1.0.3
2190 silly packumentCache full:https://registry.npmjs.org/has-symbols cache-miss
2191 http fetch GET 200 https://registry.npmjs.org/call-bind-apply-helpers 39ms (cache miss)
2192 silly packumentCache full:https://registry.npmjs.org/call-bind-apply-helpers set size:undefined disposed:false
2193 http fetch GET 200 https://registry.npmjs.org/get-proto 41ms (cache miss)
2194 silly packumentCache full:https://registry.npmjs.org/get-proto set size:undefined disposed:false
2195 http fetch GET 200 https://registry.npmjs.org/has-symbols 41ms (cache miss)
2196 silly packumentCache full:https://registry.npmjs.org/has-symbols set size:undefined disposed:false
2197 http fetch GET 200 https://registry.npmjs.org/es-define-property 41ms (cache miss)
2198 silly packumentCache full:https://registry.npmjs.org/es-define-property set size:undefined disposed:false
2199 http fetch GET 200 https://registry.npmjs.org/math-intrinsics 43ms (cache miss)
2200 silly packumentCache full:https://registry.npmjs.org/math-intrinsics set size:undefined disposed:false
2201 http fetch GET 200 https://registry.npmjs.org/has-symbols 42ms (cache miss)
2202 silly packumentCache full:https://registry.npmjs.org/has-symbols set size:undefined disposed:false
2203 http fetch GET 200 https://registry.npmjs.org/gopd 44ms (cache miss)
2204 silly packumentCache full:https://registry.npmjs.org/gopd set size:undefined disposed:false
2205 http fetch GET 200 https://registry.npmjs.org/es-object-atoms 46ms (cache miss)
2206 silly packumentCache full:https://registry.npmjs.org/es-object-atoms set size:undefined disposed:false
2207 silly placeDep ROOT call-bind-apply-helpers@1.0.2 OK for: get-intrinsic@1.3.0 want: ^1.0.2
2208 silly placeDep ROOT es-define-property@1.0.1 OK for: get-intrinsic@1.3.0 want: ^1.0.1
2209 silly placeDep ROOT es-object-atoms@1.1.2 OK for: get-intrinsic@1.3.0 want: ^1.1.1
2210 silly placeDep ROOT function-bind@1.1.2 OK for: get-intrinsic@1.3.0 want: ^1.1.2
2211 silly placeDep ROOT get-proto@1.0.1 OK for: get-intrinsic@1.3.0 want: ^1.0.1
2212 silly placeDep ROOT gopd@1.2.0 OK for: get-intrinsic@1.3.0 want: ^1.2.0
2213 silly placeDep ROOT has-symbols@1.1.0 OK for: get-intrinsic@1.3.0 want: ^1.1.0
2214 silly placeDep ROOT math-intrinsics@1.1.0 OK for: get-intrinsic@1.3.0 want: ^1.1.0
2215 silly fetch manifest dunder-proto@^1.0.1
2216 silly packumentCache full:https://registry.npmjs.org/dunder-proto cache-miss
2217 http fetch GET 200 https://registry.npmjs.org/dunder-proto 34ms (cache miss)
2218 silly packumentCache full:https://registry.npmjs.org/dunder-proto set size:undefined disposed:false
2219 silly placeDep ROOT dunder-proto@1.0.1 OK for: get-proto@1.0.1 want: ^1.0.1
2220 silly placeDep ROOT fs.realpath@1.0.0 OK for: glob@7.2.3 want: ^1.0.0
2221 silly placeDep ROOT inflight@1.0.6 OK for: glob@7.2.3 want: ^1.0.4
2222 silly placeDep ROOT inherits@2.0.4 OK for: glob@7.2.3 want: 2
2223 silly placeDep node_modules/glob minimatch@3.1.5 OK for: glob@7.2.3 want: ^3.1.1
2224 silly placeDep ROOT once@1.4.0 OK for: glob@7.2.3 want: ^1.3.0
2225 silly placeDep ROOT path-is-absolute@1.0.1 OK for: glob@7.2.3 want: ^1.0.0
2226 silly fetch manifest wrappy@1
2227 silly packumentCache full:https://registry.npmjs.org/wrappy cache-miss
2228 silly fetch manifest brace-expansion@^1.1.7
2229 silly packumentCache full:https://registry.npmjs.org/brace-expansion cache-miss
2230 silly fetch manifest wrappy@1
2231 silly packumentCache full:https://registry.npmjs.org/wrappy cache-miss
2232 http cache https://registry.npmjs.org/brace-expansion 17ms (cache hit)
2233 silly packumentCache full:https://registry.npmjs.org/brace-expansion set size:72152 disposed:false
2234 http fetch GET 200 https://registry.npmjs.org/wrappy 31ms (cache miss)
2235 silly packumentCache full:https://registry.npmjs.org/wrappy set size:undefined disposed:false
2236 http fetch GET 200 https://registry.npmjs.org/wrappy 37ms (cache miss)
2237 silly packumentCache full:https://registry.npmjs.org/wrappy set size:undefined disposed:false
2238 silly placeDep ROOT hermes-estree@0.32.0 OK for: hermes-parser@0.32.0 want: 0.32.0
2239 silly placeDep ROOT agent-base@6.0.2 OK for: https-proxy-agent@5.0.1 want: 6
2240 silly placeDep ROOT wrappy@1.0.2 OK for: inflight@1.0.6 want: 1
2241 silly placeDep ROOT loose-envify@1.4.0 OK for: invariant@2.2.4 want: ^1.0.0
2242 silly placeDep ROOT yallist@3.1.1 OK for: lru-cache@5.1.1 want: ^3.0.2
2243 silly placeDep ROOT is-plain-obj@2.1.0 OK for: merge-options@3.0.4 want: ^2.1.0
2244 silly fetch manifest bufferutil@^4.0.1
2245 silly packumentCache full:https://registry.npmjs.org/bufferutil cache-miss
2246 http fetch GET 200 https://registry.npmjs.org/bufferutil 38ms (cache miss)
2247 silly packumentCache full:https://registry.npmjs.org/bufferutil set size:undefined disposed:false
2248 silly fetch manifest utf-8-validate@^5.0.2
2249 silly packumentCache full:https://registry.npmjs.org/utf-8-validate cache-miss
2250 http fetch GET 200 https://registry.npmjs.org/utf-8-validate 38ms (cache miss)
2251 silly packumentCache full:https://registry.npmjs.org/utf-8-validate set size:undefined disposed:false
2252 silly placeDep ROOT accepts@1.3.8 OK for: metro@0.83.3 want: ^1.3.7
2253 silly placeDep ROOT ci-info@2.0.0 OK for: metro@0.83.3 want: ^2.0.0
2254 silly placeDep ROOT connect@3.7.0 OK for: metro@0.83.3 want: ^3.6.5
2255 silly placeDep ROOT error-stack-parser@2.1.4 OK for: metro@0.83.3 want: ^2.0.6
2256 silly placeDep ROOT flow-enums-runtime@0.0.6 OK for: metro@0.83.3 want: ^0.0.6
2257 silly placeDep ROOT graceful-fs@4.2.11 OK for: metro@0.83.3 want: ^4.2.4
2258 silly placeDep ROOT image-size@1.2.1 OK for: metro@0.83.3 want: ^1.0.2
2259 silly placeDep ROOT jest-worker@29.7.0 OK for: metro@0.83.3 want: ^29.7.0
2260 silly placeDep ROOT jsc-safe-url@0.2.4 OK for: metro@0.83.3 want: ^0.2.2
2261 silly placeDep ROOT lodash.throttle@4.1.1 OK for: metro@0.83.3 want: ^4.1.1
2262 silly placeDep ROOT serialize-error@2.1.0 OK for: metro@0.83.3 want: ^2.1.0
2263 silly placeDep ROOT source-map@0.5.7 OK for: metro@0.83.3 want: ^0.5.6
2264 silly placeDep ROOT throat@5.0.0 OK for: metro@0.83.3 want: ^5.0.0
2265 silly placeDep ROOT ws@7.5.11 OK for: metro@0.83.3 want: ^7.5.10
2266 silly fetch manifest negotiator@0.6.3
2267 silly packumentCache full:https://registry.npmjs.org/negotiator cache-miss
2268 silly fetch manifest debug@2.6.9
2269 silly packumentCache full:https://registry.npmjs.org/debug cache-hit
2270 silly fetch manifest finalhandler@1.1.2
2271 silly packumentCache full:https://registry.npmjs.org/finalhandler cache-miss
2272 silly fetch manifest parseurl@~1.3.3
2273 silly packumentCache full:https://registry.npmjs.org/parseurl cache-miss
2274 silly fetch manifest utils-merge@1.0.1
2275 silly packumentCache full:https://registry.npmjs.org/utils-merge cache-miss
2276 silly fetch manifest stackframe@^1.3.4
2277 silly packumentCache full:https://registry.npmjs.org/stackframe cache-miss
2278 silly fetch manifest queue@6.0.2
2279 silly packumentCache full:https://registry.npmjs.org/queue cache-miss
2280 silly fetch manifest jest-util@^29.7.0
2281 silly packumentCache full:https://registry.npmjs.org/jest-util cache-miss
2282 silly fetch manifest @types/node@*
2283 silly packumentCache full:https://registry.npmjs.org/@types%2fnode cache-miss
2284 silly fetch manifest merge-stream@^2.0.0
2285 silly packumentCache full:https://registry.npmjs.org/merge-stream cache-miss
2286 silly fetch manifest supports-color@^8.0.0
2287 silly packumentCache full:https://registry.npmjs.org/supports-color cache-miss
2288 http cache https://registry.npmjs.org/supports-color 9ms (cache hit)
2289 silly packumentCache full:https://registry.npmjs.org/supports-color set size:118680 disposed:false
2290 http fetch GET 200 https://registry.npmjs.org/parseurl 33ms (cache miss)
2291 silly packumentCache full:https://registry.npmjs.org/parseurl set size:undefined disposed:false
2292 http fetch GET 200 https://registry.npmjs.org/negotiator 36ms (cache miss)
2293 silly packumentCache full:https://registry.npmjs.org/negotiator set size:undefined disposed:false
2294 http fetch GET 200 https://registry.npmjs.org/utils-merge 45ms (cache miss)
2295 silly packumentCache full:https://registry.npmjs.org/utils-merge set size:undefined disposed:false
2296 http fetch GET 200 https://registry.npmjs.org/finalhandler 46ms (cache miss)
2297 silly packumentCache full:https://registry.npmjs.org/finalhandler set size:undefined disposed:false
2298 http fetch GET 200 https://registry.npmjs.org/queue 49ms (cache miss)
2299 silly packumentCache full:https://registry.npmjs.org/queue set size:undefined disposed:false
2300 http fetch GET 200 https://registry.npmjs.org/stackframe 51ms (cache miss)
2301 silly packumentCache full:https://registry.npmjs.org/stackframe set size:undefined disposed:false
2302 http fetch GET 200 https://registry.npmjs.org/jest-util 81ms (cache miss)
2303 silly packumentCache full:https://registry.npmjs.org/jest-util set size:undefined disposed:false
2304 http fetch GET 200 https://registry.npmjs.org/merge-stream 226ms (cache miss)
2305 silly packumentCache full:https://registry.npmjs.org/merge-stream set size:undefined disposed:false
2306 http fetch GET 200 https://registry.npmjs.org/@types%2fnode 322ms (cache miss)
2307 silly packumentCache full:https://registry.npmjs.org/@types%2fnode set size:undefined disposed:false
2308 silly placeDep ROOT negotiator@0.6.3 OK for: accepts@1.3.8 want: 0.6.3
2309 silly placeDep node_modules/connect debug@2.6.9 OK for: connect@3.7.0 want: 2.6.9
2310 silly placeDep ROOT finalhandler@1.1.2 OK for: connect@3.7.0 want: 1.1.2
2311 silly placeDep ROOT parseurl@1.3.3 OK for: connect@3.7.0 want: ~1.3.3
2312 silly placeDep ROOT utils-merge@1.0.1 OK for: connect@3.7.0 want: 1.0.1
2313 silly fetch manifest ms@2.0.0
2314 silly packumentCache full:https://registry.npmjs.org/ms cache-miss
2315 silly fetch manifest unpipe@~1.0.0
2316 silly packumentCache full:https://registry.npmjs.org/unpipe cache-miss
2317 silly fetch manifest statuses@~1.5.0
2318 silly packumentCache full:https://registry.npmjs.org/statuses cache-miss
2319 silly fetch manifest encodeurl@~1.0.2
2320 silly packumentCache full:https://registry.npmjs.org/encodeurl cache-miss
2321 silly fetch manifest escape-html@~1.0.3
2322 silly packumentCache full:https://registry.npmjs.org/escape-html cache-miss
2323 silly fetch manifest on-finished@~2.3.0
2324 silly packumentCache full:https://registry.npmjs.org/on-finished cache-miss
2325 http cache https://registry.npmjs.org/ms 25ms (cache hit)
2326 silly packumentCache full:https://registry.npmjs.org/ms set size:92208 disposed:false
2327 http fetch GET 200 https://registry.npmjs.org/on-finished 42ms (cache miss)
2328 silly packumentCache full:https://registry.npmjs.org/on-finished set size:undefined disposed:false
2329 http fetch GET 200 https://registry.npmjs.org/escape-html 44ms (cache miss)
2330 silly packumentCache full:https://registry.npmjs.org/escape-html set size:undefined disposed:false
2331 http fetch GET 200 https://registry.npmjs.org/unpipe 46ms (cache miss)
2332 silly packumentCache full:https://registry.npmjs.org/unpipe set size:undefined disposed:false
2333 http fetch GET 200 https://registry.npmjs.org/encodeurl 47ms (cache miss)
2334 silly packumentCache full:https://registry.npmjs.org/encodeurl set size:undefined disposed:false
2335 http fetch GET 200 https://registry.npmjs.org/statuses 54ms (cache miss)
2336 silly packumentCache full:https://registry.npmjs.org/statuses set size:undefined disposed:false
2337 silly placeDep ROOT stackframe@1.3.4 OK for: error-stack-parser@2.1.4 want: ^1.3.4
2338 silly placeDep node_modules/finalhandler debug@2.6.9 OK for: finalhandler@1.1.2 want: 2.6.9
2339 silly placeDep ROOT encodeurl@1.0.2 OK for: finalhandler@1.1.2 want: ~1.0.2
2340 silly placeDep ROOT escape-html@1.0.3 OK for: finalhandler@1.1.2 want: ~1.0.3
2341 silly placeDep ROOT on-finished@2.3.0 OK for: finalhandler@1.1.2 want: ~2.3.0
2342 silly placeDep ROOT statuses@1.5.0 OK for: finalhandler@1.1.2 want: ~1.5.0
2343 silly placeDep ROOT unpipe@1.0.0 OK for: finalhandler@1.1.2 want: ~1.0.0
2344 silly fetch manifest ee-first@1.1.1
2345 silly packumentCache full:https://registry.npmjs.org/ee-first cache-miss
2346 http fetch GET 200 https://registry.npmjs.org/ee-first 32ms (cache miss)
2347 silly packumentCache full:https://registry.npmjs.org/ee-first set size:undefined disposed:false
2348 silly placeDep ROOT queue@6.0.2 OK for: image-size@1.2.1 want: 6.0.2
2349 silly placeDep ROOT @types/node@25.9.3 OK for: jest-worker@29.7.0 want: *
2350 silly placeDep ROOT jest-util@29.7.0 OK for: jest-worker@29.7.0 want: ^29.7.0
2351 silly placeDep ROOT merge-stream@2.0.0 OK for: jest-worker@29.7.0 want: ^2.0.0
2352 silly placeDep node_modules/jest-worker supports-color@8.1.1 OK for: jest-worker@29.7.0 want: ^8.0.0
2353 silly fetch manifest undici-types@>=7.24.0 <7.24.7
2354 silly packumentCache full:https://registry.npmjs.org/undici-types cache-miss
2355 silly fetch manifest ci-info@^3.2.0
2356 silly packumentCache full:https://registry.npmjs.org/ci-info cache-hit
2357 silly fetch manifest picomatch@^2.2.3
2358 silly packumentCache full:https://registry.npmjs.org/picomatch cache-miss
2359 silly fetch manifest @jest/types@^29.6.3
2360 silly packumentCache full:https://registry.npmjs.org/@jest%2ftypes cache-miss
2361 http cache https://registry.npmjs.org/picomatch 5ms (cache hit)
2362 silly packumentCache full:https://registry.npmjs.org/picomatch set size:126376 disposed:false
2363 http fetch GET 200 https://registry.npmjs.org/undici-types 45ms (cache miss)
2364 silly packumentCache full:https://registry.npmjs.org/undici-types set size:undefined disposed:false
2365 http fetch GET 200 https://registry.npmjs.org/@jest%2ftypes 83ms (cache miss)
2366 silly packumentCache full:https://registry.npmjs.org/@jest%2ftypes set size:undefined disposed:false
2367 silly placeDep ROOT undici-types@7.24.6 OK for: @types/node@25.9.3 want: >=7.24.0 <7.24.7
2368 silly placeDep ROOT @jest/types@29.6.3 OK for: jest-util@29.7.0 want: ^29.6.3
2369 silly placeDep node_modules/jest-util ci-info@3.9.0 OK for: jest-util@29.7.0 want: ^3.2.0
2370 silly placeDep ROOT picomatch@2.3.2 OK for: jest-util@29.7.0 want: ^2.2.3
2371 silly fetch manifest @types/yargs@^17.0.8
2372 silly packumentCache full:https://registry.npmjs.org/@types%2fyargs cache-miss
2373 silly fetch manifest @types/istanbul-reports@^3.0.0
2374 silly packumentCache full:https://registry.npmjs.org/@types%2fistanbul-reports cache-miss
2375 silly fetch manifest @types/istanbul-lib-coverage@^2.0.0
2376 silly packumentCache full:https://registry.npmjs.org/@types%2fistanbul-lib-coverage cache-miss
2377 http fetch GET 200 https://registry.npmjs.org/@types%2fistanbul-reports 47ms (cache miss)
2378 silly packumentCache full:https://registry.npmjs.org/@types%2fistanbul-reports set size:undefined disposed:false
2379 http fetch GET 200 https://registry.npmjs.org/@types%2fistanbul-lib-coverage 56ms (cache miss)
2380 silly packumentCache full:https://registry.npmjs.org/@types%2fistanbul-lib-coverage set size:undefined disposed:false
2381 http fetch GET 200 https://registry.npmjs.org/@types%2fyargs 71ms (cache miss)
2382 silly packumentCache full:https://registry.npmjs.org/@types%2fyargs set size:undefined disposed:false
2383 silly placeDep ROOT @jest/schemas@29.6.3 OK for: @jest/types@29.6.3 want: ^29.6.3
2384 silly placeDep ROOT @types/istanbul-lib-coverage@2.0.6 OK for: @jest/types@29.6.3 want: ^2.0.0
2385 silly placeDep ROOT @types/istanbul-reports@3.0.4 OK for: @jest/types@29.6.3 want: ^3.0.0
2386 silly placeDep ROOT @types/yargs@17.0.35 OK for: @jest/types@29.6.3 want: ^17.0.8
2387 silly fetch manifest @sinclair/typebox@^0.27.8
2388 silly packumentCache full:https://registry.npmjs.org/@sinclair%2ftypebox cache-miss
2389 silly fetch manifest @types/istanbul-lib-report@*
2390 silly packumentCache full:https://registry.npmjs.org/@types%2fistanbul-lib-report cache-miss
2391 silly fetch manifest @types/yargs-parser@*
2392 silly packumentCache full:https://registry.npmjs.org/@types%2fyargs-parser cache-miss
2393 http fetch GET 200 https://registry.npmjs.org/@types%2fyargs-parser 48ms (cache miss)
2394 silly packumentCache full:https://registry.npmjs.org/@types%2fyargs-parser set size:undefined disposed:false
2395 http fetch GET 200 https://registry.npmjs.org/@types%2fistanbul-lib-report 49ms (cache miss)
2396 silly packumentCache full:https://registry.npmjs.org/@types%2fistanbul-lib-report set size:undefined disposed:false
2397 http fetch GET 200 https://registry.npmjs.org/@sinclair%2ftypebox 77ms (cache miss)
2398 silly packumentCache full:https://registry.npmjs.org/@sinclair%2ftypebox set size:undefined disposed:false
2399 silly placeDep ROOT @sinclair/typebox@0.27.10 OK for: @jest/schemas@29.6.3 want: ^0.27.8
2400 silly placeDep ROOT @types/istanbul-lib-report@3.0.3 OK for: @types/istanbul-reports@3.0.4 want: *
2401 silly placeDep ROOT @types/yargs-parser@21.0.3 OK for: @types/yargs@17.0.35 want: *
2402 silly placeDep ROOT exponential-backoff@3.1.3 OK for: metro-cache@0.83.3 want: ^3.1.1
2403 silly placeDep node_modules/metro-cache https-proxy-agent@7.0.6 OK for: metro-cache@0.83.3 want: ^7.0.5
2404 silly fetch manifest agent-base@^7.1.2
2405 silly packumentCache full:https://registry.npmjs.org/agent-base cache-miss
2406 http cache https://registry.npmjs.org/agent-base 10ms (cache hit)
2407 silly packumentCache full:https://registry.npmjs.org/agent-base set size:72085 disposed:false
2408 silly placeDep ROOT jest-validate@29.7.0 OK for: metro-config@0.83.3 want: ^29.7.0
2409 silly placeDep ROOT yaml@2.9.0 OK for: metro-config@0.83.3 want: ^2.6.1
2410 silly fetch manifest leven@^3.1.0
2411 silly packumentCache full:https://registry.npmjs.org/leven cache-miss
2412 silly fetch manifest camelcase@^6.2.0
2413 silly packumentCache full:https://registry.npmjs.org/camelcase cache-miss
2414 silly fetch manifest jest-get-type@^29.6.3
2415 silly packumentCache full:https://registry.npmjs.org/jest-get-type cache-miss
2416 http fetch GET 200 https://registry.npmjs.org/leven 37ms (cache miss)
2417 silly packumentCache full:https://registry.npmjs.org/leven set size:undefined disposed:false
2418 http fetch GET 200 https://registry.npmjs.org/camelcase 38ms (cache miss)
2419 silly packumentCache full:https://registry.npmjs.org/camelcase set size:undefined disposed:false
2420 http fetch GET 200 https://registry.npmjs.org/jest-get-type 42ms (cache miss)
2421 silly packumentCache full:https://registry.npmjs.org/jest-get-type set size:undefined disposed:false
2422 silly placeDep ROOT camelcase@6.3.0 OK for: jest-validate@29.7.0 want: ^6.2.0
2423 silly placeDep ROOT jest-get-type@29.6.3 OK for: jest-validate@29.7.0 want: ^29.6.3
2424 silly placeDep ROOT leven@3.1.0 OK for: jest-validate@29.7.0 want: ^3.1.0
2425 silly placeDep ROOT fb-watchman@2.0.2 OK for: metro-file-map@0.83.3 want: ^2.0.0
2426 silly placeDep ROOT micromatch@4.0.8 OK for: metro-file-map@0.83.3 want: ^4.0.4
2427 silly placeDep ROOT walker@1.0.8 OK for: metro-file-map@0.83.3 want: ^1.0.7
2428 silly fetch manifest bser@2.1.1
2429 silly packumentCache full:https://registry.npmjs.org/bser cache-miss
2430 silly fetch manifest braces@^3.0.3
2431 silly packumentCache full:https://registry.npmjs.org/braces cache-miss
2432 silly fetch manifest makeerror@1.0.12
2433 silly packumentCache full:https://registry.npmjs.org/makeerror cache-miss
2434 http fetch GET 200 https://registry.npmjs.org/makeerror 31ms (cache miss)
2435 silly packumentCache full:https://registry.npmjs.org/makeerror set size:undefined disposed:false
2436 http fetch GET 200 https://registry.npmjs.org/bser 39ms (cache miss)
2437 silly packumentCache full:https://registry.npmjs.org/bser set size:undefined disposed:false
2438 http fetch GET 200 https://registry.npmjs.org/braces 40ms (cache miss)
2439 silly packumentCache full:https://registry.npmjs.org/braces set size:undefined disposed:false
2440 silly placeDep ROOT bser@2.1.1 OK for: fb-watchman@2.0.2 want: 2.1.1
2441 silly fetch manifest node-int64@^0.4.0
2442 silly packumentCache full:https://registry.npmjs.org/node-int64 cache-miss
2443 http fetch GET 200 https://registry.npmjs.org/node-int64 36ms (cache miss)
2444 silly packumentCache full:https://registry.npmjs.org/node-int64 set size:undefined disposed:false
2445 silly placeDep ROOT node-int64@0.4.0 OK for: bser@2.1.1 want: ^0.4.0
2446 silly placeDep ROOT terser@5.48.0 OK for: metro-minify-terser@0.83.3 want: ^5.15.0
2447 silly fetch manifest @jridgewell/source-map@^0.3.3
2448 silly packumentCache full:https://registry.npmjs.org/@jridgewell%2fsource-map cache-miss
2449 silly fetch manifest acorn@^8.15.0
2450 silly packumentCache full:https://registry.npmjs.org/acorn cache-miss
2451 silly fetch manifest commander@^2.20.0
2452 silly packumentCache full:https://registry.npmjs.org/commander cache-hit
2453 silly fetch manifest source-map-support@~0.5.20
2454 silly packumentCache full:https://registry.npmjs.org/source-map-support cache-miss
2455 http cache https://registry.npmjs.org/source-map-support 6ms (cache hit)
2456 silly packumentCache full:https://registry.npmjs.org/source-map-support set size:125488 disposed:false
2457 http fetch GET 200 https://registry.npmjs.org/acorn 41ms (cache miss)
2458 silly packumentCache full:https://registry.npmjs.org/acorn set size:undefined disposed:false
2459 http fetch GET 200 https://registry.npmjs.org/@jridgewell%2fsource-map 91ms (cache miss)
2460 silly packumentCache full:https://registry.npmjs.org/@jridgewell%2fsource-map set size:undefined disposed:false
2461 silly placeDep ROOT @babel/traverse--for-generate-function-map@7.29.7 OK for: metro-source-map@0.83.3 want: npm:@babel/traverse@^7.25.3
2462 silly placeDep ROOT ob1@0.83.3 OK for: metro-source-map@0.83.3 want: 0.83.3
2463 silly placeDep ROOT vlq@1.0.1 OK for: metro-source-map@0.83.3 want: ^1.0.0
2464 silly placeDep ROOT braces@3.0.3 OK for: micromatch@4.0.8 want: ^3.0.3
2465 silly fetch manifest fill-range@^7.1.1
2466 silly packumentCache full:https://registry.npmjs.org/fill-range cache-miss
2467 http fetch GET 200 https://registry.npmjs.org/fill-range 35ms (cache miss)
2468 silly packumentCache full:https://registry.npmjs.org/fill-range set size:undefined disposed:false
2469 silly placeDep ROOT fill-range@7.1.1 OK for: braces@3.0.3 want: ^7.1.1
2470 silly fetch manifest to-regex-range@^5.0.1
2471 silly packumentCache full:https://registry.npmjs.org/to-regex-range cache-miss
2472 http fetch GET 200 https://registry.npmjs.org/to-regex-range 35ms (cache miss)
2473 silly packumentCache full:https://registry.npmjs.org/to-regex-range set size:undefined disposed:false
2474 silly placeDep ROOT to-regex-range@5.0.1 OK for: fill-range@7.1.1 want: ^5.0.1
2475 silly fetch manifest is-number@^7.0.0
2476 silly packumentCache full:https://registry.npmjs.org/is-number cache-miss
2477 http fetch GET 200 https://registry.npmjs.org/is-number 37ms (cache miss)
2478 silly packumentCache full:https://registry.npmjs.org/is-number set size:undefined disposed:false
2479 silly placeDep ROOT mime-db@1.52.0 OK for: mime-types@2.1.35 want: 1.52.0
2480 silly placeDep ROOT brace-expansion@5.0.6 OK for: minimatch@10.2.5 want: ^5.0.5
2481 silly fetch manifest balanced-match@^4.0.2
2482 silly packumentCache full:https://registry.npmjs.org/balanced-match cache-miss
2483 http fetch GET 200 https://registry.npmjs.org/balanced-match 40ms (cache miss)
2484 silly packumentCache full:https://registry.npmjs.org/balanced-match set size:undefined disposed:false
2485 silly placeDep ROOT balanced-match@4.0.4 OK for: brace-expansion@5.0.6 want: ^4.0.2
2486 silly placeDep ROOT ee-first@1.1.1 OK for: on-finished@2.3.0 want: 1.1.1
2487 silly placeDep ROOT yocto-queue@0.1.0 OK for: p-limit@3.1.0 want: ^0.1.0
2488 silly placeDep ROOT pngjs@3.4.0 OK for: parse-png@2.1.0 want: ^3.3.0
2489 silly placeDep node_modules/pretty-format ansi-styles@5.2.0 OK for: pretty-format@29.7.0 want: ^5.0.0
2490 silly placeDep node_modules/pretty-format react-is@18.3.1 OK for: pretty-format@29.7.0 want: ^18.0.0
2491 silly placeDep ROOT decode-uri-component@0.2.2 OK for: query-string@7.1.3 want: ^0.2.2
2492 silly placeDep ROOT filter-obj@1.1.0 OK for: query-string@7.1.3 want: ^1.1.0
2493 silly placeDep ROOT split-on-first@1.1.0 OK for: query-string@7.1.3 want: ^1.0.0
2494 silly placeDep ROOT strict-uri-encode@2.0.0 OK for: query-string@7.1.3 want: ^2.0.0
2495 silly fetch manifest @babel/core@^7.8.0
2496 silly packumentCache full:https://registry.npmjs.org/@babel%2fcore cache-hit
2497 silly fetch manifest react@^19.1.0
2498 silly packumentCache full:https://registry.npmjs.org/react cache-miss
2499 http cache https://registry.npmjs.org/react 18ms (cache hit)
2500 silly packumentCache full:https://registry.npmjs.org/react set size:6693019 disposed:false
2501 silly fetch manifest @react-native-community/cli@*
2502 silly packumentCache full:https://registry.npmjs.org/@react-native-community%2fcli cache-miss
2503 http fetch GET 200 https://registry.npmjs.org/@react-native-community%2fcli 122ms (cache miss)
2504 silly packumentCache full:https://registry.npmjs.org/@react-native-community%2fcli set size:undefined disposed:false
2505 silly placeDep ROOT @jest/create-cache-key-function@29.7.0 OK for: react-native@0.81.5 want: ^29.7.0
2506 silly placeDep ROOT @react-native/assets-registry@0.81.5 OK for: react-native@0.81.5 want: 0.81.5
2507 silly placeDep node_modules/react-native @react-native/codegen@0.81.5 OK for: react-native@0.81.5 want: 0.81.5
2508 silly placeDep ROOT @react-native/community-cli-plugin@0.81.5 OK for: react-native@0.81.5 want: 0.81.5
2509 silly placeDep ROOT @react-native/gradle-plugin@0.81.5 OK for: react-native@0.81.5 want: 0.81.5
2510 silly placeDep ROOT @react-native/js-polyfills@0.81.5 OK for: react-native@0.81.5 want: 0.81.5
2511 silly placeDep ROOT @react-native/normalize-colors@0.81.5 OK for: react-native@0.81.5 want: 0.81.5
2512 silly placeDep node_modules/react-native @react-native/virtualized-lists@0.81.5 CONFLICT for: react-native@0.81.5 want: 0.81.5
2513 silly placeDep ROOT abort-controller@3.0.0 OK for: react-native@0.81.5 want: ^3.0.0
2514 silly placeDep ROOT anser@1.4.10 OK for: react-native@0.81.5 want: ^1.4.9
2515 silly placeDep ROOT ansi-regex@5.0.1 OK for: react-native@0.81.5 want: ^5.0.0
2516 silly placeDep ROOT babel-jest@29.7.0 OK for: react-native@0.81.5 want: ^29.7.0
2517 silly placeDep node_modules/react-native babel-plugin-syntax-hermes-parser@0.29.1 OK for: react-native@0.81.5 want: 0.29.1
2518 silly placeDep node_modules/react-native commander@12.1.0 OK for: react-native@0.81.5 want: ^12.0.0
2519 silly placeDep ROOT jest-environment-node@29.7.0 OK for: react-native@0.81.5 want: ^29.7.0
2520 silly placeDep ROOT memoize-one@5.2.1 OK for: react-native@0.81.5 want: ^5.0.0
2521 silly placeDep ROOT promise@8.3.0 OK for: react-native@0.81.5 want: ^8.3.0
2522 silly placeDep ROOT react-devtools-core@6.1.5 OK for: react-native@0.81.5 want: ^6.1.5
2523 silly placeDep node_modules/react-native react-refresh@0.14.2 OK for: react-native@0.81.5 want: ^0.14.0
2524 silly placeDep ROOT regenerator-runtime@0.13.11 OK for: react-native@0.81.5 want: ^0.13.2
2525 silly placeDep ROOT scheduler@0.26.0 OK for: react-native@0.81.5 want: 0.26.0
2526 silly placeDep node_modules/react-native semver@7.8.4 OK for: react-native@0.81.5 want: ^7.1.3
2527 silly placeDep ROOT stacktrace-parser@0.1.11 OK for: react-native@0.81.5 want: ^0.1.10
2528 silly placeDep ROOT whatwg-fetch@3.6.20 OK for: react-native@0.81.5 want: ^3.0.0
2529 silly placeDep node_modules/react-native ws@6.2.4 OK for: react-native@0.81.5 want: ^6.2.3
2530 silly fetch manifest hermes-parser@0.29.1
2531 silly packumentCache full:https://registry.npmjs.org/hermes-parser cache-hit
2532 silly fetch manifest event-target-shim@^5.0.0
2533 silly packumentCache full:https://registry.npmjs.org/event-target-shim cache-miss
2534 silly fetch manifest @jest/transform@^29.7.0
2535 silly packumentCache full:https://registry.npmjs.org/@jest%2ftransform cache-miss
2536 silly fetch manifest babel-preset-jest@^29.6.3
2537 silly packumentCache full:https://registry.npmjs.org/babel-preset-jest cache-miss
2538 silly fetch manifest @types/babel__core@^7.1.14
2539 silly packumentCache full:https://registry.npmjs.org/@types%2fbabel__core cache-miss
2540 silly fetch manifest babel-plugin-istanbul@^6.1.1
2541 silly packumentCache full:https://registry.npmjs.org/babel-plugin-istanbul cache-miss
2542 silly fetch manifest hermes-parser@0.29.1
2543 silly packumentCache full:https://registry.npmjs.org/hermes-parser cache-hit
2544 silly fetch manifest jest-mock@^29.7.0
2545 silly packumentCache full:https://registry.npmjs.org/jest-mock cache-miss
2546 silly fetch manifest @jest/environment@^29.7.0
2547 silly packumentCache full:https://registry.npmjs.org/@jest%2fenvironment cache-miss
2548 silly fetch manifest @jest/fake-timers@^29.7.0
2549 silly packumentCache full:https://registry.npmjs.org/@jest%2ffake-timers cache-miss
2550 silly fetch manifest asap@~2.0.6
2551 silly packumentCache full:https://registry.npmjs.org/asap cache-miss
2552 silly fetch manifest shell-quote@^1.6.1
2553 silly packumentCache full:https://registry.npmjs.org/shell-quote cache-miss
2554 silly fetch manifest type-fest@^0.7.1
2555 silly packumentCache full:https://registry.npmjs.org/type-fest cache-miss
2556 http fetch GET 200 https://registry.npmjs.org/event-target-shim 42ms (cache miss)
2557 silly packumentCache full:https://registry.npmjs.org/event-target-shim set size:undefined disposed:false
2558 silly fetch manifest async-limiter@~1.0.0
2559 silly packumentCache full:https://registry.npmjs.org/async-limiter cache-miss
2560 http fetch GET 200 https://registry.npmjs.org/asap 44ms (cache miss)
2561 silly packumentCache full:https://registry.npmjs.org/asap set size:undefined disposed:false
2562 http fetch GET 200 https://registry.npmjs.org/shell-quote 48ms (cache miss)
2563 silly packumentCache full:https://registry.npmjs.org/shell-quote set size:undefined disposed:false
2564 http fetch GET 200 https://registry.npmjs.org/babel-plugin-istanbul 54ms (cache miss)
2565 silly packumentCache full:https://registry.npmjs.org/babel-plugin-istanbul set size:undefined disposed:false
2566 http fetch GET 200 https://registry.npmjs.org/@types%2fbabel__core 62ms (cache miss)
2567 silly packumentCache full:https://registry.npmjs.org/@types%2fbabel__core set size:undefined disposed:false
2568 http fetch GET 200 https://registry.npmjs.org/type-fest 64ms (cache miss)
2569 silly packumentCache full:https://registry.npmjs.org/type-fest set size:undefined disposed:false
2570 http fetch GET 200 https://registry.npmjs.org/async-limiter 34ms (cache miss)
2571 silly packumentCache full:https://registry.npmjs.org/async-limiter set size:undefined disposed:false
2572 http fetch GET 200 https://registry.npmjs.org/@jest%2fenvironment 86ms (cache miss)
2573 silly packumentCache full:https://registry.npmjs.org/@jest%2fenvironment set size:undefined disposed:false
2574 http fetch GET 200 https://registry.npmjs.org/@jest%2ftransform 95ms (cache miss)
2575 silly packumentCache full:https://registry.npmjs.org/@jest%2ftransform set size:undefined disposed:false
2576 http fetch GET 200 https://registry.npmjs.org/jest-mock 99ms (cache miss)
2577 silly packumentCache full:https://registry.npmjs.org/jest-mock set size:undefined disposed:false
2578 http fetch GET 200 https://registry.npmjs.org/babel-preset-jest 118ms (cache miss)
2579 silly packumentCache full:https://registry.npmjs.org/babel-preset-jest set size:undefined disposed:false
2580 http fetch GET 200 https://registry.npmjs.org/@jest%2ffake-timers 258ms (cache miss)
2581 silly packumentCache full:https://registry.npmjs.org/@jest%2ffake-timers set size:undefined disposed:false
2582 silly placeDep ROOT @react-native/dev-middleware@0.81.5 OK for: @react-native/community-cli-plugin@0.81.5 want: 0.81.5
2583 silly placeDep node_modules/@react-native/community-cli-plugin semver@7.8.4 OK for: @react-native/community-cli-plugin@0.81.5 want: ^7.1.3
2584 silly fetch manifest open@^7.0.3
2585 silly packumentCache full:https://registry.npmjs.org/open cache-miss
2586 silly fetch manifest serve-static@^1.16.2
2587 silly packumentCache full:https://registry.npmjs.org/serve-static cache-miss
2588 silly fetch manifest chrome-launcher@^0.15.2
2589 silly packumentCache full:https://registry.npmjs.org/chrome-launcher cache-miss
2590 silly fetch manifest @isaacs/ttlcache@^1.4.1
2591 silly packumentCache full:https://registry.npmjs.org/@isaacs%2fttlcache cache-miss
2592 silly fetch manifest chromium-edge-launcher@^0.2.0
2593 silly packumentCache full:https://registry.npmjs.org/chromium-edge-launcher cache-miss
2594 silly fetch manifest @react-native/debugger-frontend@0.81.5
2595 silly packumentCache full:https://registry.npmjs.org/@react-native%2fdebugger-frontend cache-miss
2596 http fetch GET 200 https://registry.npmjs.org/serve-static 38ms (cache miss)
2597 silly packumentCache full:https://registry.npmjs.org/serve-static set size:undefined disposed:false
2598 http fetch GET 200 https://registry.npmjs.org/open 44ms (cache miss)
2599 silly packumentCache full:https://registry.npmjs.org/open set size:undefined disposed:false
2600 http fetch GET 200 https://registry.npmjs.org/chromium-edge-launcher 44ms (cache miss)
2601 silly packumentCache full:https://registry.npmjs.org/chromium-edge-launcher set size:undefined disposed:false
2602 http fetch GET 200 https://registry.npmjs.org/chrome-launcher 59ms (cache miss)
2603 silly packumentCache full:https://registry.npmjs.org/chrome-launcher set size:undefined disposed:false
2604 http fetch GET 200 https://registry.npmjs.org/@isaacs%2fttlcache 64ms (cache miss)
2605 silly packumentCache full:https://registry.npmjs.org/@isaacs%2fttlcache set size:undefined disposed:false
2606 http fetch GET 200 https://registry.npmjs.org/@react-native%2fdebugger-frontend 115ms (cache miss)
2607 silly packumentCache full:https://registry.npmjs.org/@react-native%2fdebugger-frontend set size:undefined disposed:false
2608 silly placeDep ROOT @isaacs/ttlcache@1.4.1 OK for: @react-native/dev-middleware@0.81.5 want: ^1.4.1
2609 silly placeDep ROOT @react-native/debugger-frontend@0.81.5 OK for: @react-native/dev-middleware@0.81.5 want: 0.81.5
2610 silly placeDep ROOT chrome-launcher@0.15.2 OK for: @react-native/dev-middleware@0.81.5 want: ^0.15.2
2611 silly placeDep ROOT chromium-edge-launcher@0.2.0 OK for: @react-native/dev-middleware@0.81.5 want: ^0.2.0
2612 silly placeDep ROOT open@7.4.2 OK for: @react-native/dev-middleware@0.81.5 want: ^7.0.3
2613 silly placeDep ROOT serve-static@1.16.3 OK for: @react-native/dev-middleware@0.81.5 want: ^1.16.2
2614 silly placeDep node_modules/@react-native/dev-middleware ws@6.2.4 OK for: @react-native/dev-middleware@0.81.5 want: ^6.2.3
2615 silly fetch manifest is-wsl@^2.2.0
2616 silly packumentCache full:https://registry.npmjs.org/is-wsl cache-miss
2617 silly fetch manifest lighthouse-logger@^1.0.0
2618 silly packumentCache full:https://registry.npmjs.org/lighthouse-logger cache-miss
2619 silly fetch manifest is-wsl@^2.2.0
2620 silly packumentCache full:https://registry.npmjs.org/is-wsl cache-miss
2621 silly fetch manifest mkdirp@^1.0.4
2622 silly packumentCache full:https://registry.npmjs.org/mkdirp cache-miss
2623 silly fetch manifest rimraf@^3.0.2
2624 silly packumentCache full:https://registry.npmjs.org/rimraf cache-miss
2625 silly fetch manifest lighthouse-logger@^1.0.0
2626 silly packumentCache full:https://registry.npmjs.org/lighthouse-logger cache-miss
2627 silly fetch manifest is-wsl@^2.1.1
2628 silly packumentCache full:https://registry.npmjs.org/is-wsl cache-miss
2629 silly fetch manifest is-docker@^2.0.0
2630 silly packumentCache full:https://registry.npmjs.org/is-docker cache-miss
2631 silly fetch manifest send@~0.19.1
2632 silly packumentCache full:https://registry.npmjs.org/send cache-miss
2633 silly fetch manifest encodeurl@~2.0.0
2634 silly packumentCache full:https://registry.npmjs.org/encodeurl cache-miss
2635 http cache https://registry.npmjs.org/send 15ms (cache hit)
2636 silly packumentCache full:https://registry.npmjs.org/send set size:152810 disposed:false
2637 http cache https://registry.npmjs.org/encodeurl 17ms (cache hit)
2638 silly packumentCache full:https://registry.npmjs.org/encodeurl set size:12296 disposed:false
2639 http fetch GET 200 https://registry.npmjs.org/is-wsl 93ms (cache miss)
2640 silly packumentCache full:https://registry.npmjs.org/is-wsl set size:undefined disposed:false
2641 http fetch GET 200 https://registry.npmjs.org/is-wsl 94ms (cache miss)
2642 silly packumentCache full:https://registry.npmjs.org/is-wsl set size:undefined disposed:false
2643 http fetch GET 200 https://registry.npmjs.org/is-docker 94ms (cache miss)
2644 silly packumentCache full:https://registry.npmjs.org/is-docker set size:undefined disposed:false
2645 http fetch GET 200 https://registry.npmjs.org/is-wsl 97ms (cache miss)
2646 silly packumentCache full:https://registry.npmjs.org/is-wsl set size:undefined disposed:false
2647 http fetch GET 200 https://registry.npmjs.org/lighthouse-logger 98ms (cache miss)
2648 silly packumentCache full:https://registry.npmjs.org/lighthouse-logger set size:undefined disposed:false
2649 http fetch GET 200 https://registry.npmjs.org/lighthouse-logger 100ms (cache miss)
2650 silly packumentCache full:https://registry.npmjs.org/lighthouse-logger set size:undefined disposed:false
2651 http fetch GET 200 https://registry.npmjs.org/rimraf 100ms (cache miss)
2652 silly packumentCache full:https://registry.npmjs.org/rimraf set size:undefined disposed:false
2653 http fetch GET 200 https://registry.npmjs.org/mkdirp 104ms (cache miss)
2654 silly packumentCache full:https://registry.npmjs.org/mkdirp set size:undefined disposed:false
2655 silly placeDep ROOT event-target-shim@5.0.1 OK for: abort-controller@3.0.0 want: ^5.0.0
2656 silly placeDep ROOT @jest/transform@29.7.0 OK for: babel-jest@29.7.0 want: ^29.7.0
2657 silly placeDep ROOT @types/babel__core@7.20.5 OK for: babel-jest@29.7.0 want: ^7.1.14
2658 silly placeDep ROOT babel-plugin-istanbul@6.1.1 OK for: babel-jest@29.7.0 want: ^6.1.1
2659 silly placeDep ROOT babel-preset-jest@29.6.3 OK for: babel-jest@29.7.0 want: ^29.6.3
2660 silly fetch manifest pirates@^4.0.4
2661 silly packumentCache full:https://registry.npmjs.org/pirates cache-miss
2662 silly fetch manifest jest-haste-map@^29.7.0
2663 silly packumentCache full:https://registry.npmjs.org/jest-haste-map cache-miss
2664 silly fetch manifest jest-regex-util@^29.6.3
2665 silly packumentCache full:https://registry.npmjs.org/jest-regex-util cache-miss
2666 silly fetch manifest write-file-atomic@^4.0.2
2667 silly packumentCache full:https://registry.npmjs.org/write-file-atomic cache-miss
2668 silly fetch manifest fast-json-stable-stringify@^2.1.0
2669 silly packumentCache full:https://registry.npmjs.org/fast-json-stable-stringify cache-miss
2670 silly fetch manifest @types/babel__template@*
2671 silly packumentCache full:https://registry.npmjs.org/@types%2fbabel__template cache-miss
2672 silly fetch manifest @types/babel__traverse@*
2673 silly packumentCache full:https://registry.npmjs.org/@types%2fbabel__traverse cache-miss
2674 silly fetch manifest @types/babel__generator@*
2675 silly packumentCache full:https://registry.npmjs.org/@types%2fbabel__generator cache-miss
2676 silly fetch manifest test-exclude@^6.0.0
2677 silly packumentCache full:https://registry.npmjs.org/test-exclude cache-miss
2678 silly fetch manifest @istanbuljs/schema@^0.1.2
2679 silly packumentCache full:https://registry.npmjs.org/@istanbuljs%2fschema cache-miss
2680 silly fetch manifest istanbul-lib-instrument@^5.0.4
2681 silly packumentCache full:https://registry.npmjs.org/istanbul-lib-instrument cache-miss
2682 http cache https://registry.npmjs.org/pirates 9ms (cache hit)
2683 silly packumentCache full:https://registry.npmjs.org/pirates set size:51327 disposed:false
2684 silly fetch manifest @istanbuljs/load-nyc-config@^1.0.0
2685 silly packumentCache full:https://registry.npmjs.org/@istanbuljs%2fload-nyc-config cache-miss
2686 http fetch GET 200 https://registry.npmjs.org/write-file-atomic 44ms (cache miss)
2687 silly packumentCache full:https://registry.npmjs.org/write-file-atomic set size:undefined disposed:false
2688 silly fetch manifest babel-plugin-jest-hoist@^29.6.3
2689 silly packumentCache full:https://registry.npmjs.org/babel-plugin-jest-hoist cache-miss
2690 http fetch GET 200 https://registry.npmjs.org/jest-regex-util 56ms (cache miss)
2691 silly packumentCache full:https://registry.npmjs.org/jest-regex-util set size:undefined disposed:false
2692 silly fetch manifest babel-preset-current-node-syntax@^1.0.0
2693 silly packumentCache full:https://registry.npmjs.org/babel-preset-current-node-syntax cache-miss
2694 http fetch GET 200 https://registry.npmjs.org/fast-json-stable-stringify 59ms (cache miss)
2695 silly packumentCache full:https://registry.npmjs.org/fast-json-stable-stringify set size:undefined disposed:false
2696 http fetch GET 200 https://registry.npmjs.org/@istanbuljs%2fschema 61ms (cache miss)
2697 silly packumentCache full:https://registry.npmjs.org/@istanbuljs%2fschema set size:undefined disposed:false
2698 http fetch GET 200 https://registry.npmjs.org/test-exclude 62ms (cache miss)
2699 silly packumentCache full:https://registry.npmjs.org/test-exclude set size:undefined disposed:false
2700 http fetch GET 200 https://registry.npmjs.org/@types%2fbabel__generator 64ms (cache miss)
2701 silly packumentCache full:https://registry.npmjs.org/@types%2fbabel__generator set size:undefined disposed:false
2702 http fetch GET 200 https://registry.npmjs.org/@types%2fbabel__template 68ms (cache miss)
2703 silly packumentCache full:https://registry.npmjs.org/@types%2fbabel__template set size:undefined disposed:false
2704 http fetch GET 200 https://registry.npmjs.org/@types%2fbabel__traverse 71ms (cache miss)
2705 silly packumentCache full:https://registry.npmjs.org/@types%2fbabel__traverse set size:undefined disposed:false
2706 http fetch GET 200 https://registry.npmjs.org/istanbul-lib-instrument 71ms (cache miss)
2707 silly packumentCache full:https://registry.npmjs.org/istanbul-lib-instrument set size:undefined disposed:false
2708 http fetch GET 200 https://registry.npmjs.org/@istanbuljs%2fload-nyc-config 68ms (cache miss)
2709 silly packumentCache full:https://registry.npmjs.org/@istanbuljs%2fload-nyc-config set size:undefined disposed:false
2710 http fetch GET 200 https://registry.npmjs.org/babel-preset-current-node-syntax 35ms (cache miss)
2711 silly packumentCache full:https://registry.npmjs.org/babel-preset-current-node-syntax set size:undefined disposed:false
2712 http fetch GET 200 https://registry.npmjs.org/babel-plugin-jest-hoist 51ms (cache miss)
2713 silly packumentCache full:https://registry.npmjs.org/babel-plugin-jest-hoist set size:undefined disposed:false
2714 http fetch GET 200 https://registry.npmjs.org/jest-haste-map 108ms (cache miss)
2715 silly packumentCache full:https://registry.npmjs.org/jest-haste-map set size:undefined disposed:false
2716 silly placeDep ROOT fast-json-stable-stringify@2.1.0 OK for: @jest/transform@29.7.0 want: ^2.1.0
2717 silly placeDep ROOT jest-haste-map@29.7.0 OK for: @jest/transform@29.7.0 want: ^29.7.0
2718 silly placeDep ROOT jest-regex-util@29.6.3 OK for: @jest/transform@29.7.0 want: ^29.6.3
2719 silly placeDep ROOT pirates@4.0.7 OK for: @jest/transform@29.7.0 want: ^4.0.4
2720 silly placeDep ROOT write-file-atomic@4.0.2 OK for: @jest/transform@29.7.0 want: ^4.0.2
2721 silly fetch manifest anymatch@^3.0.3
2722 silly packumentCache full:https://registry.npmjs.org/anymatch cache-miss
2723 silly fetch manifest @types/graceful-fs@^4.1.3
2724 silly packumentCache full:https://registry.npmjs.org/@types%2fgraceful-fs cache-miss
2725 silly fetch manifest fsevents@^2.3.2
2726 silly packumentCache full:https://registry.npmjs.org/fsevents cache-miss
2727 silly fetch manifest imurmurhash@^0.1.4
2728 silly packumentCache full:https://registry.npmjs.org/imurmurhash cache-miss
2729 silly fetch manifest signal-exit@^3.0.7
2730 silly packumentCache full:https://registry.npmjs.org/signal-exit cache-miss
2731 http fetch GET 200 https://registry.npmjs.org/anymatch 39ms (cache miss)
2732 silly packumentCache full:https://registry.npmjs.org/anymatch set size:undefined disposed:false
2733 http fetch GET 200 https://registry.npmjs.org/imurmurhash 41ms (cache miss)
2734 silly packumentCache full:https://registry.npmjs.org/imurmurhash set size:undefined disposed:false
2735 http fetch GET 200 https://registry.npmjs.org/@types%2fgraceful-fs 45ms (cache miss)
2736 silly packumentCache full:https://registry.npmjs.org/@types%2fgraceful-fs set size:undefined disposed:false
2737 http fetch GET 200 https://registry.npmjs.org/signal-exit 46ms (cache miss)
2738 silly packumentCache full:https://registry.npmjs.org/signal-exit set size:undefined disposed:false
2739 http fetch GET 200 https://registry.npmjs.org/fsevents 49ms (cache miss)
2740 silly packumentCache full:https://registry.npmjs.org/fsevents set size:undefined disposed:false
2741 silly placeDep ROOT @types/babel__generator@7.27.0 OK for: @types/babel__core@7.20.5 want: *
2742 silly placeDep ROOT @types/babel__template@7.4.4 OK for: @types/babel__core@7.20.5 want: *
2743 silly placeDep ROOT @types/babel__traverse@7.28.0 OK for: @types/babel__core@7.20.5 want: *
2744 silly placeDep ROOT @istanbuljs/load-nyc-config@1.1.0 OK for: babel-plugin-istanbul@6.1.1 want: ^1.0.0
2745 silly placeDep ROOT @istanbuljs/schema@0.1.6 OK for: babel-plugin-istanbul@6.1.1 want: ^0.1.2
2746 silly placeDep ROOT istanbul-lib-instrument@5.2.1 OK for: babel-plugin-istanbul@6.1.1 want: ^5.0.4
2747 silly placeDep ROOT test-exclude@6.0.0 OK for: babel-plugin-istanbul@6.1.1 want: ^6.0.0
2748 silly fetch manifest camelcase@^5.3.1
2749 silly packumentCache full:https://registry.npmjs.org/camelcase cache-miss
2750 silly fetch manifest find-up@^4.1.0
2751 silly packumentCache full:https://registry.npmjs.org/find-up cache-miss
2752 silly fetch manifest get-package-type@^0.1.0
2753 silly packumentCache full:https://registry.npmjs.org/get-package-type cache-miss
2754 silly fetch manifest js-yaml@^3.13.1
2755 silly packumentCache full:https://registry.npmjs.org/js-yaml cache-miss
2756 silly fetch manifest istanbul-lib-coverage@^3.2.0
2757 silly packumentCache full:https://registry.npmjs.org/istanbul-lib-coverage cache-miss
2758 silly fetch manifest minimatch@^3.0.4
2759 silly packumentCache full:https://registry.npmjs.org/minimatch cache-hit
2760 http cache https://registry.npmjs.org/camelcase 7ms (cache hit)
2761 silly packumentCache full:https://registry.npmjs.org/camelcase set size:60255 disposed:false
2762 http fetch GET 200 https://registry.npmjs.org/istanbul-lib-coverage 42ms (cache miss)
2763 silly packumentCache full:https://registry.npmjs.org/istanbul-lib-coverage set size:undefined disposed:false
2764 http fetch GET 200 https://registry.npmjs.org/get-package-type 45ms (cache miss)
2765 silly packumentCache full:https://registry.npmjs.org/get-package-type set size:undefined disposed:false
2766 http fetch GET 200 https://registry.npmjs.org/js-yaml 47ms (cache miss)
2767 silly packumentCache full:https://registry.npmjs.org/js-yaml set size:undefined disposed:false
2768 http fetch GET 200 https://registry.npmjs.org/find-up 61ms (cache miss)
2769 silly packumentCache full:https://registry.npmjs.org/find-up set size:undefined disposed:false
2770 silly placeDep node_modules/@istanbuljs/load-nyc-config camelcase@5.3.1 OK for: @istanbuljs/load-nyc-config@1.1.0 want: ^5.3.1
2771 silly placeDep ROOT find-up@4.1.0 OK for: @istanbuljs/load-nyc-config@1.1.0 want: ^4.1.0
2772 silly placeDep ROOT get-package-type@0.1.0 OK for: @istanbuljs/load-nyc-config@1.1.0 want: ^0.1.0
2773 silly placeDep ROOT js-yaml@3.14.2 OK for: @istanbuljs/load-nyc-config@1.1.0 want: ^3.13.1
2774 silly fetch manifest locate-path@^5.0.0
2775 silly packumentCache full:https://registry.npmjs.org/locate-path cache-miss
2776 silly fetch manifest path-exists@^4.0.0
2777 silly packumentCache full:https://registry.npmjs.org/path-exists cache-miss
2778 silly fetch manifest esprima@^4.0.0
2779 silly packumentCache full:https://registry.npmjs.org/esprima cache-miss
2780 silly fetch manifest argparse@^1.0.7
2781 silly packumentCache full:https://registry.npmjs.org/argparse cache-miss
2782 http fetch GET 200 https://registry.npmjs.org/locate-path 30ms (cache miss)
2783 silly packumentCache full:https://registry.npmjs.org/locate-path set size:undefined disposed:false
2784 http fetch GET 200 https://registry.npmjs.org/path-exists 37ms (cache miss)
2785 silly packumentCache full:https://registry.npmjs.org/path-exists set size:undefined disposed:false
2786 http fetch GET 200 https://registry.npmjs.org/argparse 39ms (cache miss)
2787 silly packumentCache full:https://registry.npmjs.org/argparse set size:undefined disposed:false
2788 http fetch GET 200 https://registry.npmjs.org/esprima 45ms (cache miss)
2789 silly packumentCache full:https://registry.npmjs.org/esprima set size:undefined disposed:false
2790 silly placeDep ROOT babel-plugin-jest-hoist@29.6.3 OK for: babel-preset-jest@29.6.3 want: ^29.6.3
2791 silly placeDep ROOT babel-preset-current-node-syntax@1.2.0 OK for: babel-preset-jest@29.6.3 want: ^1.0.0
2792 silly fetch manifest @babel/plugin-syntax-async-generators@^7.8.4
2793 silly packumentCache full:https://registry.npmjs.org/@babel%2fplugin-syntax-async-generators cache-miss
2794 silly fetch manifest @babel/plugin-syntax-bigint@^7.8.3
2795 silly packumentCache full:https://registry.npmjs.org/@babel%2fplugin-syntax-bigint cache-miss
2796 silly fetch manifest @babel/plugin-syntax-class-properties@^7.12.13
2797 silly packumentCache full:https://registry.npmjs.org/@babel%2fplugin-syntax-class-properties cache-miss
2798 silly fetch manifest @babel/plugin-syntax-class-static-block@^7.14.5
2799 silly packumentCache full:https://registry.npmjs.org/@babel%2fplugin-syntax-class-static-block cache-miss
2800 silly fetch manifest @babel/plugin-syntax-import-attributes@^7.24.7
2801 silly packumentCache full:https://registry.npmjs.org/@babel%2fplugin-syntax-import-attributes cache-miss
2802 silly fetch manifest @babel/plugin-syntax-import-meta@^7.10.4
2803 silly packumentCache full:https://registry.npmjs.org/@babel%2fplugin-syntax-import-meta cache-miss
2804 silly fetch manifest @babel/plugin-syntax-json-strings@^7.8.3
2805 silly packumentCache full:https://registry.npmjs.org/@babel%2fplugin-syntax-json-strings cache-miss
2806 silly fetch manifest @babel/plugin-syntax-logical-assignment-operators@^7.10.4
2807 silly packumentCache full:https://registry.npmjs.org/@babel%2fplugin-syntax-logical-assignment-operators cache-miss
2808 silly fetch manifest @babel/plugin-syntax-numeric-separator@^7.10.4
2809 silly packumentCache full:https://registry.npmjs.org/@babel%2fplugin-syntax-numeric-separator cache-miss
2810 silly fetch manifest @babel/plugin-syntax-object-rest-spread@^7.8.3
2811 silly packumentCache full:https://registry.npmjs.org/@babel%2fplugin-syntax-object-rest-spread cache-miss
2812 silly fetch manifest @babel/plugin-syntax-optional-catch-binding@^7.8.3
2813 silly packumentCache full:https://registry.npmjs.org/@babel%2fplugin-syntax-optional-catch-binding cache-miss
2814 http fetch GET 200 https://registry.npmjs.org/@babel%2fplugin-syntax-class-static-block 45ms (cache miss)
2815 silly packumentCache full:https://registry.npmjs.org/@babel%2fplugin-syntax-class-static-block set size:undefined disposed:false
2816 silly fetch manifest @babel/plugin-syntax-private-property-in-object@^7.14.5
2817 silly packumentCache full:https://registry.npmjs.org/@babel%2fplugin-syntax-private-property-in-object cache-miss
2818 http fetch GET 200 https://registry.npmjs.org/@babel%2fplugin-syntax-class-properties 53ms (cache miss)
2819 silly packumentCache full:https://registry.npmjs.org/@babel%2fplugin-syntax-class-properties set size:undefined disposed:false
2820 silly fetch manifest @babel/plugin-syntax-top-level-await@^7.14.5
2821 silly packumentCache full:https://registry.npmjs.org/@babel%2fplugin-syntax-top-level-await cache-miss
2822 http fetch GET 200 https://registry.npmjs.org/@babel%2fplugin-syntax-async-generators 59ms (cache miss)
2823 silly packumentCache full:https://registry.npmjs.org/@babel%2fplugin-syntax-async-generators set size:undefined disposed:false
2824 http fetch GET 200 https://registry.npmjs.org/@babel%2fplugin-syntax-numeric-separator 58ms (cache miss)
2825 silly packumentCache full:https://registry.npmjs.org/@babel%2fplugin-syntax-numeric-separator set size:undefined disposed:false
2826 http fetch GET 200 https://registry.npmjs.org/@babel%2fplugin-syntax-optional-catch-binding 60ms (cache miss)
2827 silly packumentCache full:https://registry.npmjs.org/@babel%2fplugin-syntax-optional-catch-binding set size:undefined disposed:false
2828 http fetch GET 200 https://registry.npmjs.org/@babel%2fplugin-syntax-object-rest-spread 65ms (cache miss)
2829 silly packumentCache full:https://registry.npmjs.org/@babel%2fplugin-syntax-object-rest-spread set size:undefined disposed:false
2830 http fetch GET 200 https://registry.npmjs.org/@babel%2fplugin-syntax-bigint 69ms (cache miss)
2831 silly packumentCache full:https://registry.npmjs.org/@babel%2fplugin-syntax-bigint set size:undefined disposed:false
2832 http fetch GET 200 https://registry.npmjs.org/@babel%2fplugin-syntax-import-attributes 69ms (cache miss)
2833 silly packumentCache full:https://registry.npmjs.org/@babel%2fplugin-syntax-import-attributes set size:undefined disposed:false
2834 http fetch GET 200 https://registry.npmjs.org/@babel%2fplugin-syntax-json-strings 69ms (cache miss)
2835 silly packumentCache full:https://registry.npmjs.org/@babel%2fplugin-syntax-json-strings set size:undefined disposed:false
2836 http fetch GET 200 https://registry.npmjs.org/@babel%2fplugin-syntax-import-meta 73ms (cache miss)
2837 silly packumentCache full:https://registry.npmjs.org/@babel%2fplugin-syntax-import-meta set size:undefined disposed:false
2838 http fetch GET 200 https://registry.npmjs.org/@babel%2fplugin-syntax-private-property-in-object 38ms (cache miss)
2839 silly packumentCache full:https://registry.npmjs.org/@babel%2fplugin-syntax-private-property-in-object set size:undefined disposed:false
2840 http fetch GET 200 https://registry.npmjs.org/@babel%2fplugin-syntax-top-level-await 37ms (cache miss)
2841 silly packumentCache full:https://registry.npmjs.org/@babel%2fplugin-syntax-top-level-await set size:undefined disposed:false
2842 http fetch GET 200 https://registry.npmjs.org/@babel%2fplugin-syntax-logical-assignment-operators 243ms (cache miss)
2843 silly packumentCache full:https://registry.npmjs.org/@babel%2fplugin-syntax-logical-assignment-operators set size:undefined disposed:false
2844 silly fetch manifest @babel/core@^7.0.0 || ^8.0.0-0
2845 silly packumentCache full:https://registry.npmjs.org/@babel%2fcore cache-hit
2846 silly placeDep ROOT @babel/plugin-syntax-async-generators@7.8.4 OK for: babel-preset-current-node-syntax@1.2.0 want: ^7.8.4
2847 silly placeDep ROOT @babel/plugin-syntax-bigint@7.8.3 OK for: babel-preset-current-node-syntax@1.2.0 want: ^7.8.3
2848 silly placeDep ROOT @babel/plugin-syntax-class-properties@7.12.13 OK for: babel-preset-current-node-syntax@1.2.0 want: ^7.12.13
2849 silly placeDep ROOT @babel/plugin-syntax-class-static-block@7.14.5 OK for: babel-preset-current-node-syntax@1.2.0 want: ^7.14.5
2850 silly placeDep ROOT @babel/plugin-syntax-import-attributes@7.29.7 OK for: babel-preset-current-node-syntax@1.2.0 want: ^7.24.7
2851 silly placeDep ROOT @babel/plugin-syntax-import-meta@7.10.4 OK for: babel-preset-current-node-syntax@1.2.0 want: ^7.10.4
2852 silly placeDep ROOT @babel/plugin-syntax-json-strings@7.8.3 OK for: babel-preset-current-node-syntax@1.2.0 want: ^7.8.3
2853 silly placeDep ROOT @babel/plugin-syntax-logical-assignment-operators@7.10.4 OK for: babel-preset-current-node-syntax@1.2.0 want: ^7.10.4
2854 silly placeDep ROOT @babel/plugin-syntax-numeric-separator@7.10.4 OK for: babel-preset-current-node-syntax@1.2.0 want: ^7.10.4
2855 silly placeDep ROOT @babel/plugin-syntax-object-rest-spread@7.8.3 OK for: babel-preset-current-node-syntax@1.2.0 want: ^7.8.3
2856 silly placeDep ROOT @babel/plugin-syntax-optional-catch-binding@7.8.3 OK for: babel-preset-current-node-syntax@1.2.0 want: ^7.8.3
2857 silly placeDep ROOT @babel/plugin-syntax-private-property-in-object@7.14.5 OK for: babel-preset-current-node-syntax@1.2.0 want: ^7.14.5
2858 silly placeDep ROOT @babel/plugin-syntax-top-level-await@7.14.5 OK for: babel-preset-current-node-syntax@1.2.0 want: ^7.14.5
2859 silly placeDep ROOT is-wsl@2.2.0 OK for: chrome-launcher@0.15.2 want: ^2.2.0
2860 silly placeDep ROOT lighthouse-logger@1.4.2 OK for: chrome-launcher@0.15.2 want: ^1.0.0
2861 silly fetch manifest debug@^2.6.9
2862 silly packumentCache full:https://registry.npmjs.org/debug cache-hit
2863 silly fetch manifest marky@^1.2.2
2864 silly packumentCache full:https://registry.npmjs.org/marky cache-miss
2865 http fetch GET 200 https://registry.npmjs.org/marky 35ms (cache miss)
2866 silly packumentCache full:https://registry.npmjs.org/marky set size:undefined disposed:false
2867 silly placeDep ROOT mkdirp@1.0.4 OK for: chromium-edge-launcher@0.2.0 want: ^1.0.4
2868 silly placeDep ROOT rimraf@3.0.2 OK for: chromium-edge-launcher@0.2.0 want: ^3.0.2
2869 silly placeDep ROOT locate-path@5.0.0 OK for: find-up@4.1.0 want: ^5.0.0
2870 silly placeDep ROOT path-exists@4.0.0 OK for: find-up@4.1.0 want: ^4.0.0
2871 silly fetch manifest p-locate@^4.1.0
2872 silly packumentCache full:https://registry.npmjs.org/p-locate cache-miss
2873 http fetch GET 200 https://registry.npmjs.org/p-locate 35ms (cache miss)
2874 silly packumentCache full:https://registry.npmjs.org/p-locate set size:undefined disposed:false
2875 silly placeDep ROOT is-docker@2.2.1 OK for: is-wsl@2.2.0 want: ^2.0.0
2876 silly placeDep ROOT istanbul-lib-coverage@3.2.2 OK for: istanbul-lib-instrument@5.2.1 want: ^3.2.0
2877 silly placeDep ROOT @jest/environment@29.7.0 OK for: jest-environment-node@29.7.0 want: ^29.7.0
2878 silly placeDep ROOT @jest/fake-timers@29.7.0 OK for: jest-environment-node@29.7.0 want: ^29.7.0
2879 silly placeDep ROOT jest-mock@29.7.0 OK for: jest-environment-node@29.7.0 want: ^29.7.0
2880 silly fetch manifest jest-message-util@^29.7.0
2881 silly packumentCache full:https://registry.npmjs.org/jest-message-util cache-miss
2882 silly fetch manifest @sinonjs/fake-timers@^10.0.2
2883 silly packumentCache full:https://registry.npmjs.org/@sinonjs%2ffake-timers cache-miss
2884 http fetch GET 200 https://registry.npmjs.org/@sinonjs%2ffake-timers 60ms (cache miss)
2885 silly packumentCache full:https://registry.npmjs.org/@sinonjs%2ffake-timers set size:undefined disposed:false
2886 http fetch GET 200 https://registry.npmjs.org/jest-message-util 69ms (cache miss)
2887 silly packumentCache full:https://registry.npmjs.org/jest-message-util set size:undefined disposed:false
2888 silly placeDep ROOT @sinonjs/fake-timers@10.3.0 OK for: @jest/fake-timers@29.7.0 want: ^10.0.2
2889 silly placeDep ROOT jest-message-util@29.7.0 OK for: @jest/fake-timers@29.7.0 want: ^29.7.0
2890 silly fetch manifest @sinonjs/commons@^3.0.0
2891 silly packumentCache full:https://registry.npmjs.org/@sinonjs%2fcommons cache-miss
2892 silly fetch manifest stack-utils@^2.0.3
2893 silly packumentCache full:https://registry.npmjs.org/stack-utils cache-miss
2894 silly fetch manifest @types/stack-utils@^2.0.0
2895 silly packumentCache full:https://registry.npmjs.org/@types%2fstack-utils cache-miss
2896 http fetch GET 200 https://registry.npmjs.org/stack-utils 42ms (cache miss)
2897 silly packumentCache full:https://registry.npmjs.org/stack-utils set size:undefined disposed:false
2898 http fetch GET 200 https://registry.npmjs.org/@types%2fstack-utils 60ms (cache miss)
2899 silly packumentCache full:https://registry.npmjs.org/@types%2fstack-utils set size:undefined disposed:false
2900 http fetch GET 200 https://registry.npmjs.org/@sinonjs%2fcommons 60ms (cache miss)
2901 silly packumentCache full:https://registry.npmjs.org/@sinonjs%2fcommons set size:undefined disposed:false
2902 silly placeDep ROOT @sinonjs/commons@3.0.1 OK for: @sinonjs/fake-timers@10.3.0 want: ^3.0.0
2903 silly fetch manifest type-detect@4.0.8
2904 silly packumentCache full:https://registry.npmjs.org/type-detect cache-miss
2905 http fetch GET 200 https://registry.npmjs.org/type-detect 45ms (cache miss)
2906 silly packumentCache full:https://registry.npmjs.org/type-detect set size:undefined disposed:false
2907 silly placeDep ROOT type-detect@4.0.8 OK for: @sinonjs/commons@3.0.1 want: 4.0.8
2908 silly placeDep ROOT @types/graceful-fs@4.1.9 OK for: jest-haste-map@29.7.0 want: ^4.1.3
2909 silly placeDep ROOT anymatch@3.1.3 OK for: jest-haste-map@29.7.0 want: ^3.0.3
2910 silly placeDep ROOT fsevents@2.3.3 OK for: jest-haste-map@29.7.0 want: ^2.3.2
2911 silly fetch manifest normalize-path@^3.0.0
2912 silly packumentCache full:https://registry.npmjs.org/normalize-path cache-miss
2913 http fetch GET 200 https://registry.npmjs.org/normalize-path 35ms (cache miss)
2914 silly packumentCache full:https://registry.npmjs.org/normalize-path set size:undefined disposed:false
2915 silly placeDep ROOT normalize-path@3.0.0 OK for: anymatch@3.1.3 want: ^3.0.0
2916 silly placeDep ROOT @types/stack-utils@2.0.3 OK for: jest-message-util@29.7.0 want: ^2.0.0
2917 silly placeDep ROOT stack-utils@2.0.6 OK for: jest-message-util@29.7.0 want: ^2.0.3
2918 silly fetch manifest escape-string-regexp@^2.0.0
2919 silly packumentCache full:https://registry.npmjs.org/escape-string-regexp cache-miss
2920 http cache https://registry.npmjs.org/escape-string-regexp 15ms (cache hit)
2921 silly packumentCache full:https://registry.npmjs.org/escape-string-regexp set size:22244 disposed:false
2922 silly placeDep ROOT argparse@1.0.10 OK for: js-yaml@3.14.2 want: ^1.0.7
2923 silly placeDep ROOT esprima@4.0.1 OK for: js-yaml@3.14.2 want: ^4.0.0
2924 silly fetch manifest sprintf-js@~1.0.2
2925 silly packumentCache full:https://registry.npmjs.org/sprintf-js cache-miss
2926 http fetch GET 200 https://registry.npmjs.org/sprintf-js 31ms (cache miss)
2927 silly packumentCache full:https://registry.npmjs.org/sprintf-js set size:undefined disposed:false
2928 silly placeDep ROOT sprintf-js@1.0.3 OK for: argparse@1.0.10 want: ~1.0.2
2929 silly placeDep node_modules/lighthouse-logger debug@2.6.9 OK for: lighthouse-logger@1.4.2 want: ^2.6.9
2930 silly placeDep ROOT marky@1.3.0 OK for: lighthouse-logger@1.4.2 want: ^1.2.2
2931 silly placeDep ROOT p-locate@4.1.0 OK for: locate-path@5.0.0 want: ^4.1.0
2932 silly fetch manifest p-limit@^2.2.0
2933 silly packumentCache full:https://registry.npmjs.org/p-limit cache-miss
2934 http cache https://registry.npmjs.org/p-limit 5ms (cache hit)
2935 silly packumentCache full:https://registry.npmjs.org/p-limit set size:61867 disposed:false
2936 silly placeDep node_modules/p-locate p-limit@2.3.0 OK for: p-locate@4.1.0 want: ^2.2.0
2937 silly fetch manifest p-try@^2.0.0
2938 silly packumentCache full:https://registry.npmjs.org/p-try cache-miss
2939 http fetch GET 200 https://registry.npmjs.org/p-try 31ms (cache miss)
2940 silly packumentCache full:https://registry.npmjs.org/p-try set size:undefined disposed:false
2941 silly placeDep ROOT asap@2.0.6 OK for: promise@8.3.0 want: ~2.0.6
2942 silly placeDep ROOT shell-quote@1.8.4 OK for: react-devtools-core@6.1.5 want: ^1.6.1
2943 silly placeDep ROOT react-freeze@1.0.4 OK for: react-native-screens@4.16.0 want: ^1.0.0
2944 silly placeDep ROOT regenerate@1.4.2 OK for: regexpu-core@6.4.0 want: ^1.4.2
2945 silly placeDep ROOT regenerate-unicode-properties@10.2.2 OK for: regexpu-core@6.4.0 want: ^10.2.2
2946 silly placeDep ROOT regjsgen@0.8.0 OK for: regexpu-core@6.4.0 want: ^0.8.0
2947 silly placeDep ROOT regjsparser@0.13.1 OK for: regexpu-core@6.4.0 want: ^0.13.0
2948 silly placeDep ROOT unicode-match-property-ecmascript@2.0.0 OK for: regexpu-core@6.4.0 want: ^2.0.0
2949 silly placeDep ROOT unicode-match-property-value-ecmascript@2.2.1 OK for: regexpu-core@6.4.0 want: ^2.2.1
2950 silly fetch manifest unicode-canonical-property-names-ecmascript@^2.0.0
2951 silly packumentCache full:https://registry.npmjs.org/unicode-canonical-property-names-ecmascript cache-miss
2952 silly fetch manifest unicode-property-aliases-ecmascript@^2.0.0
2953 silly packumentCache full:https://registry.npmjs.org/unicode-property-aliases-ecmascript cache-miss
2954 http fetch GET 200 https://registry.npmjs.org/unicode-canonical-property-names-ecmascript 34ms (cache miss)
2955 silly packumentCache full:https://registry.npmjs.org/unicode-canonical-property-names-ecmascript set size:undefined disposed:false
2956 http fetch GET 200 https://registry.npmjs.org/unicode-property-aliases-ecmascript 35ms (cache miss)
2957 silly packumentCache full:https://registry.npmjs.org/unicode-property-aliases-ecmascript set size:undefined disposed:false
2958 silly placeDep ROOT is-core-module@2.16.2 OK for: resolve@1.22.12 want: ^2.16.1
2959 silly placeDep ROOT path-parse@1.0.7 OK for: resolve@1.22.12 want: ^1.0.7
2960 silly placeDep ROOT supports-preserve-symlinks-flag@1.0.0 OK for: resolve@1.22.12 want: ^1.0.0
2961 silly placeDep node_modules/serve-static encodeurl@2.0.0 OK for: serve-static@1.16.3 want: ~2.0.0
2962 silly placeDep ROOT send@0.19.2 OK for: serve-static@1.16.3 want: ~0.19.1
2963 silly fetch manifest depd@2.0.0
2964 silly packumentCache full:https://registry.npmjs.org/depd cache-miss
2965 silly fetch manifest etag@~1.8.1
2966 silly packumentCache full:https://registry.npmjs.org/etag cache-miss
2967 silly fetch manifest mime@1.6.0
2968 silly packumentCache full:https://registry.npmjs.org/mime cache-miss
2969 silly fetch manifest fresh@~0.5.2
2970 silly packumentCache full:https://registry.npmjs.org/fresh cache-miss
2971 silly fetch manifest destroy@1.2.0
2972 silly packumentCache full:https://registry.npmjs.org/destroy cache-miss
2973 silly fetch manifest statuses@~2.0.2
2974 silly packumentCache full:https://registry.npmjs.org/statuses cache-miss
2975 silly fetch manifest http-errors@~2.0.1
2976 silly packumentCache full:https://registry.npmjs.org/http-errors cache-miss
2977 silly fetch manifest on-finished@~2.4.1
2978 silly packumentCache full:https://registry.npmjs.org/on-finished cache-miss
2979 silly fetch manifest range-parser@~1.2.1
2980 silly packumentCache full:https://registry.npmjs.org/range-parser cache-miss
2981 http cache https://registry.npmjs.org/statuses 9ms (cache hit)
2982 silly packumentCache full:https://registry.npmjs.org/statuses set size:37117 disposed:false
2983 http cache https://registry.npmjs.org/on-finished 10ms (cache hit)
2984 silly packumentCache full:https://registry.npmjs.org/on-finished set size:23212 disposed:false
2985 http fetch GET 200 https://registry.npmjs.org/etag 36ms (cache miss)
2986 silly packumentCache full:https://registry.npmjs.org/etag set size:undefined disposed:false
2987 http fetch GET 200 https://registry.npmjs.org/depd 42ms (cache miss)
2988 silly packumentCache full:https://registry.npmjs.org/depd set size:undefined disposed:false
2989 http fetch GET 200 https://registry.npmjs.org/range-parser 41ms (cache miss)
2990 silly packumentCache full:https://registry.npmjs.org/range-parser set size:undefined disposed:false
2991 http fetch GET 200 https://registry.npmjs.org/destroy 44ms (cache miss)
2992 silly packumentCache full:https://registry.npmjs.org/destroy set size:undefined disposed:false
2993 http fetch GET 200 https://registry.npmjs.org/http-errors 47ms (cache miss)
2994 silly packumentCache full:https://registry.npmjs.org/http-errors set size:undefined disposed:false
2995 http fetch GET 200 https://registry.npmjs.org/mime 50ms (cache miss)
2996 silly packumentCache full:https://registry.npmjs.org/mime set size:undefined disposed:false
2997 http fetch GET 200 https://registry.npmjs.org/fresh 54ms (cache miss)
2998 silly packumentCache full:https://registry.npmjs.org/fresh set size:undefined disposed:false
2999 silly placeDep node_modules/send debug@2.6.9 OK for: send@0.19.2 want: 2.6.9
3000 silly placeDep ROOT depd@2.0.0 OK for: send@0.19.2 want: 2.0.0
3001 silly placeDep ROOT destroy@1.2.0 OK for: send@0.19.2 want: 1.2.0
3002 silly placeDep node_modules/send encodeurl@2.0.0 OK for: send@0.19.2 want: ~2.0.0
3003 silly placeDep ROOT etag@1.8.1 OK for: send@0.19.2 want: ~1.8.1
3004 silly placeDep ROOT fresh@0.5.2 OK for: send@0.19.2 want: ~0.5.2
3005 silly placeDep ROOT http-errors@2.0.1 OK for: send@0.19.2 want: ~2.0.1
3006 silly placeDep ROOT mime@1.6.0 OK for: send@0.19.2 want: 1.6.0
3007 silly placeDep node_modules/send on-finished@2.4.1 OK for: send@0.19.2 want: ~2.4.1
3008 silly placeDep ROOT range-parser@1.2.1 OK for: send@0.19.2 want: ~1.2.1
3009 silly placeDep node_modules/send statuses@2.0.2 OK for: send@0.19.2 want: ~2.0.2
3010 silly fetch manifest setprototypeof@~1.2.0
3011 silly packumentCache full:https://registry.npmjs.org/setprototypeof cache-miss
3012 silly fetch manifest toidentifier@~1.0.1
3013 silly packumentCache full:https://registry.npmjs.org/toidentifier cache-miss
3014 http fetch GET 200 https://registry.npmjs.org/setprototypeof 35ms (cache miss)
3015 silly packumentCache full:https://registry.npmjs.org/setprototypeof set size:undefined disposed:false
3016 http fetch GET 200 https://registry.npmjs.org/toidentifier 40ms (cache miss)
3017 silly packumentCache full:https://registry.npmjs.org/toidentifier set size:undefined disposed:false
3018 silly placeDep ROOT setprototypeof@1.2.0 OK for: http-errors@2.0.1 want: ~1.2.0
3019 silly placeDep node_modules/http-errors statuses@2.0.2 OK for: http-errors@2.0.1 want: ~2.0.2
3020 silly placeDep ROOT toidentifier@1.0.1 OK for: http-errors@2.0.1 want: ~1.0.1
3021 silly placeDep ROOT shebang-regex@3.0.0 OK for: shebang-command@2.0.0 want: ^3.0.0
3022 silly placeDep ROOT is-arrayish@0.3.4 OK for: simple-swizzle@0.2.4 want: ^0.3.1
3023 silly placeDep node_modules/stack-utils escape-string-regexp@2.0.0 OK for: stack-utils@2.0.6 want: ^2.0.0
3024 silly placeDep ROOT type-fest@0.7.1 OK for: stacktrace-parser@0.1.11 want: ^0.7.1
3025 silly placeDep node_modules/sucrase commander@4.1.1 OK for: sucrase@3.35.1 want: ^4.0.0
3026 silly placeDep ROOT lines-and-columns@1.2.4 OK for: sucrase@3.35.1 want: ^1.1.6
3027 silly placeDep ROOT mz@2.7.0 OK for: sucrase@3.35.1 want: ^2.7.0
3028 silly placeDep ROOT tinyglobby@0.2.17 OK for: sucrase@3.35.1 want: ^0.2.11
3029 silly placeDep ROOT ts-interface-checker@0.1.13 OK for: sucrase@3.35.1 want: ^0.1.9
3030 silly fetch manifest any-promise@^1.0.0
3031 silly packumentCache full:https://registry.npmjs.org/any-promise cache-miss
3032 silly fetch manifest object-assign@^4.0.1
3033 silly packumentCache full:https://registry.npmjs.org/object-assign cache-miss
3034 silly fetch manifest thenify-all@^1.0.0
3035 silly packumentCache full:https://registry.npmjs.org/thenify-all cache-miss
3036 silly fetch manifest fdir@^6.5.0
3037 silly packumentCache full:https://registry.npmjs.org/fdir cache-miss
3038 silly fetch manifest picomatch@^4.0.4
3039 silly packumentCache full:https://registry.npmjs.org/picomatch cache-hit
3040 http fetch GET 200 https://registry.npmjs.org/any-promise 34ms (cache miss)
3041 silly packumentCache full:https://registry.npmjs.org/any-promise set size:undefined disposed:false
3042 http fetch GET 200 https://registry.npmjs.org/object-assign 35ms (cache miss)
3043 silly packumentCache full:https://registry.npmjs.org/object-assign set size:undefined disposed:false
3044 http fetch GET 200 https://registry.npmjs.org/thenify-all 37ms (cache miss)
3045 silly packumentCache full:https://registry.npmjs.org/thenify-all set size:undefined disposed:false
3046 http fetch GET 200 https://registry.npmjs.org/fdir 46ms (cache miss)
3047 silly packumentCache full:https://registry.npmjs.org/fdir set size:undefined disposed:false
3048 silly placeDep ROOT any-promise@1.3.0 OK for: mz@2.7.0 want: ^1.0.0
3049 silly placeDep ROOT object-assign@4.1.1 OK for: mz@2.7.0 want: ^4.0.1
3050 silly placeDep ROOT thenify-all@1.6.0 OK for: mz@2.7.0 want: ^1.0.0
3051 silly fetch manifest thenify@>= 3.1.0 < 4
3052 silly packumentCache full:https://registry.npmjs.org/thenify cache-miss
3053 http fetch GET 200 https://registry.npmjs.org/thenify 39ms (cache miss)
3054 silly packumentCache full:https://registry.npmjs.org/thenify set size:undefined disposed:false
3055 silly placeDep ROOT has-flag@4.0.0 OK for: supports-color@7.2.0 want: ^4.0.0
3056 silly placeDep ROOT @jridgewell/source-map@0.3.11 OK for: terser@5.48.0 want: ^0.3.3
3057 silly placeDep ROOT acorn@8.17.0 OK for: terser@5.48.0 want: ^8.15.0
3058 silly placeDep node_modules/terser commander@2.20.3 OK for: terser@5.48.0 want: ^2.20.0
3059 silly placeDep ROOT source-map-support@0.5.21 OK for: terser@5.48.0 want: ~0.5.20
3060 silly fetch manifest buffer-from@^1.0.0
3061 silly packumentCache full:https://registry.npmjs.org/buffer-from cache-miss
3062 silly fetch manifest source-map@^0.6.0
3063 silly packumentCache full:https://registry.npmjs.org/source-map cache-miss
3064 http cache https://registry.npmjs.org/source-map 15ms (cache hit)
3065 silly packumentCache full:https://registry.npmjs.org/source-map set size:226212 disposed:false
3066 http fetch GET 200 https://registry.npmjs.org/buffer-from 41ms (cache miss)
3067 silly packumentCache full:https://registry.npmjs.org/buffer-from set size:undefined disposed:false
3068 silly placeDep ROOT buffer-from@1.1.2 OK for: source-map-support@0.5.21 want: ^1.0.0
3069 silly placeDep node_modules/source-map-support source-map@0.6.1 OK for: source-map-support@0.5.21 want: ^0.6.0
3070 silly placeDep node_modules/test-exclude minimatch@3.1.5 OK for: test-exclude@6.0.0 want: ^3.0.4
3071 silly placeDep ROOT thenify@3.3.1 OK for: thenify-all@1.6.0 want: >= 3.1.0 < 4
3072 silly placeDep node_modules/tinyglobby fdir@6.5.0 OK for: tinyglobby@0.2.17 want: ^6.5.0
3073 silly placeDep node_modules/tinyglobby picomatch@4.0.4 OK for: fdir@6.5.0 want: ^3 || ^4
3074 silly placeDep ROOT is-number@7.0.0 OK for: to-regex-range@5.0.1 want: ^7.0.0
3075 silly placeDep ROOT unicode-canonical-property-names-ecmascript@2.0.1 OK for: unicode-match-property-ecmascript@2.0.0 want: ^2.0.0
3076 silly placeDep ROOT unicode-property-aliases-ecmascript@2.2.0 OK for: unicode-match-property-ecmascript@2.0.0 want: ^2.0.0
3077 silly placeDep ROOT escalade@3.2.0 OK for: update-browserslist-db@1.2.3 want: ^3.2.0
3078 silly placeDep ROOT makeerror@1.0.12 OK for: walker@1.0.8 want: 1.0.12
3079 silly fetch manifest tmpl@1.0.5
3080 silly packumentCache full:https://registry.npmjs.org/tmpl cache-miss
3081 http fetch GET 200 https://registry.npmjs.org/tmpl 37ms (cache miss)
3082 silly packumentCache full:https://registry.npmjs.org/tmpl set size:undefined disposed:false
3083 silly placeDep ROOT tmpl@1.0.5 OK for: makeerror@1.0.12 want: 1.0.5
3084 silly placeDep ROOT buffer@5.7.1 OK for: whatwg-url-without-unicode@8.0.0-3 want: ^5.4.3
3085 silly placeDep ROOT punycode@2.3.1 OK for: whatwg-url-without-unicode@8.0.0-3 want: ^2.1.1
3086 silly placeDep ROOT webidl-conversions@5.0.0 OK for: whatwg-url-without-unicode@8.0.0-3 want: ^5.0.0
3087 silly fetch manifest ieee754@^1.1.13
3088 silly packumentCache full:https://registry.npmjs.org/ieee754 cache-miss
3089 http fetch GET 200 https://registry.npmjs.org/ieee754 43ms (cache miss)
3090 silly packumentCache full:https://registry.npmjs.org/ieee754 set size:undefined disposed:false
3091 silly placeDep ROOT ieee754@1.2.1 OK for: buffer@5.7.1 want: ^1.1.13
3092 silly placeDep ROOT isexe@2.0.0 OK for: which@2.0.2 want: ^2.0.0
3093 silly placeDep ROOT imurmurhash@0.1.4 OK for: write-file-atomic@4.0.2 want: ^0.1.4
3094 silly placeDep ROOT signal-exit@3.0.7 OK for: write-file-atomic@4.0.2 want: ^3.0.7
3095 silly placeDep ROOT simple-plist@1.3.1 OK for: xcode@3.0.1 want: ^1.1.0
3096 silly placeDep ROOT uuid@7.0.3 OK for: xcode@3.0.1 want: ^7.0.3
3097 silly fetch manifest bplist-parser@0.3.1
3098 silly packumentCache full:https://registry.npmjs.org/bplist-parser cache-miss
3099 silly fetch manifest plist@^3.0.5
3100 silly packumentCache full:https://registry.npmjs.org/plist cache-miss
3101 http cache https://registry.npmjs.org/bplist-parser 5ms (cache hit)
3102 silly packumentCache full:https://registry.npmjs.org/bplist-parser set size:21877 disposed:false
3103 http fetch GET 200 https://registry.npmjs.org/plist 43ms (cache miss)
3104 silly packumentCache full:https://registry.npmjs.org/plist set size:undefined disposed:false
3105 silly placeDep ROOT bplist-creator@0.1.0 OK for: simple-plist@1.3.1 want: 0.1.0
3106 silly placeDep ROOT bplist-parser@0.3.1 OK for: simple-plist@1.3.1 want: 0.3.1
3107 silly placeDep ROOT plist@3.1.1 OK for: simple-plist@1.3.1 want: ^3.0.5
3108 silly fetch manifest stream-buffers@2.2.x
3109 silly packumentCache full:https://registry.npmjs.org/stream-buffers cache-miss
3110 silly fetch manifest big-integer@1.6.x
3111 silly packumentCache full:https://registry.npmjs.org/big-integer cache-miss
3112 silly fetch manifest @xmldom/xmldom@^0.9.10
3113 silly packumentCache full:https://registry.npmjs.org/@xmldom%2fxmldom cache-miss
3114 http cache https://registry.npmjs.org/@xmldom%2fxmldom 5ms (cache hit)
3115 silly packumentCache full:https://registry.npmjs.org/@xmldom%2fxmldom set size:166253 disposed:false
3116 http fetch GET 200 https://registry.npmjs.org/stream-buffers 29ms (cache miss)
3117 silly packumentCache full:https://registry.npmjs.org/stream-buffers set size:undefined disposed:false
3118 http fetch GET 200 https://registry.npmjs.org/big-integer 40ms (cache miss)
3119 silly packumentCache full:https://registry.npmjs.org/big-integer set size:undefined disposed:false
3120 silly placeDep ROOT stream-buffers@2.2.0 OK for: bplist-creator@0.1.0 want: 2.2.x
3121 silly placeDep ROOT big-integer@1.6.52 OK for: bplist-parser@0.3.1 want: 1.6.x
3122 silly placeDep node_modules/plist @xmldom/xmldom@0.9.10 OK for: plist@3.1.1 want: ^0.9.10
3123 silly placeDep ROOT sax@1.6.0 OK for: xml2js@0.6.0 want: >=0.6.0
3124 silly placeDep node_modules/xml2js xmlbuilder@11.0.1 OK for: xml2js@0.6.0 want: ~11.0.0
3125 silly placeDep ROOT cliui@8.0.1 OK for: yargs@17.7.2 want: ^8.0.1
3126 silly placeDep ROOT get-caller-file@2.0.5 OK for: yargs@17.7.2 want: ^2.0.5
3127 silly placeDep ROOT require-directory@2.1.1 OK for: yargs@17.7.2 want: ^2.1.1
3128 silly placeDep ROOT string-width@4.2.3 OK for: yargs@17.7.2 want: ^4.2.3
3129 silly placeDep ROOT y18n@5.0.8 OK for: yargs@17.7.2 want: ^5.0.5
3130 silly placeDep ROOT yargs-parser@21.1.1 OK for: yargs@17.7.2 want: ^21.1.1
3131 silly fetch manifest strip-ansi@^6.0.1
3132 silly packumentCache full:https://registry.npmjs.org/strip-ansi cache-miss
3133 silly fetch manifest string-width@^4.2.0
3134 silly packumentCache full:https://registry.npmjs.org/string-width cache-miss
3135 silly fetch manifest strip-ansi@^6.0.1
3136 silly packumentCache full:https://registry.npmjs.org/strip-ansi cache-miss
3137 silly fetch manifest emoji-regex@^8.0.0
3138 silly packumentCache full:https://registry.npmjs.org/emoji-regex cache-miss
3139 silly fetch manifest is-fullwidth-code-point@^3.0.0
3140 silly packumentCache full:https://registry.npmjs.org/is-fullwidth-code-point cache-miss
3141 http cache https://registry.npmjs.org/string-width 7ms (cache hit)
3142 silly packumentCache full:https://registry.npmjs.org/string-width set size:70381 disposed:false
3143 http fetch GET 200 https://registry.npmjs.org/is-fullwidth-code-point 29ms (cache miss)
3144 silly packumentCache full:https://registry.npmjs.org/is-fullwidth-code-point set size:undefined disposed:false
3145 http fetch GET 200 https://registry.npmjs.org/strip-ansi 36ms (cache miss)
3146 silly packumentCache full:https://registry.npmjs.org/strip-ansi set size:undefined disposed:false
3147 http fetch GET 200 https://registry.npmjs.org/strip-ansi 40ms (cache miss)
3148 silly packumentCache full:https://registry.npmjs.org/strip-ansi set size:undefined disposed:false
3149 http fetch GET 200 https://registry.npmjs.org/emoji-regex 42ms (cache miss)
3150 silly packumentCache full:https://registry.npmjs.org/emoji-regex set size:undefined disposed:false
3151 silly placeDep ROOT strip-ansi@6.0.1 OK for: cliui@8.0.1 want: ^6.0.1
3152 silly placeDep ROOT wrap-ansi@7.0.0 OK for: cliui@8.0.1 want: ^7.0.0
3153 silly placeDep ROOT emoji-regex@8.0.0 OK for: string-width@4.2.3 want: ^8.0.0
3154 silly placeDep ROOT is-fullwidth-code-point@3.0.0 OK for: string-width@4.2.3 want: ^3.0.0
3155 silly placeDep node_modules/@expo/config-plugins @babel/code-frame@7.10.4 OK for: @expo/json-file@10.0.16 want: ~7.10.4
3156 silly placeDep ROOT @babel/highlight@7.25.9 OK for: @babel/code-frame@7.10.4 want: ^7.10.4
3157 silly fetch manifest chalk@^2.4.2
3158 silly packumentCache full:https://registry.npmjs.org/chalk cache-hit
3159 silly placeDep node_modules/@babel/highlight chalk@2.4.2 OK for: @babel/highlight@7.25.9 want: ^2.4.2
3160 silly fetch manifest ansi-styles@^3.2.1
3161 silly packumentCache full:https://registry.npmjs.org/ansi-styles cache-hit
3162 silly fetch manifest supports-color@^5.3.0
3163 silly packumentCache full:https://registry.npmjs.org/supports-color cache-hit
3164 silly fetch manifest escape-string-regexp@^1.0.5
3165 silly packumentCache full:https://registry.npmjs.org/escape-string-regexp cache-hit
3166 silly placeDep node_modules/@babel/highlight ansi-styles@3.2.1 OK for: chalk@2.4.2 want: ^3.2.1
3167 silly placeDep node_modules/@babel/highlight escape-string-regexp@1.0.5 OK for: chalk@2.4.2 want: ^1.0.5
3168 silly placeDep node_modules/@babel/highlight supports-color@5.5.0 OK for: chalk@2.4.2 want: ^5.3.0
3169 silly fetch manifest color-convert@^1.9.0
3170 silly packumentCache full:https://registry.npmjs.org/color-convert cache-miss
3171 silly fetch manifest has-flag@^3.0.0
3172 silly packumentCache full:https://registry.npmjs.org/has-flag cache-miss
3173 http cache https://registry.npmjs.org/color-convert 7ms (cache hit)
3174 silly packumentCache full:https://registry.npmjs.org/color-convert set size:72663 disposed:false
3175 http cache https://registry.npmjs.org/has-flag 9ms (cache hit)
3176 silly packumentCache full:https://registry.npmjs.org/has-flag set size:15180 disposed:false
3177 silly placeDep node_modules/@babel/highlight color-convert@1.9.3 OK for: ansi-styles@3.2.1 want: ^1.9.0
3178 silly fetch manifest color-name@1.1.3
3179 silly packumentCache full:https://registry.npmjs.org/color-name cache-miss
3180 http cache https://registry.npmjs.org/color-name 4ms (cache hit)
3181 silly packumentCache full:https://registry.npmjs.org/color-name set size:19467 disposed:false
3182 silly placeDep node_modules/@babel/highlight color-name@1.1.3 OK for: color-convert@1.9.3 want: 1.1.3
3183 silly placeDep node_modules/@babel/highlight has-flag@3.0.0 OK for: supports-color@5.5.0 want: ^3.0.0
3184 silly placeDep ROOT minipass@7.1.3 OK for: glob@13.0.6 want: ^7.1.3
3185 silly placeDep ROOT path-scurry@2.0.2 OK for: glob@13.0.6 want: ^2.0.2
3186 silly fetch manifest lru-cache@^11.0.0
3187 silly packumentCache full:https://registry.npmjs.org/lru-cache cache-miss
3188 http cache https://registry.npmjs.org/lru-cache 5ms (cache hit)
3189 silly packumentCache full:https://registry.npmjs.org/lru-cache set size:456196 disposed:false
3190 silly placeDep node_modules/path-scurry lru-cache@11.5.1 OK for: path-scurry@2.0.2 want: ^11.0.0
3191 silly placeDep ROOT async-limiter@1.0.1 OK for: ws@6.2.4 want: ~1.0.0
3192 silly placeDep node_modules/babel-plugin-syntax-hermes-parser hermes-estree@0.32.1 OK for: hermes-parser@0.32.1 want: 0.32.1
3193 silly placeDep node_modules/connect ms@2.0.0 OK for: debug@2.6.9 want: 2.0.0
3194 silly fetch manifest utf-8-validate@>=5.0.2
3195 silly packumentCache full:https://registry.npmjs.org/utf-8-validate cache-miss
3196 http cache https://registry.npmjs.org/utf-8-validate 4ms (cache hit)
3197 silly packumentCache full:https://registry.npmjs.org/utf-8-validate set size:77148 disposed:false
3198 silly fetch manifest graphql@^14.0.0 || ^15.0.0 || ^16.0.0
3199 silly packumentCache full:https://registry.npmjs.org/graphql cache-miss
3200 http fetch GET 200 https://registry.npmjs.org/graphql 59ms (cache miss)
3201 silly packumentCache full:https://registry.npmjs.org/graphql set size:undefined disposed:false
3202 silly placeDep ROOT @0no-co/graphql.web@1.2.0 OK for: @expo/cli@54.0.25 want: ^1.0.8
3203 silly placeDep ROOT @expo/code-signing-certificates@0.0.6 OK for: @expo/cli@54.0.25 want: ^0.0.6
3204 silly placeDep ROOT @expo/devcert@1.2.1 OK for: @expo/cli@54.0.25 want: ^1.2.1
3205 silly placeDep ROOT @expo/osascript@2.6.0 OK for: @expo/cli@54.0.25 want: ^2.3.8
3206 silly placeDep ROOT @expo/package-manager@1.12.1 OK for: @expo/cli@54.0.25 want: ^1.9.10
3207 silly placeDep node_modules/expo/node_modules/@expo/cli @expo/prebuild-config@54.0.8 CONFLICT for: @expo/cli@54.0.25 want: ^54.0.8
3208 silly placeDep ROOT @expo/schema-utils@0.1.8 OK for: @expo/cli@54.0.25 want: ^0.1.8
3209 silly placeDep ROOT @expo/ws-tunnel@1.0.6 OK for: @expo/cli@54.0.25 want: ^1.0.1
3210 silly placeDep ROOT @expo/xcpretty@4.4.4 OK for: @expo/cli@54.0.25 want: ^4.3.0
3211 silly placeDep ROOT @urql/core@5.2.0 OK for: @expo/cli@54.0.25 want: ^5.0.6
3212 silly placeDep ROOT @urql/exchange-retry@1.3.2 OK for: @expo/cli@54.0.25 want: ^1.3.0
3213 silly placeDep ROOT better-opn@3.0.2 OK for: @expo/cli@54.0.25 want: ~3.0.2
3214 silly placeDep node_modules/expo ci-info@3.9.0 OK for: @expo/cli@54.0.25 want: ^3.3.0
3215 silly placeDep ROOT compression@1.8.1 OK for: @expo/cli@54.0.25 want: ^1.7.4
3216 silly placeDep ROOT env-editor@0.4.2 OK for: @expo/cli@54.0.25 want: ^0.4.1
3217 silly placeDep ROOT expo-server@1.0.7 OK for: @expo/cli@54.0.25 want: ^1.0.7
3218 silly placeDep ROOT freeport-async@2.0.0 OK for: @expo/cli@54.0.25 want: ^2.0.0
3219 silly placeDep node_modules/expo glob@13.0.6 OK for: @expo/cli@54.0.25 want: ^13.0.0
3220 silly placeDep ROOT lan-network@0.2.1 OK for: @expo/cli@54.0.25 want: ^0.2.1
3221 silly placeDep node_modules/expo/node_modules/@expo/cli minimatch@9.0.9 OK for: @expo/cli@54.0.25 want: ^9.0.0
3222 silly placeDep ROOT node-forge@1.4.0 OK for: @expo/cli@54.0.25 want: ^1.3.3
3223 silly placeDep ROOT npm-package-arg@11.0.3 OK for: @expo/cli@54.0.25 want: ^11.0.0
3224 silly placeDep ROOT ora@3.4.0 OK for: @expo/cli@54.0.25 want: ^3.4.0
3225 silly placeDep node_modules/expo picomatch@4.0.4 OK for: @expo/cli@54.0.25 want: ^4.0.3
3226 silly placeDep ROOT pretty-bytes@5.6.0 OK for: @expo/cli@54.0.25 want: ^5.6.0
3227 silly placeDep ROOT progress@2.0.3 OK for: @expo/cli@54.0.25 want: ^2.0.3
3228 silly placeDep ROOT prompts@2.4.2 OK for: @expo/cli@54.0.25 want: ^2.3.2
3229 silly placeDep ROOT qrcode-terminal@0.11.0 OK for: @expo/cli@54.0.25 want: 0.11.0
3230 silly placeDep ROOT requireg@0.2.2 OK for: @expo/cli@54.0.25 want: ^0.2.2
3231 silly placeDep ROOT resolve.exports@2.0.3 OK for: @expo/cli@54.0.25 want: ^2.0.3
3232 silly placeDep node_modules/expo semver@7.8.4 OK for: @expo/cli@54.0.25 want: ^7.6.0
3233 silly placeDep ROOT structured-headers@0.4.1 OK for: @expo/cli@54.0.25 want: ^0.4.1
3234 silly placeDep ROOT tar@7.5.16 OK for: @expo/cli@54.0.25 want: ^7.5.2
3235 silly placeDep ROOT terminal-link@2.1.1 OK for: @expo/cli@54.0.25 want: ^2.1.1
3236 silly placeDep ROOT undici@6.26.0 OK for: @expo/cli@54.0.25 want: ^6.18.2
3237 silly placeDep node_modules/expo ws@8.21.0 OK for: @expo/cli@54.0.25 want: ^8.12.1
3238 silly fetch manifest debug@^3.1.0
3239 silly packumentCache full:https://registry.npmjs.org/debug cache-hit
3240 silly fetch manifest @expo/sudo-prompt@^9.3.1
3241 silly packumentCache full:https://registry.npmjs.org/@expo%2fsudo-prompt cache-miss
3242 silly fetch manifest js-yaml@^4.1.0
3243 silly packumentCache full:https://registry.npmjs.org/js-yaml cache-miss
3244 silly fetch manifest wonka@^6.3.2
3245 silly packumentCache full:https://registry.npmjs.org/wonka cache-miss
3246 silly fetch manifest wonka@^6.3.2
3247 silly packumentCache full:https://registry.npmjs.org/wonka cache-miss
3248 silly fetch manifest open@^8.0.4
3249 silly packumentCache full:https://registry.npmjs.org/open cache-miss
3250 silly fetch manifest vary@~1.1.2
3251 silly packumentCache full:https://registry.npmjs.org/vary cache-miss
3252 silly fetch manifest bytes@3.1.2
3253 silly packumentCache full:https://registry.npmjs.org/bytes cache-miss
3254 silly fetch manifest negotiator@~0.6.4
3255 silly packumentCache full:https://registry.npmjs.org/negotiator cache-miss
3256 silly fetch manifest on-headers@~1.1.0
3257 silly packumentCache full:https://registry.npmjs.org/on-headers cache-miss
3258 silly fetch manifest safe-buffer@5.2.1
3259 silly packumentCache full:https://registry.npmjs.org/safe-buffer cache-miss
3260 silly fetch manifest compressible@~2.0.18
3261 silly packumentCache full:https://registry.npmjs.org/compressible cache-miss
3262 http cache https://registry.npmjs.org/open 12ms (cache hit)
3263 silly packumentCache full:https://registry.npmjs.org/open set size:136392 disposed:false
3264 silly fetch manifest brace-expansion@^2.0.2
3265 silly packumentCache full:https://registry.npmjs.org/brace-expansion cache-hit
3266 silly fetch manifest semver@^7.3.5
3267 silly packumentCache full:https://registry.npmjs.org/semver cache-hit
3268 silly fetch manifest proc-log@^4.0.0
3269 silly packumentCache full:https://registry.npmjs.org/proc-log cache-miss
3270 http cache https://registry.npmjs.org/negotiator 14ms (cache hit)
3271 silly packumentCache full:https://registry.npmjs.org/negotiator set size:48046 disposed:false
3272 silly fetch manifest hosted-git-info@^7.0.0
3273 silly packumentCache full:https://registry.npmjs.org/hosted-git-info cache-miss
3274 http cache https://registry.npmjs.org/js-yaml 16ms (cache hit)
3275 silly packumentCache full:https://registry.npmjs.org/js-yaml set size:152841 disposed:false
3276 silly fetch manifest validate-npm-package-name@^5.0.0
3277 silly packumentCache full:https://registry.npmjs.org/validate-npm-package-name cache-miss
3278 http fetch GET 200 https://registry.npmjs.org/on-headers 35ms (cache miss)
3279 silly packumentCache full:https://registry.npmjs.org/on-headers set size:undefined disposed:false
3280 silly fetch manifest wcwidth@^1.0.1
3281 silly packumentCache full:https://registry.npmjs.org/wcwidth cache-miss
3282 http fetch GET 200 https://registry.npmjs.org/bytes 37ms (cache miss)
3283 silly packumentCache full:https://registry.npmjs.org/bytes set size:undefined disposed:false
3284 silly fetch manifest cli-cursor@^2.1.0
3285 silly packumentCache full:https://registry.npmjs.org/cli-cursor cache-miss
3286 http fetch GET 200 https://registry.npmjs.org/safe-buffer 43ms (cache miss)
3287 silly packumentCache full:https://registry.npmjs.org/safe-buffer set size:undefined disposed:false
3288 silly fetch manifest strip-ansi@^5.2.0
3289 silly packumentCache full:https://registry.npmjs.org/strip-ansi cache-miss
3290 http fetch GET 200 https://registry.npmjs.org/vary 50ms (cache miss)
3291 silly packumentCache full:https://registry.npmjs.org/vary set size:undefined disposed:false
3292 silly fetch manifest log-symbols@^2.2.0
3293 silly packumentCache full:https://registry.npmjs.org/log-symbols cache-miss
3294 http fetch GET 200 https://registry.npmjs.org/proc-log 40ms (cache miss)
3295 silly packumentCache full:https://registry.npmjs.org/proc-log set size:undefined disposed:false
3296 silly fetch manifest cli-spinners@^2.0.0
3297 silly packumentCache full:https://registry.npmjs.org/cli-spinners cache-miss
3298 http cache https://registry.npmjs.org/strip-ansi 14ms (cache hit)
3299 silly packumentCache full:https://registry.npmjs.org/strip-ansi set size:44998 disposed:false
3300 silly fetch manifest kleur@^3.0.3
3301 silly packumentCache full:https://registry.npmjs.org/kleur cache-miss
3302 http fetch GET 200 https://registry.npmjs.org/compressible 63ms (cache miss)
3303 silly packumentCache full:https://registry.npmjs.org/compressible set size:undefined disposed:false
3304 silly fetch manifest sisteransi@^1.0.5
3305 silly packumentCache full:https://registry.npmjs.org/sisteransi cache-miss
3306 http fetch GET 200 https://registry.npmjs.org/wonka 70ms (cache miss)
3307 silly packumentCache full:https://registry.npmjs.org/wonka set size:undefined disposed:false
3308 silly fetch manifest nested-error-stacks@~2.0.1
3309 silly packumentCache full:https://registry.npmjs.org/nested-error-stacks cache-miss
3310 http fetch GET 200 https://registry.npmjs.org/validate-npm-package-name 58ms (cache miss)
3311 silly packumentCache full:https://registry.npmjs.org/validate-npm-package-name set size:undefined disposed:false
3312 silly fetch manifest rc@~1.2.7
3313 silly packumentCache full:https://registry.npmjs.org/rc cache-miss
3314 http fetch GET 200 https://registry.npmjs.org/wcwidth 42ms (cache miss)
3315 silly packumentCache full:https://registry.npmjs.org/wcwidth set size:undefined disposed:false
3316 silly fetch manifest resolve@~1.7.1
3317 silly packumentCache full:https://registry.npmjs.org/resolve cache-miss
3318 http fetch GET 200 https://registry.npmjs.org/cli-cursor 45ms (cache miss)
3319 silly packumentCache full:https://registry.npmjs.org/cli-cursor set size:undefined disposed:false
3320 silly fetch manifest @isaacs/fs-minipass@^4.0.0
3321 silly packumentCache full:https://registry.npmjs.org/@isaacs%2ffs-minipass cache-miss
3322 http fetch GET 200 https://registry.npmjs.org/wonka 85ms (cache miss)
3323 silly packumentCache full:https://registry.npmjs.org/wonka set size:undefined disposed:false
3324 silly fetch manifest chownr@^3.0.0
3325 silly packumentCache full:https://registry.npmjs.org/chownr cache-miss
3326 http fetch GET 200 https://registry.npmjs.org/@expo%2fsudo-prompt 97ms (cache miss)
3327 silly packumentCache full:https://registry.npmjs.org/@expo%2fsudo-prompt set size:undefined disposed:false
3328 silly fetch manifest minizlib@^3.1.0
3329 silly packumentCache full:https://registry.npmjs.org/minizlib cache-miss
3330 http cache https://registry.npmjs.org/resolve 17ms (cache hit)
3331 silly packumentCache full:https://registry.npmjs.org/resolve set size:244568 disposed:false
3332 silly fetch manifest yallist@^5.0.0
3333 silly packumentCache full:https://registry.npmjs.org/yallist cache-miss
3334 http fetch GET 200 https://registry.npmjs.org/log-symbols 51ms (cache miss)
3335 silly packumentCache full:https://registry.npmjs.org/log-symbols set size:undefined disposed:false
3336 silly fetch manifest ansi-escapes@^4.2.1
3337 silly packumentCache full:https://registry.npmjs.org/ansi-escapes cache-miss
3338 http fetch GET 200 https://registry.npmjs.org/kleur 44ms (cache miss)
3339 silly packumentCache full:https://registry.npmjs.org/kleur set size:undefined disposed:false
3340 silly fetch manifest supports-hyperlinks@^2.0.0
3341 silly packumentCache full:https://registry.npmjs.org/supports-hyperlinks cache-miss
3342 http fetch GET 200 https://registry.npmjs.org/hosted-git-info 92ms (cache miss)
3343 silly packumentCache full:https://registry.npmjs.org/hosted-git-info set size:undefined disposed:false
3344 http fetch GET 200 https://registry.npmjs.org/cli-spinners 55ms (cache miss)
3345 silly packumentCache full:https://registry.npmjs.org/cli-spinners set size:undefined disposed:false
3346 http fetch GET 200 https://registry.npmjs.org/sisteransi 47ms (cache miss)
3347 silly packumentCache full:https://registry.npmjs.org/sisteransi set size:undefined disposed:false
3348 http cache https://registry.npmjs.org/yallist 16ms (cache hit)
3349 silly packumentCache full:https://registry.npmjs.org/yallist set size:34610 disposed:false
3350 http fetch GET 200 https://registry.npmjs.org/nested-error-stacks 47ms (cache miss)
3351 silly packumentCache full:https://registry.npmjs.org/nested-error-stacks set size:undefined disposed:false
3352 http fetch GET 200 https://registry.npmjs.org/rc 43ms (cache miss)
3353 silly packumentCache full:https://registry.npmjs.org/rc set size:undefined disposed:false
3354 http fetch GET 200 https://registry.npmjs.org/chownr 35ms (cache miss)
3355 silly packumentCache full:https://registry.npmjs.org/chownr set size:undefined disposed:false
3356 http fetch GET 200 https://registry.npmjs.org/@isaacs%2ffs-minipass 51ms (cache miss)
3357 silly packumentCache full:https://registry.npmjs.org/@isaacs%2ffs-minipass set size:undefined disposed:false
3358 http fetch GET 200 https://registry.npmjs.org/minizlib 40ms (cache miss)
3359 silly packumentCache full:https://registry.npmjs.org/minizlib set size:undefined disposed:false
3360 http fetch GET 200 https://registry.npmjs.org/ansi-escapes 45ms (cache miss)
3361 silly packumentCache full:https://registry.npmjs.org/ansi-escapes set size:undefined disposed:false
3362 http fetch GET 200 https://registry.npmjs.org/supports-hyperlinks 219ms (cache miss)
3363 silly packumentCache full:https://registry.npmjs.org/supports-hyperlinks set size:undefined disposed:false
3364 silly placeDep ROOT @expo/sudo-prompt@9.3.2 OK for: @expo/devcert@1.2.1 want: ^9.3.1
3365 silly placeDep node_modules/@expo/devcert debug@3.2.7 OK for: @expo/devcert@1.2.1 want: ^3.1.0
3366 silly placeDep node_modules/@expo/xcpretty js-yaml@4.2.0 OK for: @expo/xcpretty@4.4.4 want: ^4.1.0
3367 silly fetch manifest argparse@^2.0.1
3368 silly packumentCache full:https://registry.npmjs.org/argparse cache-miss
3369 http cache https://registry.npmjs.org/argparse 9ms (cache hit)
3370 silly packumentCache full:https://registry.npmjs.org/argparse set size:49266 disposed:false
3371 silly placeDep ROOT wonka@6.3.6 OK for: @urql/core@5.2.0 want: ^6.3.2
3372 silly placeDep node_modules/better-opn open@8.4.2 OK for: better-opn@3.0.2 want: ^8.0.4
3373 silly fetch manifest define-lazy-prop@^2.0.0
3374 silly packumentCache full:https://registry.npmjs.org/define-lazy-prop cache-miss
3375 http fetch GET 200 https://registry.npmjs.org/define-lazy-prop 38ms (cache miss)
3376 silly packumentCache full:https://registry.npmjs.org/define-lazy-prop set size:undefined disposed:false
3377 silly placeDep ROOT bytes@3.1.2 OK for: compression@1.8.1 want: 3.1.2
3378 silly placeDep ROOT compressible@2.0.18 OK for: compression@1.8.1 want: ~2.0.18
3379 silly placeDep node_modules/compression debug@2.6.9 OK for: compression@1.8.1 want: 2.6.9
3380 silly placeDep node_modules/compression negotiator@0.6.4 OK for: compression@1.8.1 want: ~0.6.4
3381 silly placeDep ROOT on-headers@1.1.0 OK for: compression@1.8.1 want: ~1.1.0
3382 silly placeDep ROOT safe-buffer@5.2.1 OK for: compression@1.8.1 want: 5.2.1
3383 silly placeDep ROOT vary@1.1.2 OK for: compression@1.8.1 want: ~1.1.2
3384 silly placeDep ROOT hosted-git-info@7.0.2 OK for: npm-package-arg@11.0.3 want: ^7.0.0
3385 silly placeDep ROOT proc-log@4.2.0 OK for: npm-package-arg@11.0.3 want: ^4.0.0
3386 silly placeDep node_modules/npm-package-arg semver@7.8.4 OK for: npm-package-arg@11.0.3 want: ^7.3.5
3387 silly placeDep ROOT validate-npm-package-name@5.0.1 OK for: npm-package-arg@11.0.3 want: ^5.0.0
3388 silly fetch manifest lru-cache@^10.0.1
3389 silly packumentCache full:https://registry.npmjs.org/lru-cache cache-hit
3390 silly placeDep node_modules/hosted-git-info lru-cache@10.4.3 OK for: hosted-git-info@7.0.2 want: ^10.0.1
3391 silly placeDep node_modules/ora chalk@2.4.2 OK for: ora@3.4.0 want: ^2.4.2
3392 silly placeDep ROOT cli-cursor@2.1.0 OK for: ora@3.4.0 want: ^2.1.0
3393 silly placeDep ROOT cli-spinners@2.9.2 OK for: ora@3.4.0 want: ^2.0.0
3394 silly placeDep ROOT log-symbols@2.2.0 OK for: ora@3.4.0 want: ^2.2.0
3395 silly placeDep node_modules/ora strip-ansi@5.2.0 OK for: ora@3.4.0 want: ^5.2.0
3396 silly placeDep ROOT wcwidth@1.0.1 OK for: ora@3.4.0 want: ^1.0.1
3397 silly fetch manifest restore-cursor@^2.0.0
3398 silly packumentCache full:https://registry.npmjs.org/restore-cursor cache-miss
3399 silly fetch manifest chalk@^2.0.1
3400 silly packumentCache full:https://registry.npmjs.org/chalk cache-hit
3401 silly fetch manifest ansi-regex@^4.1.0
3402 silly packumentCache full:https://registry.npmjs.org/ansi-regex cache-miss
3403 silly fetch manifest defaults@^1.0.3
3404 silly packumentCache full:https://registry.npmjs.org/defaults cache-miss
3405 http cache https://registry.npmjs.org/ansi-regex 8ms (cache hit)
3406 silly packumentCache full:https://registry.npmjs.org/ansi-regex set size:43572 disposed:false
3407 http fetch GET 200 https://registry.npmjs.org/defaults 43ms (cache miss)
3408 silly packumentCache full:https://registry.npmjs.org/defaults set size:undefined disposed:false
3409 http fetch GET 200 https://registry.npmjs.org/restore-cursor 44ms (cache miss)
3410 silly packumentCache full:https://registry.npmjs.org/restore-cursor set size:undefined disposed:false
3411 silly placeDep ROOT restore-cursor@2.0.0 OK for: cli-cursor@2.1.0 want: ^2.0.0
3412 silly fetch manifest onetime@^2.0.0
3413 silly packumentCache full:https://registry.npmjs.org/onetime cache-miss
3414 http fetch GET 200 https://registry.npmjs.org/onetime 33ms (cache miss)
3415 silly packumentCache full:https://registry.npmjs.org/onetime set size:undefined disposed:false
3416 silly placeDep node_modules/log-symbols chalk@2.4.2 OK for: log-symbols@2.2.0 want: ^2.0.1
3417 silly placeDep ROOT kleur@3.0.3 OK for: prompts@2.4.2 want: ^3.0.3
3418 silly placeDep ROOT sisteransi@1.0.5 OK for: prompts@2.4.2 want: ^1.0.5
3419 silly placeDep ROOT nested-error-stacks@2.0.1 OK for: requireg@0.2.2 want: ~2.0.1
3420 silly placeDep ROOT rc@1.2.8 OK for: requireg@0.2.2 want: ~1.2.7
3421 silly placeDep node_modules/requireg resolve@1.7.1 OK for: requireg@0.2.2 want: ~1.7.1
3422 silly fetch manifest ini@~1.3.0
3423 silly packumentCache full:https://registry.npmjs.org/ini cache-miss
3424 silly fetch manifest minimist@^1.2.0
3425 silly packumentCache full:https://registry.npmjs.org/minimist cache-miss
3426 silly fetch manifest deep-extend@^0.6.0
3427 silly packumentCache full:https://registry.npmjs.org/deep-extend cache-miss
3428 silly fetch manifest strip-json-comments@~2.0.1
3429 silly packumentCache full:https://registry.npmjs.org/strip-json-comments cache-miss
3430 http fetch GET 200 https://registry.npmjs.org/deep-extend 32ms (cache miss)
3431 silly packumentCache full:https://registry.npmjs.org/deep-extend set size:undefined disposed:false
3432 http fetch GET 200 https://registry.npmjs.org/minimist 34ms (cache miss)
3433 silly packumentCache full:https://registry.npmjs.org/minimist set size:undefined disposed:false
3434 http fetch GET 200 https://registry.npmjs.org/strip-json-comments 40ms (cache miss)
3435 silly packumentCache full:https://registry.npmjs.org/strip-json-comments set size:undefined disposed:false
3436 http fetch GET 200 https://registry.npmjs.org/ini 44ms (cache miss)
3437 silly packumentCache full:https://registry.npmjs.org/ini set size:undefined disposed:false
3438 silly placeDep ROOT deep-extend@0.6.0 OK for: rc@1.2.8 want: ^0.6.0
3439 silly placeDep ROOT ini@1.3.8 OK for: rc@1.2.8 want: ~1.3.0
3440 silly placeDep ROOT minimist@1.2.8 OK for: rc@1.2.8 want: ^1.2.0
3441 silly placeDep ROOT strip-json-comments@2.0.1 OK for: rc@1.2.8 want: ~2.0.1
3442 silly placeDep ROOT onetime@2.0.1 OK for: restore-cursor@2.0.0 want: ^2.0.0
3443 silly fetch manifest mimic-fn@^1.0.0
3444 silly packumentCache full:https://registry.npmjs.org/mimic-fn cache-miss
3445 http fetch GET 200 https://registry.npmjs.org/mimic-fn 31ms (cache miss)
3446 silly packumentCache full:https://registry.npmjs.org/mimic-fn set size:undefined disposed:false
3447 silly placeDep ROOT mimic-fn@1.2.0 OK for: onetime@2.0.1 want: ^1.0.0
3448 silly placeDep ROOT @isaacs/fs-minipass@4.0.1 OK for: tar@7.5.16 want: ^4.0.0
3449 silly placeDep ROOT chownr@3.0.0 OK for: tar@7.5.16 want: ^3.0.0
3450 silly placeDep ROOT minizlib@3.1.0 OK for: tar@7.5.16 want: ^3.1.0
3451 silly placeDep node_modules/tar yallist@5.0.0 OK for: tar@7.5.16 want: ^5.0.0
3452 silly placeDep ROOT ansi-escapes@4.3.2 OK for: terminal-link@2.1.1 want: ^4.2.1
3453 silly placeDep ROOT supports-hyperlinks@2.3.0 OK for: terminal-link@2.1.1 want: ^2.0.0
3454 silly fetch manifest type-fest@^0.21.3
3455 silly packumentCache full:https://registry.npmjs.org/type-fest cache-miss
3456 http cache https://registry.npmjs.org/type-fest 5ms (cache hit)
3457 silly packumentCache full:https://registry.npmjs.org/type-fest set size:563278 disposed:false
3458 silly placeDep node_modules/ansi-escapes type-fest@0.21.3 OK for: ansi-escapes@4.3.2 want: ^0.21.3
3459 silly placeDep ROOT defaults@1.0.4 OK for: wcwidth@1.0.1 want: ^1.0.3
3460 silly fetch manifest clone@^1.0.2
3461 silly packumentCache full:https://registry.npmjs.org/clone cache-miss
3462 http fetch GET 200 https://registry.npmjs.org/clone 46ms (cache miss)
3463 silly packumentCache full:https://registry.npmjs.org/clone set size:undefined disposed:false
3464 silly placeDep ROOT clone@1.0.4 OK for: defaults@1.0.4 want: ^1.0.2
3465 silly placeDep node_modules/@expo/xcpretty argparse@2.0.1 OK for: js-yaml@4.2.0 want: ^2.0.1
3466 silly placeDep ROOT define-lazy-prop@2.0.0 OK for: open@8.4.2 want: ^2.0.0
3467 silly placeDep node_modules/compression ms@2.0.0 OK for: debug@2.6.9 want: 2.0.0
3468 silly placeDep node_modules/expo @expo/json-file@10.0.16 OK for: @expo/metro-config@54.0.16 want: ~10.0.16
3469 silly placeDep node_modules/expo hermes-parser@0.29.1 OK for: @expo/metro-config@54.0.16 want: ^0.29.1
3470 silly placeDep ROOT lightningcss@1.32.0 OK for: @expo/metro-config@54.0.16 want: ^1.30.1
3471 silly placeDep ROOT postcss@8.4.49 OK for: @expo/metro-config@54.0.16 want: ~8.4.32
3472 silly fetch manifest hermes-estree@0.29.1
3473 silly packumentCache full:https://registry.npmjs.org/hermes-estree cache-hit
3474 silly fetch manifest detect-libc@^2.0.3
3475 silly packumentCache full:https://registry.npmjs.org/detect-libc cache-miss
3476 silly fetch manifest lightningcss-darwin-x64@1.32.0
3477 silly packumentCache full:https://registry.npmjs.org/lightningcss-darwin-x64 cache-miss
3478 silly fetch manifest lightningcss-linux-x64-gnu@1.32.0
3479 silly packumentCache full:https://registry.npmjs.org/lightningcss-linux-x64-gnu cache-miss
3480 silly fetch manifest lightningcss-win32-x64-msvc@1.32.0
3481 silly packumentCache full:https://registry.npmjs.org/lightningcss-win32-x64-msvc cache-miss
3482 silly fetch manifest lightningcss-win32-arm64-msvc@1.32.0
3483 silly packumentCache full:https://registry.npmjs.org/lightningcss-win32-arm64-msvc cache-miss
3484 silly fetch manifest lightningcss-darwin-arm64@1.32.0
3485 silly packumentCache full:https://registry.npmjs.org/lightningcss-darwin-arm64 cache-miss
3486 silly fetch manifest lightningcss-linux-arm64-gnu@1.32.0
3487 silly packumentCache full:https://registry.npmjs.org/lightningcss-linux-arm64-gnu cache-miss
3488 silly fetch manifest lightningcss-linux-arm-gnueabihf@1.32.0
3489 silly packumentCache full:https://registry.npmjs.org/lightningcss-linux-arm-gnueabihf cache-miss
3490 silly fetch manifest lightningcss-linux-arm64-musl@1.32.0
3491 silly packumentCache full:https://registry.npmjs.org/lightningcss-linux-arm64-musl cache-miss
3492 silly fetch manifest lightningcss-linux-x64-musl@1.32.0
3493 silly packumentCache full:https://registry.npmjs.org/lightningcss-linux-x64-musl cache-miss
3494 silly fetch manifest lightningcss-freebsd-x64@1.32.0
3495 silly packumentCache full:https://registry.npmjs.org/lightningcss-freebsd-x64 cache-miss
3496 http fetch GET 200 https://registry.npmjs.org/detect-libc 49ms (cache miss)
3497 silly packumentCache full:https://registry.npmjs.org/detect-libc set size:undefined disposed:false
3498 silly fetch manifest lightningcss-android-arm64@1.32.0
3499 silly packumentCache full:https://registry.npmjs.org/lightningcss-android-arm64 cache-miss
3500 http fetch GET 200 https://registry.npmjs.org/lightningcss-win32-arm64-msvc 50ms (cache miss)
3501 silly packumentCache full:https://registry.npmjs.org/lightningcss-win32-arm64-msvc set size:undefined disposed:false
3502 silly fetch manifest source-map-js@^1.2.1
3503 silly packumentCache full:https://registry.npmjs.org/source-map-js cache-miss
3504 http fetch GET 200 https://registry.npmjs.org/lightningcss-linux-x64-musl 55ms (cache miss)
3505 silly packumentCache full:https://registry.npmjs.org/lightningcss-linux-x64-musl set size:undefined disposed:false
3506 http fetch GET 200 https://registry.npmjs.org/lightningcss-darwin-arm64 58ms (cache miss)
3507 silly packumentCache full:https://registry.npmjs.org/lightningcss-darwin-arm64 set size:undefined disposed:false
3508 http fetch GET 200 https://registry.npmjs.org/lightningcss-linux-arm64-gnu 60ms (cache miss)
3509 silly packumentCache full:https://registry.npmjs.org/lightningcss-linux-arm64-gnu set size:undefined disposed:false
3510 http fetch GET 200 https://registry.npmjs.org/lightningcss-linux-arm-gnueabihf 60ms (cache miss)
3511 silly packumentCache full:https://registry.npmjs.org/lightningcss-linux-arm-gnueabihf set size:undefined disposed:false
3512 http fetch GET 200 https://registry.npmjs.org/lightningcss-freebsd-x64 59ms (cache miss)
3513 silly packumentCache full:https://registry.npmjs.org/lightningcss-freebsd-x64 set size:undefined disposed:false
3514 http fetch GET 200 https://registry.npmjs.org/lightningcss-linux-x64-gnu 63ms (cache miss)
3515 silly packumentCache full:https://registry.npmjs.org/lightningcss-linux-x64-gnu set size:undefined disposed:false
3516 http fetch GET 200 https://registry.npmjs.org/lightningcss-win32-x64-msvc 64ms (cache miss)
3517 silly packumentCache full:https://registry.npmjs.org/lightningcss-win32-x64-msvc set size:undefined disposed:false
3518 http fetch GET 200 https://registry.npmjs.org/lightningcss-linux-arm64-musl 66ms (cache miss)
3519 silly packumentCache full:https://registry.npmjs.org/lightningcss-linux-arm64-musl set size:undefined disposed:false
3520 http fetch GET 200 https://registry.npmjs.org/lightningcss-darwin-x64 68ms (cache miss)
3521 silly packumentCache full:https://registry.npmjs.org/lightningcss-darwin-x64 set size:undefined disposed:false
3522 http fetch GET 200 https://registry.npmjs.org/lightningcss-android-arm64 40ms (cache miss)
3523 silly packumentCache full:https://registry.npmjs.org/lightningcss-android-arm64 set size:undefined disposed:false
3524 http fetch GET 200 https://registry.npmjs.org/source-map-js 230ms (cache miss)
3525 silly packumentCache full:https://registry.npmjs.org/source-map-js set size:undefined disposed:false
3526 silly placeDep ROOT detect-libc@2.1.2 OK for: lightningcss@1.32.0 want: ^2.0.3
3527 silly placeDep ROOT lightningcss-android-arm64@1.32.0 OK for: lightningcss@1.32.0 want: 1.32.0
3528 silly placeDep ROOT lightningcss-darwin-arm64@1.32.0 OK for: lightningcss@1.32.0 want: 1.32.0
3529 silly placeDep ROOT lightningcss-darwin-x64@1.32.0 OK for: lightningcss@1.32.0 want: 1.32.0
3530 silly placeDep ROOT lightningcss-freebsd-x64@1.32.0 OK for: lightningcss@1.32.0 want: 1.32.0
3531 silly placeDep ROOT lightningcss-linux-arm-gnueabihf@1.32.0 OK for: lightningcss@1.32.0 want: 1.32.0
3532 silly placeDep ROOT lightningcss-linux-arm64-gnu@1.32.0 OK for: lightningcss@1.32.0 want: 1.32.0
3533 silly placeDep ROOT lightningcss-linux-arm64-musl@1.32.0 OK for: lightningcss@1.32.0 want: 1.32.0
3534 silly placeDep ROOT lightningcss-linux-x64-gnu@1.32.0 OK for: lightningcss@1.32.0 want: 1.32.0
3535 silly placeDep ROOT lightningcss-linux-x64-musl@1.32.0 OK for: lightningcss@1.32.0 want: 1.32.0
3536 silly placeDep ROOT lightningcss-win32-arm64-msvc@1.32.0 OK for: lightningcss@1.32.0 want: 1.32.0
3537 silly placeDep ROOT lightningcss-win32-x64-msvc@1.32.0 OK for: lightningcss@1.32.0 want: 1.32.0
3538 silly placeDep ROOT source-map-js@1.2.1 OK for: postcss@8.4.49 want: ^1.2.1
3539 silly placeDep node_modules/expo/node_modules/@expo/json-file @babel/code-frame@7.10.4 OK for: @expo/json-file@10.0.16 want: ~7.10.4
3540 silly placeDep node_modules/expo @react-native/babel-preset@0.81.5 OK for: babel-preset-expo@54.0.11 want: 0.81.5
3541 silly placeDep node_modules/expo babel-plugin-syntax-hermes-parser@0.29.1 OK for: babel-preset-expo@54.0.11 want: ^0.29.1
3542 silly fetch manifest @react-native/babel-plugin-codegen@0.81.5
3543 silly packumentCache full:https://registry.npmjs.org/@react-native%2fbabel-plugin-codegen cache-miss
3544 http cache https://registry.npmjs.org/@react-native%2fbabel-plugin-codegen 7ms (cache hit)
3545 silly packumentCache full:https://registry.npmjs.org/@react-native%2fbabel-plugin-codegen set size:2184716 disposed:false
3546 silly placeDep node_modules/expo @react-native/babel-plugin-codegen@0.81.5 OK for: @react-native/babel-preset@0.81.5 want: 0.81.5
3547 silly placeDep node_modules/expo @react-native/codegen@0.81.5 OK for: @react-native/babel-plugin-codegen@0.81.5 want: 0.81.5
3548 silly placeDep node_modules/expo/node_modules/@react-native/codegen glob@7.2.3 OK for: @react-native/codegen@0.81.5 want: ^7.1.1
3549 silly placeDep node_modules/expo hermes-estree@0.29.1 OK for: hermes-parser@0.29.1 want: 0.29.1
3550 silly placeDep node_modules/finalhandler ms@2.0.0 OK for: debug@2.6.9 want: 2.0.0
3551 silly placeDep node_modules/glob brace-expansion@1.1.15 OK for: minimatch@3.1.5 want: ^1.1.7
3552 silly fetch manifest balanced-match@^1.0.0
3553 silly packumentCache full:https://registry.npmjs.org/balanced-match cache-miss
3554 silly fetch manifest concat-map@0.0.1
3555 silly packumentCache full:https://registry.npmjs.org/concat-map cache-miss
3556 http cache https://registry.npmjs.org/balanced-match 18ms (cache hit)
3557 silly packumentCache full:https://registry.npmjs.org/balanced-match set size:39082 disposed:false
3558 http fetch GET 200 https://registry.npmjs.org/concat-map 28ms (cache miss)
3559 silly packumentCache full:https://registry.npmjs.org/concat-map set size:undefined disposed:false
3560 silly placeDep node_modules/glob balanced-match@1.0.2 OK for: brace-expansion@1.1.15 want: ^1.0.0
3561 silly placeDep ROOT concat-map@0.0.1 OK for: brace-expansion@1.1.15 want: 0.0.1
3562 silly placeDep node_modules/lighthouse-logger ms@2.0.0 OK for: debug@2.6.9 want: 2.0.0
3563 silly placeDep node_modules/log-symbols ansi-styles@3.2.1 OK for: chalk@2.4.2 want: ^3.2.1
3564 silly placeDep node_modules/log-symbols escape-string-regexp@1.0.5 OK for: chalk@2.4.2 want: ^1.0.5
3565 silly placeDep node_modules/log-symbols supports-color@5.5.0 OK for: chalk@2.4.2 want: ^5.3.0
3566 silly placeDep node_modules/log-symbols color-convert@1.9.3 OK for: ansi-styles@3.2.1 want: ^1.9.0
3567 silly placeDep node_modules/log-symbols color-name@1.1.3 OK for: color-convert@1.9.3 want: 1.1.3
3568 silly placeDep node_modules/log-symbols has-flag@3.0.0 OK for: supports-color@5.5.0 want: ^3.0.0
3569 silly placeDep node_modules/metro-cache agent-base@7.1.4 OK for: https-proxy-agent@7.0.6 want: ^7.1.2
3570 silly placeDep node_modules/ora ansi-styles@3.2.1 OK for: chalk@2.4.2 want: ^3.2.1
3571 silly placeDep node_modules/ora escape-string-regexp@1.0.5 OK for: chalk@2.4.2 want: ^1.0.5
3572 silly placeDep node_modules/ora supports-color@5.5.0 OK for: chalk@2.4.2 want: ^5.3.0
3573 silly placeDep node_modules/ora color-convert@1.9.3 OK for: ansi-styles@3.2.1 want: ^1.9.0
3574 silly placeDep node_modules/ora color-name@1.1.3 OK for: color-convert@1.9.3 want: 1.1.3
3575 silly placeDep node_modules/ora ansi-regex@4.1.1 OK for: strip-ansi@5.2.0 want: ^4.1.0
3576 silly placeDep node_modules/ora has-flag@3.0.0 OK for: supports-color@5.5.0 want: ^3.0.0
3577 silly placeDep ROOT p-try@2.2.0 OK for: p-limit@2.3.0 want: ^2.0.0
3578 silly placeDep node_modules/react-native hermes-parser@0.29.1 OK for: @react-native/codegen@0.81.5 want: 0.29.1
3579 silly placeDep node_modules/react-native hermes-estree@0.29.1 OK for: hermes-parser@0.29.1 want: 0.29.1
3580 silly placeDep node_modules/send/node_modules/debug ms@2.0.0 OK for: debug@2.6.9 want: 2.0.0
3581 silly placeDep node_modules/test-exclude brace-expansion@1.1.15 OK for: minimatch@3.1.5 want: ^1.1.7
3582 silly placeDep node_modules/test-exclude balanced-match@1.0.2 OK for: brace-expansion@1.1.15 want: ^1.0.0
3583 silly placeDep node_modules/expo brace-expansion@2.1.1 OK for: minimatch@9.0.9 want: ^2.0.2
3584 silly placeDep node_modules/expo balanced-match@1.0.2 OK for: brace-expansion@2.1.1 want: ^1.0.0
3585 silly placeDep node_modules/expo/node_modules/@react-native/codegen minimatch@3.1.5 OK for: glob@7.2.3 want: ^3.1.1
3586 silly placeDep node_modules/expo/node_modules/@react-native/codegen brace-expansion@1.1.15 OK for: minimatch@3.1.5 want: ^1.1.7
3587 silly reify moves {}
3588 silly audit bulk request {
3588 silly audit   '@babel/core': [ '7.29.7' ],
3588 silly audit   '@expo/vector-icons': [ '15.1.1' ],
3588 silly audit   react: [ '19.1.0' ],
3588 silly audit   'expo-font': [ '14.0.12' ],
3588 silly audit   expo: [ '54.0.35' ],
3588 silly audit   'react-native': [ '0.81.5' ],
3588 silly audit   '@react-native-async-storage/async-storage': [ '2.2.0' ],
3588 silly audit   '@react-native-picker/picker': [ '2.11.1' ],
3588 silly audit   '@react-navigation/bottom-tabs': [ '6.6.1' ],
3588 silly audit   'react-native-screens': [ '4.16.0' ],
3588 silly audit   '@react-navigation/native': [ '6.1.18' ],
3588 silly audit   'react-native-safe-area-context': [ '5.6.2' ],
3588 silly audit   '@react-navigation/native-stack': [ '6.11.0' ],
3588 silly audit   axios: [ '1.17.0' ],
3588 silly audit   'babel-preset-expo': [ '55.0.22', '54.0.11' ],
3588 silly audit   'react-refresh': [ '0.18.0', '0.14.2' ],
3588 silly audit   'expo-asset': [ '12.0.13' ],
3588 silly audit   'expo-constants': [ '18.0.13' ],
3588 silly audit   'expo-modules-core': [ '3.0.30' ],
3588 silly audit   'expo-status-bar': [ '3.0.9' ],
3588 silly audit   '@babel/code-frame': [ '7.29.7', '7.10.4' ],
3588 silly audit   '@babel/generator': [ '7.29.7' ],
3588 silly audit   '@babel/helper-compilation-targets': [ '7.29.7' ],
3588 silly audit   '@babel/helper-module-transforms': [ '7.29.7' ],
3588 silly audit   '@babel/helpers': [ '7.29.7' ],
3588 silly audit   '@babel/parser': [ '7.29.7' ],
3588 silly audit   '@babel/template': [ '7.29.7' ],
3588 silly audit   '@babel/traverse': [ '7.29.7' ],
3588 silly audit   '@babel/types': [ '7.29.7' ],
3588 silly audit   '@jridgewell/remapping': [ '2.3.5' ],
3588 silly audit   'convert-source-map': [ '2.0.0' ],
3588 silly audit   debug: [ '4.4.3', '2.6.9', '3.2.7' ],
3588 silly audit   gensync: [ '1.0.0-beta.2' ],
3588 silly audit   json5: [ '2.2.3' ],
3588 silly audit   semver: [ '6.3.1', '7.8.4' ],
3588 silly audit   '@babel/helper-validator-identifier': [ '7.29.7' ],
3588 silly audit   'js-tokens': [ '4.0.0' ],
3588 silly audit   picocolors: [ '1.1.1' ],
3588 silly audit   '@jridgewell/gen-mapping': [ '0.3.13' ],
3588 silly audit   '@jridgewell/trace-mapping': [ '0.3.31' ],
3588 silly audit   jsesc: [ '3.1.0' ],
3588 silly audit   '@babel/compat-data': [ '7.29.7' ],
3588 silly audit   '@babel/helper-validator-option': [ '7.29.7' ],
3588 silly audit   browserslist: [ '4.28.2' ],
3588 silly audit   'lru-cache': [ '5.1.1', '11.5.1', '10.4.3' ],
3588 silly audit   '@babel/helper-module-imports': [ '7.29.7' ],
3588 silly audit   '@babel/helper-globals': [ '7.29.7' ],
3588 silly audit   '@babel/helper-string-parser': [ '7.29.7' ],
3588 silly audit   '@jridgewell/sourcemap-codec': [ '1.5.5' ],
3588 silly audit   '@jridgewell/resolve-uri': [ '3.1.2' ],
3588 silly audit   'merge-options': [ '3.0.4' ],
3588 silly audit   '@react-navigation/elements': [ '1.3.31' ],
3588 silly audit   color: [ '4.2.3' ],
3588 silly audit   'warn-once': [ '0.1.1' ],
3588 silly audit   '@react-navigation/core': [ '6.4.17' ],
3588 silly audit   'escape-string-regexp': [ '4.0.0', '2.0.0', '1.0.5' ],
3588 silly audit   'fast-deep-equal': [ '3.1.3' ],
3588 silly audit   nanoid: [ '3.3.12' ],
3588 silly audit   '@react-navigation/routers': [ '6.1.9' ],
3588 silly audit   'query-string': [ '7.1.3' ],
3588 silly audit   'react-is': [ '16.13.1', '18.3.1' ],
3588 silly audit   'use-latest-callback': [ '0.2.6' ],
3588 silly audit   'follow-redirects': [ '1.16.0' ],
3588 silly audit   'form-data': [ '4.0.5' ],
3588 silly audit   'https-proxy-agent': [ '5.0.1', '7.0.6' ],
3588 silly audit   'proxy-from-env': [ '2.1.0' ],
3588 silly audit   '@babel/plugin-proposal-decorators': [ '7.29.7' ],
3588 silly audit   '@babel/plugin-proposal-export-default-from': [ '7.29.7' ],
3588 silly audit   '@babel/plugin-syntax-export-default-from': [ '7.29.7' ],
3588 silly audit   '@babel/plugin-transform-class-static-block': [ '7.29.7' ],
3588 silly audit   '@babel/plugin-transform-export-namespace-from': [ '7.29.7' ],
3588 silly audit   '@babel/plugin-transform-flow-strip-types': [ '7.29.7' ],
3588 silly audit   '@babel/plugin-transform-modules-commonjs': [ '7.29.7' ],
3588 silly audit   '@babel/plugin-transform-object-rest-spread': [ '7.29.7' ],
3588 silly audit   '@babel/plugin-transform-parameters': [ '7.29.7' ],
3588 silly audit   '@babel/plugin-transform-private-methods': [ '7.29.7' ],
3588 silly audit   '@babel/plugin-transform-private-property-in-object': [ '7.29.7' ],
3588 silly audit   '@babel/plugin-transform-runtime': [ '7.29.7' ],
3588 silly audit   '@babel/preset-react': [ '7.29.7' ],
3588 silly audit   '@babel/preset-typescript': [ '7.29.7' ],
3588 silly audit   '@react-native/babel-preset': [ '0.83.6', '0.81.5' ],
3588 silly audit   'babel-plugin-react-compiler': [ '1.0.0' ],
3588 silly audit   'babel-plugin-react-native-web': [ '0.21.2' ],
3588 silly audit   'babel-plugin-syntax-hermes-parser': [ '0.32.1', '0.32.0', '0.29.1' ],
3588 silly audit   'babel-plugin-transform-flow-enums': [ '0.0.2' ],
3588 silly audit   'resolve-from': [ '5.0.0' ],
3588 silly audit   '@babel/helper-create-class-features-plugin': [ '7.29.7' ],
3588 silly audit   '@babel/helper-plugin-utils': [ '7.29.7' ],
3588 silly audit   '@babel/plugin-syntax-decorators': [ '7.29.7' ],
3588 silly audit   '@babel/helper-annotate-as-pure': [ '7.29.7' ],
3588 silly audit   '@babel/helper-member-expression-to-functions': [ '7.29.7' ],
3588 silly audit   '@babel/helper-optimise-call-expression': [ '7.29.7' ],
3588 silly audit   '@babel/helper-replace-supers': [ '7.29.7' ],
3588 silly audit   '@babel/helper-skip-transparent-expression-wrappers': [ '7.29.7' ],
3588 silly audit   '@babel/plugin-syntax-flow': [ '7.29.7' ],
3588 silly audit   '@babel/plugin-transform-destructuring': [ '7.29.7' ],
3588 silly audit   'babel-plugin-polyfill-corejs2': [ '0.4.17' ],
3588 silly audit   'babel-plugin-polyfill-corejs3': [ '0.13.0' ],
3588 silly audit   'babel-plugin-polyfill-regenerator': [ '0.6.8' ],
3588 silly audit   '@babel/plugin-transform-react-display-name': [ '7.29.7' ],
3588 silly audit   '@babel/plugin-transform-react-jsx': [ '7.29.7' ],
3588 silly audit   '@babel/plugin-transform-react-jsx-development': [ '7.29.7' ],
3588 silly audit   '@babel/plugin-transform-react-pure-annotations': [ '7.29.7' ],
3588 silly audit   '@babel/plugin-syntax-jsx': [ '7.29.7' ],
3588 silly audit   '@babel/plugin-transform-typescript': [ '7.29.7' ],
3588 silly audit   '@babel/plugin-syntax-typescript': [ '7.29.7' ],
3588 silly audit   '@babel/plugin-syntax-dynamic-import': [ '7.8.3' ],
3588 silly audit   '@babel/plugin-syntax-nullish-coalescing-operator': [ '7.8.3' ],
3588 silly audit   '@babel/plugin-syntax-optional-chaining': [ '7.8.3' ],
3588 silly audit   '@babel/plugin-transform-arrow-functions': [ '7.29.7' ],
3588 silly audit   '@babel/plugin-transform-async-generator-functions': [ '7.29.7' ],
3588 silly audit   '@babel/plugin-transform-async-to-generator': [ '7.29.7' ],
3588 silly audit   '@babel/plugin-transform-block-scoping': [ '7.29.7' ],
3588 silly audit   '@babel/plugin-transform-class-properties': [ '7.29.7' ],
3588 silly audit   '@babel/plugin-transform-classes': [ '7.29.7' ],
3588 silly audit   '@babel/plugin-transform-computed-properties': [ '7.29.7' ],
3588 silly audit   '@babel/plugin-transform-for-of': [ '7.29.7' ],
3588 silly audit   '@babel/plugin-transform-function-name': [ '7.29.7' ],
3588 silly audit   '@babel/plugin-transform-literals': [ '7.29.7' ],
3588 silly audit   '@babel/plugin-transform-logical-assignment-operators': [ '7.29.7' ],
3588 silly audit   '@babel/plugin-transform-named-capturing-groups-regex': [ '7.29.7' ],
3588 silly audit   '@babel/plugin-transform-nullish-coalescing-operator': [ '7.29.7' ],
3588 silly audit   '@babel/plugin-transform-numeric-separator': [ '7.29.7' ],
3588 silly audit   '@babel/plugin-transform-optional-catch-binding': [ '7.29.7' ],
3588 silly audit   '@babel/plugin-transform-optional-chaining': [ '7.29.7' ],
3588 silly audit   '@babel/plugin-transform-react-jsx-self': [ '7.29.7' ],
3588 silly audit   '@babel/plugin-transform-react-jsx-source': [ '7.29.7' ],
3588 silly audit   '@babel/plugin-transform-regenerator': [ '7.29.7' ],
3588 silly audit   '@babel/plugin-transform-shorthand-properties': [ '7.29.7' ],
3588 silly audit   '@babel/plugin-transform-spread': [ '7.29.7' ],
3588 silly audit   '@babel/plugin-transform-sticky-regex': [ '7.29.7' ],
3588 silly audit   '@babel/plugin-transform-unicode-regex': [ '7.29.7' ],
3588 silly audit   '@react-native/babel-plugin-codegen': [ '0.83.6', '0.81.5' ],
3588 silly audit   '@babel/helper-remap-async-to-generator': [ '7.29.7' ],
3588 silly audit   '@babel/helper-wrap-function': [ '7.29.7' ],
3588 silly audit   '@babel/helper-create-regexp-features-plugin': [ '7.29.7' ],
3588 silly audit   'regexpu-core': [ '6.4.0' ],
3588 silly audit   '@react-native/codegen': [ '0.83.6', '0.81.5' ],
3588 silly audit   glob: [ '7.2.3', '13.0.6' ],
3588 silly audit   'hermes-parser': [ '0.32.0', '0.32.1', '0.29.1' ],
3588 silly audit   invariant: [ '2.2.4' ],
3588 silly audit   nullthrows: [ '1.1.1' ],
3588 silly audit   yargs: [ '17.7.2' ],
3588 silly audit   '@babel/helper-define-polyfill-provider': [ '0.6.8' ],
3588 silly audit   'lodash.debounce': [ '4.0.8' ],
3588 silly audit   resolve: [ '1.22.12', '1.7.1' ],
3588 silly audit   'core-js-compat': [ '3.49.0' ],
3588 silly audit   'baseline-browser-mapping': [ '2.10.36' ],
3588 silly audit   'caniuse-lite': [ '1.0.30001799' ],
3588 silly audit   'electron-to-chromium': [ '1.5.371' ],
3588 silly audit   'node-releases': [ '2.0.47' ],
3588 silly audit   'update-browserslist-db': [ '1.2.3' ],
3588 silly audit   'color-convert': [ '2.0.1', '1.9.3' ],
3588 silly audit   'color-string': [ '1.9.1' ],
3588 silly audit   'color-name': [ '1.1.4', '1.1.3' ],
3588 silly audit   'simple-swizzle': [ '0.2.4' ],
3588 silly audit   ms: [ '2.1.3', '2.0.0' ],
3588 silly audit   '@babel/runtime': [ '7.29.7' ],
3588 silly audit   '@expo/cli': [ '54.0.25' ],
3588 silly audit   '@expo/config': [ '12.0.13' ],
3588 silly audit   '@expo/config-plugins': [ '54.0.4' ],
3588 silly audit   '@expo/devtools': [ '0.1.8' ],
3588 silly audit   '@expo/fingerprint': [ '0.15.5' ],
3588 silly audit   '@expo/metro': [ '54.2.0' ],
3588 silly audit   '@expo/metro-config': [ '54.0.16' ],
3588 silly audit   '@ungap/structured-clone': [ '1.3.1' ],
3588 silly audit   'expo-file-system': [ '19.0.23' ],
3588 silly audit   'expo-keep-awake': [ '15.0.8' ],
3588 silly audit   'expo-modules-autolinking': [ '3.0.26' ],
3588 silly audit   'pretty-format': [ '29.7.0' ],
3588 silly audit   'whatwg-url-without-unicode': [ '8.0.0-3' ],
3588 silly audit   '@expo/config-types': [ '54.0.10' ],
3588 silly audit   '@expo/json-file': [ '10.2.0', '10.0.16' ],
3588 silly audit   deepmerge: [ '4.3.1' ],
3588 silly audit   getenv: [ '2.0.0' ],
3588 silly audit   'require-from-string': [ '2.0.2' ],
3588 silly audit   'resolve-workspace-root': [ '2.0.1' ],
3588 silly audit   slugify: [ '1.6.9' ],
3588 silly audit   sucrase: [ '3.35.1' ],
3588 silly audit   '@expo/plist': [ '0.4.9' ],
3588 silly audit   '@expo/sdk-runtime-versions': [ '1.0.0' ],
3588 silly audit   chalk: [ '4.1.2', '2.4.2' ],
3588 silly audit   slash: [ '3.0.0' ],
3588 silly audit   xcode: [ '3.0.1' ],
3588 silly audit   xml2js: [ '0.6.0' ],
3588 silly audit   '@expo/spawn-async': [ '1.8.0' ],
3588 silly audit   arg: [ '5.0.2' ],
3588 silly audit   ignore: [ '5.3.2' ],
3588 silly audit   minimatch: [ '10.2.5', '3.1.5', '9.0.9' ],
3588 silly audit   'p-limit': [ '3.1.0', '2.3.0' ],
3588 silly audit   metro: [ '0.83.3' ],
3588 silly audit   'metro-babel-transformer': [ '0.83.3' ],
3588 silly audit   'metro-cache': [ '0.83.3' ],
3588 silly audit   'metro-cache-key': [ '0.83.3' ],
3588 silly audit   'metro-config': [ '0.83.3' ],
3588 silly audit   'metro-core': [ '0.83.3' ],
3588 silly audit   'metro-file-map': [ '0.83.3' ],
3588 silly audit   'metro-minify-terser': [ '0.83.3' ],
3588 silly audit   'metro-resolver': [ '0.83.3' ],
3588 silly audit   'metro-runtime': [ '0.83.3' ],
3588 silly audit   'metro-source-map': [ '0.83.3' ],
3588 silly audit   'metro-symbolicate': [ '0.83.3' ],
3588 silly audit   'metro-transform-plugins': [ '0.83.3' ],
3588 silly audit   'metro-transform-worker': [ '0.83.3' ],
3588 silly audit   '@xmldom/xmldom': [ '0.8.13', '0.9.10' ],
3588 silly audit   'base64-js': [ '1.5.1' ],
3588 silly audit   xmlbuilder: [ '15.1.1', '11.0.1' ],
3588 silly audit   'cross-spawn': [ '7.0.6' ],
3588 silly audit   'ansi-styles': [ '4.3.0', '5.2.0', '3.2.1' ],
3588 silly audit   'supports-color': [ '7.2.0', '8.1.1', '5.5.0' ],
3588 silly audit   'path-key': [ '3.1.1' ],
3588 silly audit   'shebang-command': [ '2.0.0' ],
3588 silly audit   which: [ '2.0.2' ],
3588 silly audit   '@expo/image-utils': [ '0.8.14' ],
3588 silly audit   '@expo/require-utils': [ '55.0.5' ],
3588 silly audit   'jimp-compact': [ '0.16.1' ],
3588 silly audit   'parse-png': [ '2.1.0' ],
3588 silly audit   '@expo/env': [ '2.0.11' ],
3588 silly audit   dotenv: [ '16.4.7' ],
3588 silly audit   'dotenv-expand': [ '11.0.7' ],
3588 silly audit   fontfaceobserver: [ '2.3.0' ],
3588 silly audit   commander: [ '7.2.0', '12.1.0', '4.1.1', '2.20.3' ],
3588 silly audit   'react-native-is-edge-to-edge': [ '1.3.1' ],
3588 silly audit   asynckit: [ '0.4.0' ],
3588 silly audit   'combined-stream': [ '1.0.8' ],
3588 silly audit   'es-set-tostringtag': [ '2.1.0' ],
3588 silly audit   hasown: [ '2.0.4' ],
3588 silly audit   'mime-types': [ '2.1.35' ],
3588 silly audit   'delayed-stream': [ '1.0.0' ],
3588 silly audit   'es-errors': [ '1.3.0' ],
3588 silly audit   'get-intrinsic': [ '1.3.0' ],
3588 silly audit   'has-tostringtag': [ '1.0.2' ],
3588 silly audit   'call-bind-apply-helpers': [ '1.0.2' ],
3588 silly audit   'es-define-property': [ '1.0.1' ],
3588 silly audit   'es-object-atoms': [ '1.1.2' ],
3588 silly audit   'function-bind': [ '1.1.2' ],
3588 silly audit   'get-proto': [ '1.0.1' ],
3588 silly audit   gopd: [ '1.2.0' ],
3588 silly audit   'has-symbols': [ '1.1.0' ],
3588 silly audit   'math-intrinsics': [ '1.1.0' ],
3588 silly audit   'dunder-proto': [ '1.0.1' ],
3588 silly audit   'fs.realpath': [ '1.0.0' ],
3588 silly audit   inflight: [ '1.0.6' ],
3588 silly audit   inherits: [ '2.0.4' ],
3588 silly audit   once: [ '1.4.0' ],
3588 silly audit   'path-is-absolute': [ '1.0.1' ],
3588 silly audit   'hermes-estree': [ '0.32.0', '0.32.1', '0.29.1' ],
3588 silly audit   'agent-base': [ '6.0.2', '7.1.4' ],
3588 silly audit   wrappy: [ '1.0.2' ],
3588 silly audit   'loose-envify': [ '1.4.0' ],
3588 silly audit   yallist: [ '3.1.1', '5.0.0' ],
3588 silly audit   'is-plain-obj': [ '2.1.0' ],
3588 silly audit   accepts: [ '1.3.8' ],
3588 silly audit   'ci-info': [ '2.0.0', '3.9.0' ],
3588 silly audit   connect: [ '3.7.0' ],
3588 silly audit   'error-stack-parser': [ '2.1.4' ],
3588 silly audit   'flow-enums-runtime': [ '0.0.6' ],
3588 silly audit   'graceful-fs': [ '4.2.11' ],
3588 silly audit   'image-size': [ '1.2.1' ],
3588 silly audit   'jest-worker': [ '29.7.0' ],
3588 silly audit   'jsc-safe-url': [ '0.2.4' ],
3588 silly audit   'lodash.throttle': [ '4.1.1' ],
3588 silly audit   'serialize-error': [ '2.1.0' ],
3588 silly audit   'source-map': [ '0.5.7', '0.6.1' ],
3588 silly audit   throat: [ '5.0.0' ],
3588 silly audit   ws: [ '7.5.11', '6.2.4', '8.21.0' ],
3588 silly audit   negotiator: [ '0.6.3', '0.6.4' ],
3588 silly audit   finalhandler: [ '1.1.2' ],
3588 silly audit   parseurl: [ '1.3.3' ],
3588 silly audit   'utils-merge': [ '1.0.1' ],
3588 silly audit   stackframe: [ '1.3.4' ],
3588 silly audit   encodeurl: [ '1.0.2', '2.0.0' ],
3588 silly audit   'escape-html': [ '1.0.3' ],
3588 silly audit   'on-finished': [ '2.3.0', '2.4.1' ],
3588 silly audit   statuses: [ '1.5.0', '2.0.2' ],
3588 silly audit   unpipe: [ '1.0.0' ],
3588 silly audit   queue: [ '6.0.2' ],
3588 silly audit   '@types/node': [ '25.9.3' ],
3588 silly audit   'jest-util': [ '29.7.0' ],
3588 silly audit   'merge-stream': [ '2.0.0' ],
3588 silly audit   'undici-types': [ '7.24.6' ],
3588 silly audit   '@jest/types': [ '29.6.3' ],
3588 silly audit   picomatch: [ '2.3.2', '4.0.4' ],
3588 silly audit   '@jest/schemas': [ '29.6.3' ],
3588 silly audit   '@types/istanbul-lib-coverage': [ '2.0.6' ],
3588 silly audit   '@types/istanbul-reports': [ '3.0.4' ],
3588 silly audit   '@types/yargs': [ '17.0.35' ],
3588 silly audit   '@sinclair/typebox': [ '0.27.10' ],
3588 silly audit   '@types/istanbul-lib-report': [ '3.0.3' ],
3588 silly audit   '@types/yargs-parser': [ '21.0.3' ],
3588 silly audit   'exponential-backoff': [ '3.1.3' ],
3588 silly audit   'jest-validate': [ '29.7.0' ],
3588 silly audit   yaml: [ '2.9.0' ],
3588 silly audit   camelcase: [ '6.3.0', '5.3.1' ],
3588 silly audit   'jest-get-type': [ '29.6.3' ],
3588 silly audit   leven: [ '3.1.0' ],
3588 silly audit   'fb-watchman': [ '2.0.2' ],
3588 silly audit   micromatch: [ '4.0.8' ],
3588 silly audit   walker: [ '1.0.8' ],
3588 silly audit   bser: [ '2.1.1' ],
3588 silly audit   'node-int64': [ '0.4.0' ],
3588 silly audit   terser: [ '5.48.0' ],
3588 silly audit   ob1: [ '0.83.3' ],
3588 silly audit   vlq: [ '1.0.1' ],
3588 silly audit   braces: [ '3.0.3' ],
3588 silly audit   'fill-range': [ '7.1.1' ],
3588 silly audit   'to-regex-range': [ '5.0.1' ],
3588 silly audit   'mime-db': [ '1.52.0' ],
3588 silly audit   'brace-expansion': [ '5.0.6', '1.1.15', '2.1.1' ],
3588 silly audit   'balanced-match': [ '4.0.4', '1.0.2' ],
3588 silly audit   'ee-first': [ '1.1.1' ],
3588 silly audit   'yocto-queue': [ '0.1.0' ],
3588 silly audit   pngjs: [ '3.4.0' ],
3588 silly audit   'decode-uri-component': [ '0.2.2' ],
3588 silly audit   'filter-obj': [ '1.1.0' ],
3588 silly audit   'split-on-first': [ '1.1.0' ],
3588 silly audit   'strict-uri-encode': [ '2.0.0' ],
3588 silly audit   '@jest/create-cache-key-function': [ '29.7.0' ],
3588 silly audit   '@react-native/assets-registry': [ '0.81.5' ],
3588 silly audit   '@react-native/community-cli-plugin': [ '0.81.5' ],
3588 silly audit   '@react-native/gradle-plugin': [ '0.81.5' ],
3588 silly audit   '@react-native/js-polyfills': [ '0.81.5' ],
3588 silly audit   '@react-native/normalize-colors': [ '0.81.5' ],
3588 silly audit   '@react-native/virtualized-lists': [ '0.81.5' ],
3588 silly audit   'abort-controller': [ '3.0.0' ],
3588 silly audit   anser: [ '1.4.10' ],
3588 silly audit   'ansi-regex': [ '5.0.1', '4.1.1' ],
3588 silly audit   'babel-jest': [ '29.7.0' ],
3588 silly audit   'jest-environment-node': [ '29.7.0' ],
3588 silly audit   'memoize-one': [ '5.2.1' ],
3588 silly audit   promise: [ '8.3.0' ],
3588 silly audit   'react-devtools-core': [ '6.1.5' ],
3588 silly audit   'regenerator-runtime': [ '0.13.11' ],
3588 silly audit   scheduler: [ '0.26.0' ],
3588 silly audit   'stacktrace-parser': [ '0.1.11' ],
3588 silly audit   'whatwg-fetch': [ '3.6.20' ],
3588 silly audit   '@react-native/dev-middleware': [ '0.81.5' ],
3588 silly audit   '@isaacs/ttlcache': [ '1.4.1' ],
3588 silly audit   '@react-native/debugger-frontend': [ '0.81.5' ],
3588 silly audit   'chrome-launcher': [ '0.15.2' ],
3588 silly audit   'chromium-edge-launcher': [ '0.2.0' ],
3588 silly audit   open: [ '7.4.2', '8.4.2' ],
3588 silly audit   'serve-static': [ '1.16.3' ],
3588 silly audit   'event-target-shim': [ '5.0.1' ],
3588 silly audit   '@jest/transform': [ '29.7.0' ],
3588 silly audit   '@types/babel__core': [ '7.20.5' ],
3588 silly audit   'babel-plugin-istanbul': [ '6.1.1' ],
3588 silly audit   'babel-preset-jest': [ '29.6.3' ],
3588 silly audit   'fast-json-stable-stringify': [ '2.1.0' ],
3588 silly audit   'jest-haste-map': [ '29.7.0' ],
3588 silly audit   'jest-regex-util': [ '29.6.3' ],
3588 silly audit   pirates: [ '4.0.7' ],
3588 silly audit   'write-file-atomic': [ '4.0.2' ],
3588 silly audit   '@types/babel__generator': [ '7.27.0' ],
3588 silly audit   '@types/babel__template': [ '7.4.4' ],
3588 silly audit   '@types/babel__traverse': [ '7.28.0' ],
3588 silly audit   '@istanbuljs/load-nyc-config': [ '1.1.0' ],
3588 silly audit   '@istanbuljs/schema': [ '0.1.6' ],
3588 silly audit   'istanbul-lib-instrument': [ '5.2.1' ],
3588 silly audit   'test-exclude': [ '6.0.0' ],
3588 silly audit   'find-up': [ '4.1.0' ],
3588 silly audit   'get-package-type': [ '0.1.0' ],
3588 silly audit   'js-yaml': [ '3.14.2', '4.2.0' ],
3588 silly audit   'babel-plugin-jest-hoist': [ '29.6.3' ],
3588 silly audit   'babel-preset-current-node-syntax': [ '1.2.0' ],
3588 silly audit   '@babel/plugin-syntax-async-generators': [ '7.8.4' ],
3588 silly audit   '@babel/plugin-syntax-bigint': [ '7.8.3' ],
3588 silly audit   '@babel/plugin-syntax-class-properties': [ '7.12.13' ],
3588 silly audit   '@babel/plugin-syntax-class-static-block': [ '7.14.5' ],
3588 silly audit   '@babel/plugin-syntax-import-attributes': [ '7.29.7' ],
3588 silly audit   '@babel/plugin-syntax-import-meta': [ '7.10.4' ],
3588 silly audit   '@babel/plugin-syntax-json-strings': [ '7.8.3' ],
3588 silly audit   '@babel/plugin-syntax-logical-assignment-operators': [ '7.10.4' ],
3588 silly audit   '@babel/plugin-syntax-numeric-separator': [ '7.10.4' ],
3588 silly audit   '@babel/plugin-syntax-object-rest-spread': [ '7.8.3' ],
3588 silly audit   '@babel/plugin-syntax-optional-catch-binding': [ '7.8.3' ],
3588 silly audit   '@babel/plugin-syntax-private-property-in-object': [ '7.14.5' ],
3588 silly audit   '@babel/plugin-syntax-top-level-await': [ '7.14.5' ],
3588 silly audit   'is-wsl': [ '2.2.0' ],
3588 silly audit   'lighthouse-logger': [ '1.4.2' ],
3588 silly audit   mkdirp: [ '1.0.4' ],
3588 silly audit   rimraf: [ '3.0.2' ],
3588 silly audit   'locate-path': [ '5.0.0' ],
3588 silly audit   'path-exists': [ '4.0.0' ],
3588 silly audit   'is-docker': [ '2.2.1' ],
3588 silly audit   'istanbul-lib-coverage': [ '3.2.2' ],
3588 silly audit   '@jest/environment': [ '29.7.0' ],
3588 silly audit   '@jest/fake-timers': [ '29.7.0' ],
3588 silly audit   'jest-mock': [ '29.7.0' ],
3588 silly audit   '@sinonjs/fake-timers': [ '10.3.0' ],
3588 silly audit   'jest-message-util': [ '29.7.0' ],
3588 silly audit   '@sinonjs/commons': [ '3.0.1' ],
3588 silly audit   'type-detect': [ '4.0.8' ],
3588 silly audit   '@types/graceful-fs': [ '4.1.9' ],
3588 silly audit   anymatch: [ '3.1.3' ],
3588 silly audit   fsevents: [ '2.3.3' ],
3588 silly audit   'normalize-path': [ '3.0.0' ],
3588 silly audit   '@types/stack-utils': [ '2.0.3' ],
3588 silly audit   'stack-utils': [ '2.0.6' ],
3588 silly audit   argparse: [ '1.0.10', '2.0.1' ],
3588 silly audit   esprima: [ '4.0.1' ],
3588 silly audit   'sprintf-js': [ '1.0.3' ],
3588 silly audit   marky: [ '1.3.0' ],
3588 silly audit   'p-locate': [ '4.1.0' ],
3588 silly audit   asap: [ '2.0.6' ],
3588 silly audit   'shell-quote': [ '1.8.4' ],
3588 silly audit   'react-freeze': [ '1.0.4' ],
3588 silly audit   regenerate: [ '1.4.2' ],
3588 silly audit   'regenerate-unicode-properties': [ '10.2.2' ],
3588 silly audit   regjsgen: [ '0.8.0' ],
3588 silly audit   regjsparser: [ '0.13.1' ],
3588 silly audit   'unicode-match-property-ecmascript': [ '2.0.0' ],
3588 silly audit   'unicode-match-property-value-ecmascript': [ '2.2.1' ],
3588 silly audit   'is-core-module': [ '2.16.2' ],
3588 silly audit   'path-parse': [ '1.0.7' ],
3588 silly audit   'supports-preserve-symlinks-flag': [ '1.0.0' ],
3588 silly audit   send: [ '0.19.2' ],
3588 silly audit   depd: [ '2.0.0' ],
3588 silly audit   destroy: [ '1.2.0' ],
3588 silly audit   etag: [ '1.8.1' ],
3588 silly audit   fresh: [ '0.5.2' ],
3588 silly audit   'http-errors': [ '2.0.1' ],
3588 silly audit   mime: [ '1.6.0' ],
3588 silly audit   'range-parser': [ '1.2.1' ],
3588 silly audit   setprototypeof: [ '1.2.0' ],
3588 silly audit   toidentifier: [ '1.0.1' ],
3588 silly audit   'shebang-regex': [ '3.0.0' ],
3588 silly audit   'is-arrayish': [ '0.3.4' ],
3588 silly audit   'type-fest': [ '0.7.1', '0.21.3' ],
3588 silly audit   'lines-and-columns': [ '1.2.4' ],
3588 silly audit   mz: [ '2.7.0' ],
3588 silly audit   tinyglobby: [ '0.2.17' ],
3588 silly audit   'ts-interface-checker': [ '0.1.13' ],
3588 silly audit   'any-promise': [ '1.3.0' ],
3588 silly audit   'object-assign': [ '4.1.1' ],
3588 silly audit   'thenify-all': [ '1.6.0' ],
3588 silly audit   'has-flag': [ '4.0.0', '3.0.0' ],
3588 silly audit   '@jridgewell/source-map': [ '0.3.11' ],
3588 silly audit   acorn: [ '8.17.0' ],
3588 silly audit   'source-map-support': [ '0.5.21' ],
3588 silly audit   'buffer-from': [ '1.1.2' ],
3588 silly audit   thenify: [ '3.3.1' ],
3588 silly audit   fdir: [ '6.5.0' ],
3588 silly audit   'is-number': [ '7.0.0' ],
3588 silly audit   'unicode-canonical-property-names-ecmascript': [ '2.0.1' ],
3588 silly audit   'unicode-property-aliases-ecmascript': [ '2.2.0' ],
3588 silly audit   escalade: [ '3.2.0' ],
3588 silly audit   makeerror: [ '1.0.12' ],
3588 silly audit   tmpl: [ '1.0.5' ],
3588 silly audit   buffer: [ '5.7.1' ],
3588 silly audit   punycode: [ '2.3.1' ],
3588 silly audit   'webidl-conversions': [ '5.0.0' ],
3588 silly audit   ieee754: [ '1.2.1' ],
3588 silly audit   isexe: [ '2.0.0' ],
3588 silly audit   imurmurhash: [ '0.1.4' ],
3588 silly audit   'signal-exit': [ '3.0.7' ],
3588 silly audit   'simple-plist': [ '1.3.1' ],
3588 silly audit   uuid: [ '7.0.3' ],
3588 silly audit   'bplist-creator': [ '0.1.0' ],
3588 silly audit   'bplist-parser': [ '0.3.1' ],
3588 silly audit   plist: [ '3.1.1' ],
3588 silly audit   'stream-buffers': [ '2.2.0' ],
3588 silly audit   'big-integer': [ '1.6.52' ],
3588 silly audit   sax: [ '1.6.0' ],
3588 silly audit   cliui: [ '8.0.1' ],
3588 silly audit   'get-caller-file': [ '2.0.5' ],
3588 silly audit   'require-directory': [ '2.1.1' ],
3588 silly audit   'string-width': [ '4.2.3' ],
3588 silly audit   y18n: [ '5.0.8' ],
3588 silly audit   'yargs-parser': [ '21.1.1' ],
3588 silly audit   'strip-ansi': [ '6.0.1', '5.2.0' ],
3588 silly audit   'wrap-ansi': [ '7.0.0' ],
3588 silly audit   'emoji-regex': [ '8.0.0' ],
3588 silly audit   'is-fullwidth-code-point': [ '3.0.0' ],
3588 silly audit   '@babel/highlight': [ '7.25.9' ],
3588 silly audit   minipass: [ '7.1.3' ],
3588 silly audit   'path-scurry': [ '2.0.2' ],
3588 silly audit   'async-limiter': [ '1.0.1' ],
3588 silly audit   '@0no-co/graphql.web': [ '1.2.0' ],
3588 silly audit   '@expo/code-signing-certificates': [ '0.0.6' ],
3588 silly audit   '@expo/devcert': [ '1.2.1' ],
3588 silly audit   '@expo/osascript': [ '2.6.0' ],
3588 silly audit   '@expo/package-manager': [ '1.12.1' ],
3588 silly audit   '@expo/prebuild-config': [ '54.0.8' ],
3588 silly audit   '@expo/schema-utils': [ '0.1.8' ],
3588 silly audit   '@expo/ws-tunnel': [ '1.0.6' ],
3588 silly audit   '@expo/xcpretty': [ '4.4.4' ],
3588 silly audit   '@urql/core': [ '5.2.0' ],
3588 silly audit   '@urql/exchange-retry': [ '1.3.2' ],
3588 silly audit   'better-opn': [ '3.0.2' ],
3588 silly audit   compression: [ '1.8.1' ],
3588 silly audit   'env-editor': [ '0.4.2' ],
3588 silly audit   'expo-server': [ '1.0.7' ],
3588 silly audit   'freeport-async': [ '2.0.0' ],
3588 silly audit   'lan-network': [ '0.2.1' ],
3588 silly audit   'node-forge': [ '1.4.0' ],
3588 silly audit   'npm-package-arg': [ '11.0.3' ],
3588 silly audit   ora: [ '3.4.0' ],
3588 silly audit   'pretty-bytes': [ '5.6.0' ],
3588 silly audit   progress: [ '2.0.3' ],
3588 silly audit   prompts: [ '2.4.2' ],
3588 silly audit   'qrcode-terminal': [ '0.11.0' ],
3588 silly audit   requireg: [ '0.2.2' ],
3588 silly audit   'resolve.exports': [ '2.0.3' ],
3588 silly audit   'structured-headers': [ '0.4.1' ],
3588 silly audit   tar: [ '7.5.16' ],
3588 silly audit   'terminal-link': [ '2.1.1' ],
3588 silly audit   undici: [ '6.26.0' ],
3588 silly audit   '@expo/sudo-prompt': [ '9.3.2' ],
3588 silly audit   wonka: [ '6.3.6' ],
3588 silly audit   bytes: [ '3.1.2' ],
3588 silly audit   compressible: [ '2.0.18' ],
3588 silly audit   'on-headers': [ '1.1.0' ],
3588 silly audit   'safe-buffer': [ '5.2.1' ],
3588 silly audit   vary: [ '1.1.2' ],
3588 silly audit   'hosted-git-info': [ '7.0.2' ],
3588 silly audit   'proc-log': [ '4.2.0' ],
3588 silly audit   'validate-npm-package-name': [ '5.0.1' ],
3588 silly audit   'cli-cursor': [ '2.1.0' ],
3588 silly audit   'cli-spinners': [ '2.9.2' ],
3588 silly audit   'log-symbols': [ '2.2.0' ],
3588 silly audit   wcwidth: [ '1.0.1' ],
3588 silly audit   'restore-cursor': [ '2.0.0' ],
3588 silly audit   kleur: [ '3.0.3' ],
3588 silly audit   sisteransi: [ '1.0.5' ],
3588 silly audit   'nested-error-stacks': [ '2.0.1' ],
3588 silly audit   rc: [ '1.2.8' ],
3588 silly audit   'deep-extend': [ '0.6.0' ],
3588 silly audit   ini: [ '1.3.8' ],
3588 silly audit   minimist: [ '1.2.8' ],
3588 silly audit   'strip-json-comments': [ '2.0.1' ],
3588 silly audit   onetime: [ '2.0.1' ],
3588 silly audit   'mimic-fn': [ '1.2.0' ],
3588 silly audit   '@isaacs/fs-minipass': [ '4.0.1' ],
3588 silly audit   chownr: [ '3.0.0' ],
3588 silly audit   minizlib: [ '3.1.0' ],
3588 silly audit   'ansi-escapes': [ '4.3.2' ],
3588 silly audit   'supports-hyperlinks': [ '2.3.0' ],
3588 silly audit   defaults: [ '1.0.4' ],
3588 silly audit   clone: [ '1.0.4' ],
3588 silly audit   'define-lazy-prop': [ '2.0.0' ],
3588 silly audit   lightningcss: [ '1.32.0' ],
3588 silly audit   postcss: [ '8.4.49' ],
3588 silly audit   'detect-libc': [ '2.1.2' ],
3588 silly audit   'lightningcss-android-arm64': [ '1.32.0' ],
3588 silly audit   'lightningcss-darwin-arm64': [ '1.32.0' ],
3588 silly audit   'lightningcss-darwin-x64': [ '1.32.0' ],
3588 silly audit   'lightningcss-freebsd-x64': [ '1.32.0' ],
3588 silly audit   'lightningcss-linux-arm-gnueabihf': [ '1.32.0' ],
3588 silly audit   'lightningcss-linux-arm64-gnu': [ '1.32.0' ],
3588 silly audit   'lightningcss-linux-arm64-musl': [ '1.32.0' ],
3588 silly audit   'lightningcss-linux-x64-gnu': [ '1.32.0' ],
3588 silly audit   'lightningcss-linux-x64-musl': [ '1.32.0' ],
3588 silly audit   'lightningcss-win32-arm64-msvc': [ '1.32.0' ],
3588 silly audit   'lightningcss-win32-x64-msvc': [ '1.32.0' ],
3588 silly audit   'source-map-js': [ '1.2.1' ],
3588 silly audit   'concat-map': [ '0.0.1' ],
3588 silly audit   'p-try': [ '2.2.0' ]
3588 silly audit }
3589 verbose reify failed optional dependency C:\Users\LAB-48\Documents\Alisson\4DSM-ProgramacaoDispositivosMoveis\node_modules\lightningcss-win32-arm64-msvc
3590 silly reify mark deleted [
3590 silly reify   'C:\\Users\\LAB-48\\Documents\\Alisson\\4DSM-ProgramacaoDispositivosMoveis\\node_modules\\lightningcss-win32-arm64-msvc'
3590 silly reify ]
3591 verbose reify failed optional dependency C:\Users\LAB-48\Documents\Alisson\4DSM-ProgramacaoDispositivosMoveis\node_modules\lightningcss-linux-x64-musl
3592 silly reify mark deleted [
3592 silly reify   'C:\\Users\\LAB-48\\Documents\\Alisson\\4DSM-ProgramacaoDispositivosMoveis\\node_modules\\lightningcss-linux-x64-musl'
3592 silly reify ]
3593 verbose reify failed optional dependency C:\Users\LAB-48\Documents\Alisson\4DSM-ProgramacaoDispositivosMoveis\node_modules\lightningcss-linux-x64-gnu
3594 silly reify mark deleted [
3594 silly reify   'C:\\Users\\LAB-48\\Documents\\Alisson\\4DSM-ProgramacaoDispositivosMoveis\\node_modules\\lightningcss-linux-x64-gnu'
3594 silly reify ]
3595 verbose reify failed optional dependency C:\Users\LAB-48\Documents\Alisson\4DSM-ProgramacaoDispositivosMoveis\node_modules\lightningcss-linux-arm64-musl
3596 silly reify mark deleted [
3596 silly reify   'C:\\Users\\LAB-48\\Documents\\Alisson\\4DSM-ProgramacaoDispositivosMoveis\\node_modules\\lightningcss-linux-arm64-musl'
3596 silly reify ]
3597 verbose reify failed optional dependency C:\Users\LAB-48\Documents\Alisson\4DSM-ProgramacaoDispositivosMoveis\node_modules\lightningcss-linux-arm64-gnu
3598 silly reify mark deleted [
3598 silly reify   'C:\\Users\\LAB-48\\Documents\\Alisson\\4DSM-ProgramacaoDispositivosMoveis\\node_modules\\lightningcss-linux-arm64-gnu'
3598 silly reify ]
3599 verbose reify failed optional dependency C:\Users\LAB-48\Documents\Alisson\4DSM-ProgramacaoDispositivosMoveis\node_modules\lightningcss-linux-arm-gnueabihf
3600 silly reify mark deleted [
3600 silly reify   'C:\\Users\\LAB-48\\Documents\\Alisson\\4DSM-ProgramacaoDispositivosMoveis\\node_modules\\lightningcss-linux-arm-gnueabihf'
3600 silly reify ]
3601 verbose reify failed optional dependency C:\Users\LAB-48\Documents\Alisson\4DSM-ProgramacaoDispositivosMoveis\node_modules\lightningcss-freebsd-x64
3602 silly reify mark deleted [
3602 silly reify   'C:\\Users\\LAB-48\\Documents\\Alisson\\4DSM-ProgramacaoDispositivosMoveis\\node_modules\\lightningcss-freebsd-x64'
3602 silly reify ]
3603 verbose reify failed optional dependency C:\Users\LAB-48\Documents\Alisson\4DSM-ProgramacaoDispositivosMoveis\node_modules\lightningcss-darwin-x64
3604 silly reify mark deleted [
3604 silly reify   'C:\\Users\\LAB-48\\Documents\\Alisson\\4DSM-ProgramacaoDispositivosMoveis\\node_modules\\lightningcss-darwin-x64'
3604 silly reify ]
3605 verbose reify failed optional dependency C:\Users\LAB-48\Documents\Alisson\4DSM-ProgramacaoDispositivosMoveis\node_modules\lightningcss-darwin-arm64
3606 silly reify mark deleted [
3606 silly reify   'C:\\Users\\LAB-48\\Documents\\Alisson\\4DSM-ProgramacaoDispositivosMoveis\\node_modules\\lightningcss-darwin-arm64'
3606 silly reify ]
3607 verbose reify failed optional dependency C:\Users\LAB-48\Documents\Alisson\4DSM-ProgramacaoDispositivosMoveis\node_modules\lightningcss-android-arm64
3608 silly reify mark deleted [
3608 silly reify   'C:\\Users\\LAB-48\\Documents\\Alisson\\4DSM-ProgramacaoDispositivosMoveis\\node_modules\\lightningcss-android-arm64'
3608 silly reify ]
3609 verbose reify failed optional dependency C:\Users\LAB-48\Documents\Alisson\4DSM-ProgramacaoDispositivosMoveis\node_modules\fsevents
3610 silly reify mark deleted [
3610 silly reify   'C:\\Users\\LAB-48\\Documents\\Alisson\\4DSM-ProgramacaoDispositivosMoveis\\node_modules\\fsevents'
3610 silly reify ]
3611 http cache p-try@https://registry.npmjs.org/p-try/-/p-try-2.2.0.tgz 0ms (cache hit)
3612 http cache concat-map@https://registry.npmjs.org/concat-map/-/concat-map-0.0.1.tgz 0ms (cache hit)
3613 http cache lightningcss-win32-x64-msvc@https://registry.npmjs.org/lightningcss-win32-x64-msvc/-/lightningcss-win32-x64-msvc-1.32.0.tgz 0ms (cache hit)
3614 http cache source-map-js@https://registry.npmjs.org/source-map-js/-/source-map-js-1.2.1.tgz 0ms (cache hit)
3615 http cache detect-libc@https://registry.npmjs.org/detect-libc/-/detect-libc-2.1.2.tgz 0ms (cache hit)
3616 http cache define-lazy-prop@https://registry.npmjs.org/define-lazy-prop/-/define-lazy-prop-2.0.0.tgz 0ms (cache hit)
3617 http cache lightningcss@https://registry.npmjs.org/lightningcss/-/lightningcss-1.32.0.tgz 0ms (cache hit)
3618 http cache postcss@https://registry.npmjs.org/postcss/-/postcss-8.4.49.tgz 0ms (cache hit)
3619 http cache defaults@https://registry.npmjs.org/defaults/-/defaults-1.0.4.tgz 0ms (cache hit)
3620 http cache clone@https://registry.npmjs.org/clone/-/clone-1.0.4.tgz 0ms (cache hit)
3621 http cache supports-hyperlinks@https://registry.npmjs.org/supports-hyperlinks/-/supports-hyperlinks-2.3.0.tgz 0ms (cache hit)
3622 http cache minizlib@https://registry.npmjs.org/minizlib/-/minizlib-3.1.0.tgz 0ms (cache hit)
3623 http cache @isaacs/fs-minipass@https://registry.npmjs.org/@isaacs/fs-minipass/-/fs-minipass-4.0.1.tgz 0ms (cache hit)
3624 http cache ansi-escapes@https://registry.npmjs.org/ansi-escapes/-/ansi-escapes-4.3.2.tgz 0ms (cache hit)
3625 http cache chownr@https://registry.npmjs.org/chownr/-/chownr-3.0.0.tgz 0ms (cache hit)
3626 http cache mimic-fn@https://registry.npmjs.org/mimic-fn/-/mimic-fn-1.2.0.tgz 0ms (cache hit)
3627 http cache onetime@https://registry.npmjs.org/onetime/-/onetime-2.0.1.tgz 0ms (cache hit)
3628 http cache strip-json-comments@https://registry.npmjs.org/strip-json-comments/-/strip-json-comments-2.0.1.tgz 0ms (cache hit)
3629 http cache minimist@https://registry.npmjs.org/minimist/-/minimist-1.2.8.tgz 0ms (cache hit)
3630 http cache ini@https://registry.npmjs.org/ini/-/ini-1.3.8.tgz 0ms (cache hit)
3631 http cache deep-extend@https://registry.npmjs.org/deep-extend/-/deep-extend-0.6.0.tgz 0ms (cache hit)
3632 http cache sisteransi@https://registry.npmjs.org/sisteransi/-/sisteransi-1.0.5.tgz 0ms (cache hit)
3633 http cache nested-error-stacks@https://registry.npmjs.org/nested-error-stacks/-/nested-error-stacks-2.0.1.tgz 0ms (cache hit)
3634 http cache kleur@https://registry.npmjs.org/kleur/-/kleur-3.0.3.tgz 0ms (cache hit)
3635 http cache rc@https://registry.npmjs.org/rc/-/rc-1.2.8.tgz 0ms (cache hit)
3636 http cache restore-cursor@https://registry.npmjs.org/restore-cursor/-/restore-cursor-2.0.0.tgz 0ms (cache hit)
3637 http cache wcwidth@https://registry.npmjs.org/wcwidth/-/wcwidth-1.0.1.tgz 0ms (cache hit)
3638 http cache log-symbols@https://registry.npmjs.org/log-symbols/-/log-symbols-2.2.0.tgz 0ms (cache hit)
3639 http cache cli-spinners@https://registry.npmjs.org/cli-spinners/-/cli-spinners-2.9.2.tgz 0ms (cache hit)
3640 http cache cli-cursor@https://registry.npmjs.org/cli-cursor/-/cli-cursor-2.1.0.tgz 0ms (cache hit)
3641 http cache validate-npm-package-name@https://registry.npmjs.org/validate-npm-package-name/-/validate-npm-package-name-5.0.1.tgz 0ms (cache hit)
3642 http cache vary@https://registry.npmjs.org/vary/-/vary-1.1.2.tgz 0ms (cache hit)
3643 http cache hosted-git-info@https://registry.npmjs.org/hosted-git-info/-/hosted-git-info-7.0.2.tgz 0ms (cache hit)
3644 http cache proc-log@https://registry.npmjs.org/proc-log/-/proc-log-4.2.0.tgz 0ms (cache hit)
3645 http cache compressible@https://registry.npmjs.org/compressible/-/compressible-2.0.18.tgz 0ms (cache hit)
3646 http cache safe-buffer@https://registry.npmjs.org/safe-buffer/-/safe-buffer-5.2.1.tgz 0ms (cache hit)
3647 http cache on-headers@https://registry.npmjs.org/on-headers/-/on-headers-1.1.0.tgz 0ms (cache hit)
3648 http cache @expo/sudo-prompt@https://registry.npmjs.org/@expo/sudo-prompt/-/sudo-prompt-9.3.2.tgz 0ms (cache hit)
3649 http cache wonka@https://registry.npmjs.org/wonka/-/wonka-6.3.6.tgz 0ms (cache hit)
3650 http cache bytes@https://registry.npmjs.org/bytes/-/bytes-3.1.2.tgz 0ms (cache hit)
3651 http cache undici@https://registry.npmjs.org/undici/-/undici-6.26.0.tgz 0ms (cache hit)
3652 http cache structured-headers@https://registry.npmjs.org/structured-headers/-/structured-headers-0.4.1.tgz 0ms (cache hit)
3653 http cache tar@https://registry.npmjs.org/tar/-/tar-7.5.16.tgz 0ms (cache hit)
3654 http cache terminal-link@https://registry.npmjs.org/terminal-link/-/terminal-link-2.1.1.tgz 0ms (cache hit)
3655 http cache resolve.exports@https://registry.npmjs.org/resolve.exports/-/resolve.exports-2.0.3.tgz 0ms (cache hit)
3656 http cache requireg@https://registry.npmjs.org/requireg/-/requireg-0.2.2.tgz 0ms (cache hit)
3657 http cache progress@https://registry.npmjs.org/progress/-/progress-2.0.3.tgz 0ms (cache hit)
3658 http cache qrcode-terminal@https://registry.npmjs.org/qrcode-terminal/-/qrcode-terminal-0.11.0.tgz 0ms (cache hit)
3659 http cache prompts@https://registry.npmjs.org/prompts/-/prompts-2.4.2.tgz 0ms (cache hit)
3660 http cache npm-package-arg@https://registry.npmjs.org/npm-package-arg/-/npm-package-arg-11.0.3.tgz 0ms (cache hit)
3661 http cache ora@https://registry.npmjs.org/ora/-/ora-3.4.0.tgz 0ms (cache hit)
3662 http cache pretty-bytes@https://registry.npmjs.org/pretty-bytes/-/pretty-bytes-5.6.0.tgz 0ms (cache hit)
3663 http cache lan-network@https://registry.npmjs.org/lan-network/-/lan-network-0.2.1.tgz 0ms (cache hit)
3664 http cache node-forge@https://registry.npmjs.org/node-forge/-/node-forge-1.4.0.tgz 0ms (cache hit)
3665 http cache freeport-async@https://registry.npmjs.org/freeport-async/-/freeport-async-2.0.0.tgz 0ms (cache hit)
3666 http cache expo-server@https://registry.npmjs.org/expo-server/-/expo-server-1.0.7.tgz 0ms (cache hit)
3667 http cache env-editor@https://registry.npmjs.org/env-editor/-/env-editor-0.4.2.tgz 0ms (cache hit)
3668 http cache compression@https://registry.npmjs.org/compression/-/compression-1.8.1.tgz 0ms (cache hit)
3669 http cache @expo/xcpretty@https://registry.npmjs.org/@expo/xcpretty/-/xcpretty-4.4.4.tgz 0ms (cache hit)
3670 http cache better-opn@https://registry.npmjs.org/better-opn/-/better-opn-3.0.2.tgz 0ms (cache hit)
3671 http cache @urql/exchange-retry@https://registry.npmjs.org/@urql/exchange-retry/-/exchange-retry-1.3.2.tgz 0ms (cache hit)
3672 http cache @urql/core@https://registry.npmjs.org/@urql/core/-/core-5.2.0.tgz 0ms (cache hit)
3673 http cache @expo/ws-tunnel@https://registry.npmjs.org/@expo/ws-tunnel/-/ws-tunnel-1.0.6.tgz 0ms (cache hit)
3674 http cache @expo/schema-utils@https://registry.npmjs.org/@expo/schema-utils/-/schema-utils-0.1.8.tgz 0ms (cache hit)
3675 http cache @expo/package-manager@https://registry.npmjs.org/@expo/package-manager/-/package-manager-1.12.1.tgz 0ms (cache hit)
3676 http cache @expo/osascript@https://registry.npmjs.org/@expo/osascript/-/osascript-2.6.0.tgz 0ms (cache hit)
3677 http cache @expo/devcert@https://registry.npmjs.org/@expo/devcert/-/devcert-1.2.1.tgz 0ms (cache hit)
3678 http cache @expo/code-signing-certificates@https://registry.npmjs.org/@expo/code-signing-certificates/-/code-signing-certificates-0.0.6.tgz 0ms (cache hit)
3679 http cache @0no-co/graphql.web@https://registry.npmjs.org/@0no-co/graphql.web/-/graphql.web-1.2.0.tgz 0ms (cache hit)
3680 http cache @babel/highlight@https://registry.npmjs.org/@babel/highlight/-/highlight-7.25.9.tgz 0ms (cache hit)
3681 http cache async-limiter@https://registry.npmjs.org/async-limiter/-/async-limiter-1.0.1.tgz 0ms (cache hit)
3682 http cache minipass@https://registry.npmjs.org/minipass/-/minipass-7.1.3.tgz 0ms (cache hit)
3683 http cache is-fullwidth-code-point@https://registry.npmjs.org/is-fullwidth-code-point/-/is-fullwidth-code-point-3.0.0.tgz 0ms (cache hit)
3684 http cache path-scurry@https://registry.npmjs.org/path-scurry/-/path-scurry-2.0.2.tgz 0ms (cache hit)
3685 http cache strip-ansi@https://registry.npmjs.org/strip-ansi/-/strip-ansi-6.0.1.tgz 0ms (cache hit)
3686 http cache yargs-parser@https://registry.npmjs.org/yargs-parser/-/yargs-parser-21.1.1.tgz 0ms (cache hit)
3687 http cache wrap-ansi@https://registry.npmjs.org/wrap-ansi/-/wrap-ansi-7.0.0.tgz 0ms (cache hit)
3688 http cache emoji-regex@https://registry.npmjs.org/emoji-regex/-/emoji-regex-8.0.0.tgz 0ms (cache hit)
3689 http cache y18n@https://registry.npmjs.org/y18n/-/y18n-5.0.8.tgz 0ms (cache hit)
3690 http cache string-width@https://registry.npmjs.org/string-width/-/string-width-4.2.3.tgz 0ms (cache hit)
3691 http cache require-directory@https://registry.npmjs.org/require-directory/-/require-directory-2.1.1.tgz 0ms (cache hit)
3692 http cache get-caller-file@https://registry.npmjs.org/get-caller-file/-/get-caller-file-2.0.5.tgz 0ms (cache hit)
3693 http cache sax@https://registry.npmjs.org/sax/-/sax-1.6.0.tgz 0ms (cache hit)
3694 http cache cliui@https://registry.npmjs.org/cliui/-/cliui-8.0.1.tgz 0ms (cache hit)
3695 http cache stream-buffers@https://registry.npmjs.org/stream-buffers/-/stream-buffers-2.2.0.tgz 0ms (cache hit)
3696 http cache big-integer@https://registry.npmjs.org/big-integer/-/big-integer-1.6.52.tgz 0ms (cache hit)
3697 http cache bplist-creator@https://registry.npmjs.org/bplist-creator/-/bplist-creator-0.1.0.tgz 0ms (cache hit)
3698 http cache plist@https://registry.npmjs.org/plist/-/plist-3.1.1.tgz 0ms (cache hit)
3699 http cache uuid@https://registry.npmjs.org/uuid/-/uuid-7.0.3.tgz 0ms (cache hit)
3700 http cache bplist-parser@https://registry.npmjs.org/bplist-parser/-/bplist-parser-0.3.1.tgz 0ms (cache hit)
3701 http cache simple-plist@https://registry.npmjs.org/simple-plist/-/simple-plist-1.3.1.tgz 0ms (cache hit)
3702 http cache signal-exit@https://registry.npmjs.org/signal-exit/-/signal-exit-3.0.7.tgz 0ms (cache hit)
3703 http cache imurmurhash@https://registry.npmjs.org/imurmurhash/-/imurmurhash-0.1.4.tgz 0ms (cache hit)
3704 http cache isexe@https://registry.npmjs.org/isexe/-/isexe-2.0.0.tgz 0ms (cache hit)
3705 http cache ieee754@https://registry.npmjs.org/ieee754/-/ieee754-1.2.1.tgz 0ms (cache hit)
3706 http cache punycode@https://registry.npmjs.org/punycode/-/punycode-2.3.1.tgz 0ms (cache hit)
3707 http cache webidl-conversions@https://registry.npmjs.org/webidl-conversions/-/webidl-conversions-5.0.0.tgz 0ms (cache hit)
3708 http cache buffer@https://registry.npmjs.org/buffer/-/buffer-5.7.1.tgz 0ms (cache hit)
3709 http cache makeerror@https://registry.npmjs.org/makeerror/-/makeerror-1.0.12.tgz 0ms (cache hit)
3710 http cache tmpl@https://registry.npmjs.org/tmpl/-/tmpl-1.0.5.tgz 0ms (cache hit)
3711 http cache unicode-property-aliases-ecmascript@https://registry.npmjs.org/unicode-property-aliases-ecmascript/-/unicode-property-aliases-ecmascript-2.2.0.tgz 0ms (cache hit)
3712 http cache escalade@https://registry.npmjs.org/escalade/-/escalade-3.2.0.tgz 0ms (cache hit)
3713 http cache unicode-canonical-property-names-ecmascript@https://registry.npmjs.org/unicode-canonical-property-names-ecmascript/-/unicode-canonical-property-names-ecmascript-2.0.1.tgz 0ms (cache hit)
3714 http cache is-number@https://registry.npmjs.org/is-number/-/is-number-7.0.0.tgz 0ms (cache hit)
3715 http cache thenify@https://registry.npmjs.org/thenify/-/thenify-3.3.1.tgz 0ms (cache hit)
3716 http cache buffer-from@https://registry.npmjs.org/buffer-from/-/buffer-from-1.1.2.tgz 0ms (cache hit)
3717 http cache @jridgewell/source-map@https://registry.npmjs.org/@jridgewell/source-map/-/source-map-0.3.11.tgz 0ms (cache hit)
3718 http cache source-map-support@https://registry.npmjs.org/source-map-support/-/source-map-support-0.5.21.tgz 0ms (cache hit)
3719 http cache acorn@https://registry.npmjs.org/acorn/-/acorn-8.17.0.tgz 0ms (cache hit)
3720 http cache thenify-all@https://registry.npmjs.org/thenify-all/-/thenify-all-1.6.0.tgz 0ms (cache hit)
3721 http cache has-flag@https://registry.npmjs.org/has-flag/-/has-flag-4.0.0.tgz 0ms (cache hit)
3722 http cache object-assign@https://registry.npmjs.org/object-assign/-/object-assign-4.1.1.tgz 0ms (cache hit)
3723 http cache any-promise@https://registry.npmjs.org/any-promise/-/any-promise-1.3.0.tgz 0ms (cache hit)
3724 http cache ts-interface-checker@https://registry.npmjs.org/ts-interface-checker/-/ts-interface-checker-0.1.13.tgz 0ms (cache hit)
3725 http cache tinyglobby@https://registry.npmjs.org/tinyglobby/-/tinyglobby-0.2.17.tgz 0ms (cache hit)
3726 http cache mz@https://registry.npmjs.org/mz/-/mz-2.7.0.tgz 0ms (cache hit)
3727 http cache lines-and-columns@https://registry.npmjs.org/lines-and-columns/-/lines-and-columns-1.2.4.tgz 0ms (cache hit)
3728 http cache type-fest@https://registry.npmjs.org/type-fest/-/type-fest-0.7.1.tgz 0ms (cache hit)
3729 http cache is-arrayish@https://registry.npmjs.org/is-arrayish/-/is-arrayish-0.3.4.tgz 0ms (cache hit)
3730 http cache shebang-regex@https://registry.npmjs.org/shebang-regex/-/shebang-regex-3.0.0.tgz 0ms (cache hit)
3731 http cache range-parser@https://registry.npmjs.org/range-parser/-/range-parser-1.2.1.tgz 0ms (cache hit)
3732 http cache setprototypeof@https://registry.npmjs.org/setprototypeof/-/setprototypeof-1.2.0.tgz 0ms (cache hit)
3733 http cache toidentifier@https://registry.npmjs.org/toidentifier/-/toidentifier-1.0.1.tgz 0ms (cache hit)
3734 http cache mime@https://registry.npmjs.org/mime/-/mime-1.6.0.tgz 0ms (cache hit)
3735 http cache fresh@https://registry.npmjs.org/fresh/-/fresh-0.5.2.tgz 0ms (cache hit)
3736 http cache http-errors@https://registry.npmjs.org/http-errors/-/http-errors-2.0.1.tgz 0ms (cache hit)
3737 http cache etag@https://registry.npmjs.org/etag/-/etag-1.8.1.tgz 0ms (cache hit)
3738 http cache destroy@https://registry.npmjs.org/destroy/-/destroy-1.2.0.tgz 0ms (cache hit)
3739 http cache depd@https://registry.npmjs.org/depd/-/depd-2.0.0.tgz 0ms (cache hit)
3740 http cache send@https://registry.npmjs.org/send/-/send-0.19.2.tgz 0ms (cache hit)
3741 http cache supports-preserve-symlinks-flag@https://registry.npmjs.org/supports-preserve-symlinks-flag/-/supports-preserve-symlinks-flag-1.0.0.tgz 0ms (cache hit)
3742 http cache path-parse@https://registry.npmjs.org/path-parse/-/path-parse-1.0.7.tgz 0ms (cache hit)
3743 http cache is-core-module@https://registry.npmjs.org/is-core-module/-/is-core-module-2.16.2.tgz 0ms (cache hit)
3744 http cache unicode-match-property-value-ecmascript@https://registry.npmjs.org/unicode-match-property-value-ecmascript/-/unicode-match-property-value-ecmascript-2.2.1.tgz 0ms (cache hit)
3745 http cache unicode-match-property-ecmascript@https://registry.npmjs.org/unicode-match-property-ecmascript/-/unicode-match-property-ecmascript-2.0.0.tgz 0ms (cache hit)
3746 http cache regjsparser@https://registry.npmjs.org/regjsparser/-/regjsparser-0.13.1.tgz 0ms (cache hit)
3747 http cache regjsgen@https://registry.npmjs.org/regjsgen/-/regjsgen-0.8.0.tgz 0ms (cache hit)
3748 http cache regenerate-unicode-properties@https://registry.npmjs.org/regenerate-unicode-properties/-/regenerate-unicode-properties-10.2.2.tgz 0ms (cache hit)
3749 http cache regenerate@https://registry.npmjs.org/regenerate/-/regenerate-1.4.2.tgz 0ms (cache hit)
3750 http cache react-freeze@https://registry.npmjs.org/react-freeze/-/react-freeze-1.0.4.tgz 0ms (cache hit)
3751 http cache shell-quote@https://registry.npmjs.org/shell-quote/-/shell-quote-1.8.4.tgz 0ms (cache hit)
3752 http cache asap@https://registry.npmjs.org/asap/-/asap-2.0.6.tgz 0ms (cache hit)
3753 http cache p-locate@https://registry.npmjs.org/p-locate/-/p-locate-4.1.0.tgz 0ms (cache hit)
3754 http cache marky@https://registry.npmjs.org/marky/-/marky-1.3.0.tgz 0ms (cache hit)
3755 http cache sprintf-js@https://registry.npmjs.org/sprintf-js/-/sprintf-js-1.0.3.tgz 0ms (cache hit)
3756 http cache esprima@https://registry.npmjs.org/esprima/-/esprima-4.0.1.tgz 0ms (cache hit)
3757 http cache argparse@https://registry.npmjs.org/argparse/-/argparse-1.0.10.tgz 0ms (cache hit)
3758 http cache stack-utils@https://registry.npmjs.org/stack-utils/-/stack-utils-2.0.6.tgz 0ms (cache hit)
3759 http cache @types/stack-utils@https://registry.npmjs.org/@types/stack-utils/-/stack-utils-2.0.3.tgz 0ms (cache hit)
3760 http cache @types/graceful-fs@https://registry.npmjs.org/@types/graceful-fs/-/graceful-fs-4.1.9.tgz 0ms (cache hit)
3761 http cache normalize-path@https://registry.npmjs.org/normalize-path/-/normalize-path-3.0.0.tgz 0ms (cache hit)
3762 http cache @sinonjs/commons@https://registry.npmjs.org/@sinonjs/commons/-/commons-3.0.1.tgz 0ms (cache hit)
3763 http cache type-detect@https://registry.npmjs.org/type-detect/-/type-detect-4.0.8.tgz 0ms (cache hit)
3764 http cache anymatch@https://registry.npmjs.org/anymatch/-/anymatch-3.1.3.tgz 0ms (cache hit)
3765 http cache @sinonjs/fake-timers@https://registry.npmjs.org/@sinonjs/fake-timers/-/fake-timers-10.3.0.tgz 0ms (cache hit)
3766 http cache jest-message-util@https://registry.npmjs.org/jest-message-util/-/jest-message-util-29.7.0.tgz 0ms (cache hit)
3767 http cache jest-mock@https://registry.npmjs.org/jest-mock/-/jest-mock-29.7.0.tgz 0ms (cache hit)
3768 http cache is-docker@https://registry.npmjs.org/is-docker/-/is-docker-2.2.1.tgz 0ms (cache hit)
3769 http cache istanbul-lib-coverage@https://registry.npmjs.org/istanbul-lib-coverage/-/istanbul-lib-coverage-3.2.2.tgz 0ms (cache hit)
3770 http cache @jest/fake-timers@https://registry.npmjs.org/@jest/fake-timers/-/fake-timers-29.7.0.tgz 0ms (cache hit)
3771 http cache locate-path@https://registry.npmjs.org/locate-path/-/locate-path-5.0.0.tgz 0ms (cache hit)
3772 http cache @jest/environment@https://registry.npmjs.org/@jest/environment/-/environment-29.7.0.tgz 0ms (cache hit)
3773 http cache path-exists@https://registry.npmjs.org/path-exists/-/path-exists-4.0.0.tgz 0ms (cache hit)
3774 http cache rimraf@https://registry.npmjs.org/rimraf/-/rimraf-3.0.2.tgz 0ms (cache hit)
3775 http cache mkdirp@https://registry.npmjs.org/mkdirp/-/mkdirp-1.0.4.tgz 0ms (cache hit)
3776 http cache lighthouse-logger@https://registry.npmjs.org/lighthouse-logger/-/lighthouse-logger-1.4.2.tgz 0ms (cache hit)
3777 http cache is-wsl@https://registry.npmjs.org/is-wsl/-/is-wsl-2.2.0.tgz 0ms (cache hit)
3778 http cache @babel/plugin-syntax-top-level-await@https://registry.npmjs.org/@babel/plugin-syntax-top-level-await/-/plugin-syntax-top-level-await-7.14.5.tgz 0ms (cache hit)
3779 http cache @babel/plugin-syntax-private-property-in-object@https://registry.npmjs.org/@babel/plugin-syntax-private-property-in-object/-/plugin-syntax-private-property-in-object-7.14.5.tgz 0ms (cache hit)
3780 http cache @babel/plugin-syntax-object-rest-spread@https://registry.npmjs.org/@babel/plugin-syntax-object-rest-spread/-/plugin-syntax-object-rest-spread-7.8.3.tgz 0ms (cache hit)
3781 http cache @babel/plugin-syntax-optional-catch-binding@https://registry.npmjs.org/@babel/plugin-syntax-optional-catch-binding/-/plugin-syntax-optional-catch-binding-7.8.3.tgz 0ms (cache hit)
3782 http cache @babel/plugin-syntax-numeric-separator@https://registry.npmjs.org/@babel/plugin-syntax-numeric-separator/-/plugin-syntax-numeric-separator-7.10.4.tgz 0ms (cache hit)
3783 http cache @babel/plugin-syntax-logical-assignment-operators@https://registry.npmjs.org/@babel/plugin-syntax-logical-assignment-operators/-/plugin-syntax-logical-assignment-operators-7.10.4.tgz 0ms (cache hit)
3784 http cache @babel/plugin-syntax-json-strings@https://registry.npmjs.org/@babel/plugin-syntax-json-strings/-/plugin-syntax-json-strings-7.8.3.tgz 0ms (cache hit)
3785 http cache @babel/plugin-syntax-import-meta@https://registry.npmjs.org/@babel/plugin-syntax-import-meta/-/plugin-syntax-import-meta-7.10.4.tgz 0ms (cache hit)
3786 http cache @babel/plugin-syntax-import-attributes@https://registry.npmjs.org/@babel/plugin-syntax-import-attributes/-/plugin-syntax-import-attributes-7.29.7.tgz 0ms (cache hit)
3787 http cache babel-preset-current-node-syntax@https://registry.npmjs.org/babel-preset-current-node-syntax/-/babel-preset-current-node-syntax-1.2.0.tgz 0ms (cache hit)
3788 http cache @babel/plugin-syntax-class-static-block@https://registry.npmjs.org/@babel/plugin-syntax-class-static-block/-/plugin-syntax-class-static-block-7.14.5.tgz 0ms (cache hit)
3789 http cache babel-plugin-jest-hoist@https://registry.npmjs.org/babel-plugin-jest-hoist/-/babel-plugin-jest-hoist-29.6.3.tgz 0ms (cache hit)
3790 http cache @babel/plugin-syntax-bigint@https://registry.npmjs.org/@babel/plugin-syntax-bigint/-/plugin-syntax-bigint-7.8.3.tgz 0ms (cache hit)
3791 http cache @babel/plugin-syntax-async-generators@https://registry.npmjs.org/@babel/plugin-syntax-async-generators/-/plugin-syntax-async-generators-7.8.4.tgz 0ms (cache hit)
3792 http cache js-yaml@https://registry.npmjs.org/js-yaml/-/js-yaml-3.14.2.tgz 0ms (cache hit)
3793 http cache get-package-type@https://registry.npmjs.org/get-package-type/-/get-package-type-0.1.0.tgz 0ms (cache hit)
3794 http cache @babel/plugin-syntax-class-properties@https://registry.npmjs.org/@babel/plugin-syntax-class-properties/-/plugin-syntax-class-properties-7.12.13.tgz 0ms (cache hit)
3795 http cache find-up@https://registry.npmjs.org/find-up/-/find-up-4.1.0.tgz 0ms (cache hit)
3796 http cache test-exclude@https://registry.npmjs.org/test-exclude/-/test-exclude-6.0.0.tgz 0ms (cache hit)
3797 http cache istanbul-lib-instrument@https://registry.npmjs.org/istanbul-lib-instrument/-/istanbul-lib-instrument-5.2.1.tgz 0ms (cache hit)
3798 http cache @istanbuljs/schema@https://registry.npmjs.org/@istanbuljs/schema/-/schema-0.1.6.tgz 0ms (cache hit)
3799 http cache @types/babel__traverse@https://registry.npmjs.org/@types/babel__traverse/-/babel__traverse-7.28.0.tgz 0ms (cache hit)
3800 http cache @istanbuljs/load-nyc-config@https://registry.npmjs.org/@istanbuljs/load-nyc-config/-/load-nyc-config-1.1.0.tgz 0ms (cache hit)
3801 http cache @types/babel__template@https://registry.npmjs.org/@types/babel__template/-/babel__template-7.4.4.tgz 0ms (cache hit)
3802 http cache @types/babel__generator@https://registry.npmjs.org/@types/babel__generator/-/babel__generator-7.27.0.tgz 0ms (cache hit)
3803 http cache write-file-atomic@https://registry.npmjs.org/write-file-atomic/-/write-file-atomic-4.0.2.tgz 0ms (cache hit)
3804 http cache pirates@https://registry.npmjs.org/pirates/-/pirates-4.0.7.tgz 0ms (cache hit)
3805 http cache jest-regex-util@https://registry.npmjs.org/jest-regex-util/-/jest-regex-util-29.6.3.tgz 0ms (cache hit)
3806 http cache jest-haste-map@https://registry.npmjs.org/jest-haste-map/-/jest-haste-map-29.7.0.tgz 0ms (cache hit)
3807 http cache @types/babel__core@https://registry.npmjs.org/@types/babel__core/-/babel__core-7.20.5.tgz 0ms (cache hit)
3808 http cache fast-json-stable-stringify@https://registry.npmjs.org/fast-json-stable-stringify/-/fast-json-stable-stringify-2.1.0.tgz 0ms (cache hit)
3809 http cache @jest/transform@https://registry.npmjs.org/@jest/transform/-/transform-29.7.0.tgz 0ms (cache hit)
3810 http cache babel-preset-jest@https://registry.npmjs.org/babel-preset-jest/-/babel-preset-jest-29.6.3.tgz 0ms (cache hit)
3811 http cache babel-plugin-istanbul@https://registry.npmjs.org/babel-plugin-istanbul/-/babel-plugin-istanbul-6.1.1.tgz 0ms (cache hit)
3812 http cache open@https://registry.npmjs.org/open/-/open-7.4.2.tgz 0ms (cache hit)
3813 http cache event-target-shim@https://registry.npmjs.org/event-target-shim/-/event-target-shim-5.0.1.tgz 0ms (cache hit)
3814 http cache @react-native/debugger-frontend@https://registry.npmjs.org/@react-native/debugger-frontend/-/debugger-frontend-0.81.5.tgz 0ms (cache hit)
3815 http cache serve-static@https://registry.npmjs.org/serve-static/-/serve-static-1.16.3.tgz 0ms (cache hit)
3816 http cache chromium-edge-launcher@https://registry.npmjs.org/chromium-edge-launcher/-/chromium-edge-launcher-0.2.0.tgz 0ms (cache hit)
3817 http cache @isaacs/ttlcache@https://registry.npmjs.org/@isaacs/ttlcache/-/ttlcache-1.4.1.tgz 0ms (cache hit)
3818 http cache @react-native/dev-middleware@https://registry.npmjs.org/@react-native/dev-middleware/-/dev-middleware-0.81.5.tgz 0ms (cache hit)
3819 http cache chrome-launcher@https://registry.npmjs.org/chrome-launcher/-/chrome-launcher-0.15.2.tgz 0ms (cache hit)
3820 http cache whatwg-fetch@https://registry.npmjs.org/whatwg-fetch/-/whatwg-fetch-3.6.20.tgz 0ms (cache hit)
3821 http cache stacktrace-parser@https://registry.npmjs.org/stacktrace-parser/-/stacktrace-parser-0.1.11.tgz 0ms (cache hit)
3822 http cache scheduler@https://registry.npmjs.org/scheduler/-/scheduler-0.26.0.tgz 0ms (cache hit)
3823 http cache regenerator-runtime@https://registry.npmjs.org/regenerator-runtime/-/regenerator-runtime-0.13.11.tgz 0ms (cache hit)
3824 http cache react-devtools-core@https://registry.npmjs.org/react-devtools-core/-/react-devtools-core-6.1.5.tgz 0ms (cache hit)
3825 http cache promise@https://registry.npmjs.org/promise/-/promise-8.3.0.tgz 0ms (cache hit)
3826 http cache memoize-one@https://registry.npmjs.org/memoize-one/-/memoize-one-5.2.1.tgz 0ms (cache hit)
3827 http cache jest-environment-node@https://registry.npmjs.org/jest-environment-node/-/jest-environment-node-29.7.0.tgz 0ms (cache hit)
3828 http cache babel-jest@https://registry.npmjs.org/babel-jest/-/babel-jest-29.7.0.tgz 0ms (cache hit)
3829 http cache ansi-regex@https://registry.npmjs.org/ansi-regex/-/ansi-regex-5.0.1.tgz 0ms (cache hit)
3830 http cache anser@https://registry.npmjs.org/anser/-/anser-1.4.10.tgz 0ms (cache hit)
3831 http cache abort-controller@https://registry.npmjs.org/abort-controller/-/abort-controller-3.0.0.tgz 0ms (cache hit)
3832 http cache @react-native/normalize-colors@https://registry.npmjs.org/@react-native/normalize-colors/-/normalize-colors-0.81.5.tgz 0ms (cache hit)
3833 http cache @react-native/js-polyfills@https://registry.npmjs.org/@react-native/js-polyfills/-/js-polyfills-0.81.5.tgz 0ms (cache hit)
3834 http cache @jest/create-cache-key-function@https://registry.npmjs.org/@jest/create-cache-key-function/-/create-cache-key-function-29.7.0.tgz 0ms (cache hit)
3835 http cache strict-uri-encode@https://registry.npmjs.org/strict-uri-encode/-/strict-uri-encode-2.0.0.tgz 0ms (cache hit)
3836 http cache split-on-first@https://registry.npmjs.org/split-on-first/-/split-on-first-1.1.0.tgz 0ms (cache hit)
3837 http cache @react-native/gradle-plugin@https://registry.npmjs.org/@react-native/gradle-plugin/-/gradle-plugin-0.81.5.tgz 0ms (cache hit)
3838 http cache @react-native/community-cli-plugin@https://registry.npmjs.org/@react-native/community-cli-plugin/-/community-cli-plugin-0.81.5.tgz 0ms (cache hit)
3839 http cache filter-obj@https://registry.npmjs.org/filter-obj/-/filter-obj-1.1.0.tgz 0ms (cache hit)
3840 http cache @react-native/assets-registry@https://registry.npmjs.org/@react-native/assets-registry/-/assets-registry-0.81.5.tgz 0ms (cache hit)
3841 http cache decode-uri-component@https://registry.npmjs.org/decode-uri-component/-/decode-uri-component-0.2.2.tgz 0ms (cache hit)
3842 http cache yocto-queue@https://registry.npmjs.org/yocto-queue/-/yocto-queue-0.1.0.tgz 0ms (cache hit)
3843 http cache pngjs@https://registry.npmjs.org/pngjs/-/pngjs-3.4.0.tgz 0ms (cache hit)
3844 http cache ee-first@https://registry.npmjs.org/ee-first/-/ee-first-1.1.1.tgz 0ms (cache hit)
3845 http cache balanced-match@https://registry.npmjs.org/balanced-match/-/balanced-match-4.0.4.tgz 0ms (cache hit)
3846 http cache brace-expansion@https://registry.npmjs.org/brace-expansion/-/brace-expansion-5.0.6.tgz 0ms (cache hit)
3847 http cache mime-db@https://registry.npmjs.org/mime-db/-/mime-db-1.52.0.tgz 0ms (cache hit)
3848 http cache to-regex-range@https://registry.npmjs.org/to-regex-range/-/to-regex-range-5.0.1.tgz 0ms (cache hit)
3849 http cache fill-range@https://registry.npmjs.org/fill-range/-/fill-range-7.1.1.tgz 0ms (cache hit)
3850 http cache braces@https://registry.npmjs.org/braces/-/braces-3.0.3.tgz 0ms (cache hit)
3851 http cache vlq@https://registry.npmjs.org/vlq/-/vlq-1.0.1.tgz 0ms (cache hit)
3852 http cache ob1@https://registry.npmjs.org/ob1/-/ob1-0.83.3.tgz 0ms (cache hit)
3853 http cache node-int64@https://registry.npmjs.org/node-int64/-/node-int64-0.4.0.tgz 0ms (cache hit)
3854 http cache terser@https://registry.npmjs.org/terser/-/terser-5.48.0.tgz 0ms (cache hit)
3855 http cache bser@https://registry.npmjs.org/bser/-/bser-2.1.1.tgz 0ms (cache hit)
3856 http cache micromatch@https://registry.npmjs.org/micromatch/-/micromatch-4.0.8.tgz 0ms (cache hit)
3857 http cache walker@https://registry.npmjs.org/walker/-/walker-1.0.8.tgz 0ms (cache hit)
3858 http cache @babel/traverse--for-generate-function-map@https://registry.npmjs.org/@babel/traverse/-/traverse-7.29.7.tgz 0ms (cache hit)
3859 http cache fb-watchman@https://registry.npmjs.org/fb-watchman/-/fb-watchman-2.0.2.tgz 0ms (cache hit)
3860 http cache camelcase@https://registry.npmjs.org/camelcase/-/camelcase-6.3.0.tgz 0ms (cache hit)
3861 http cache leven@https://registry.npmjs.org/leven/-/leven-3.1.0.tgz 0ms (cache hit)
3862 http cache yaml@https://registry.npmjs.org/yaml/-/yaml-2.9.0.tgz 0ms (cache hit)
3863 http cache jest-get-type@https://registry.npmjs.org/jest-get-type/-/jest-get-type-29.6.3.tgz 0ms (cache hit)
3864 http cache jest-validate@https://registry.npmjs.org/jest-validate/-/jest-validate-29.7.0.tgz 0ms (cache hit)
3865 http cache @types/yargs-parser@https://registry.npmjs.org/@types/yargs-parser/-/yargs-parser-21.0.3.tgz 0ms (cache hit)
3866 http cache exponential-backoff@https://registry.npmjs.org/exponential-backoff/-/exponential-backoff-3.1.3.tgz 0ms (cache hit)
3867 http cache @sinclair/typebox@https://registry.npmjs.org/@sinclair/typebox/-/typebox-0.27.10.tgz 0ms (cache hit)
3868 http cache @types/istanbul-lib-report@https://registry.npmjs.org/@types/istanbul-lib-report/-/istanbul-lib-report-3.0.3.tgz 0ms (cache hit)
3869 http cache @jest/schemas@https://registry.npmjs.org/@jest/schemas/-/schemas-29.6.3.tgz 0ms (cache hit)
3870 http cache @types/yargs@https://registry.npmjs.org/@types/yargs/-/yargs-17.0.35.tgz 0ms (cache hit)
3871 http cache @types/istanbul-reports@https://registry.npmjs.org/@types/istanbul-reports/-/istanbul-reports-3.0.4.tgz 0ms (cache hit)
3872 http cache picomatch@https://registry.npmjs.org/picomatch/-/picomatch-2.3.2.tgz 0ms (cache hit)
3873 http cache @types/istanbul-lib-coverage@https://registry.npmjs.org/@types/istanbul-lib-coverage/-/istanbul-lib-coverage-2.0.6.tgz 0ms (cache hit)
3874 http cache @jest/types@https://registry.npmjs.org/@jest/types/-/types-29.6.3.tgz 0ms (cache hit)
3875 http cache @types/node@https://registry.npmjs.org/@types/node/-/node-25.9.3.tgz 0ms (cache hit)
3876 http cache merge-stream@https://registry.npmjs.org/merge-stream/-/merge-stream-2.0.0.tgz 0ms (cache hit)
3877 http cache undici-types@https://registry.npmjs.org/undici-types/-/undici-types-7.24.6.tgz 0ms (cache hit)
3878 http cache jest-util@https://registry.npmjs.org/jest-util/-/jest-util-29.7.0.tgz 0ms (cache hit)
3879 http cache queue@https://registry.npmjs.org/queue/-/queue-6.0.2.tgz 0ms (cache hit)
3880 http cache on-finished@https://registry.npmjs.org/on-finished/-/on-finished-2.3.0.tgz 0ms (cache hit)
3881 http cache statuses@https://registry.npmjs.org/statuses/-/statuses-1.5.0.tgz 0ms (cache hit)
3882 http cache escape-html@https://registry.npmjs.org/escape-html/-/escape-html-1.0.3.tgz 1ms (cache hit)
3883 http cache unpipe@https://registry.npmjs.org/unpipe/-/unpipe-1.0.0.tgz 0ms (cache hit)
3884 http cache stackframe@https://registry.npmjs.org/stackframe/-/stackframe-1.3.4.tgz 0ms (cache hit)
3885 http cache encodeurl@https://registry.npmjs.org/encodeurl/-/encodeurl-1.0.2.tgz 0ms (cache hit)
3886 http cache utils-merge@https://registry.npmjs.org/utils-merge/-/utils-merge-1.0.1.tgz 0ms (cache hit)
3887 http cache parseurl@https://registry.npmjs.org/parseurl/-/parseurl-1.3.3.tgz 0ms (cache hit)
3888 http cache finalhandler@https://registry.npmjs.org/finalhandler/-/finalhandler-1.1.2.tgz 0ms (cache hit)
3889 http cache ws@https://registry.npmjs.org/ws/-/ws-7.5.11.tgz 0ms (cache hit)
3890 http cache negotiator@https://registry.npmjs.org/negotiator/-/negotiator-0.6.3.tgz 0ms (cache hit)
3891 http cache throat@https://registry.npmjs.org/throat/-/throat-5.0.0.tgz 0ms (cache hit)
3892 http cache source-map@https://registry.npmjs.org/source-map/-/source-map-0.5.7.tgz 0ms (cache hit)
3893 http cache serialize-error@https://registry.npmjs.org/serialize-error/-/serialize-error-2.1.0.tgz 0ms (cache hit)
3894 http cache jsc-safe-url@https://registry.npmjs.org/jsc-safe-url/-/jsc-safe-url-0.2.4.tgz 0ms (cache hit)
3895 http cache lodash.throttle@https://registry.npmjs.org/lodash.throttle/-/lodash.throttle-4.1.1.tgz 0ms (cache hit)
3896 http cache jest-worker@https://registry.npmjs.org/jest-worker/-/jest-worker-29.7.0.tgz 0ms (cache hit)
3897 http cache graceful-fs@https://registry.npmjs.org/graceful-fs/-/graceful-fs-4.2.11.tgz 0ms (cache hit)
3898 http cache image-size@https://registry.npmjs.org/image-size/-/image-size-1.2.1.tgz 0ms (cache hit)
3899 http cache error-stack-parser@https://registry.npmjs.org/error-stack-parser/-/error-stack-parser-2.1.4.tgz 0ms (cache hit)
3900 http cache flow-enums-runtime@https://registry.npmjs.org/flow-enums-runtime/-/flow-enums-runtime-0.0.6.tgz 0ms (cache hit)
3901 http cache connect@https://registry.npmjs.org/connect/-/connect-3.7.0.tgz 0ms (cache hit)
3902 http cache ci-info@https://registry.npmjs.org/ci-info/-/ci-info-2.0.0.tgz 0ms (cache hit)
3903 http cache is-plain-obj@https://registry.npmjs.org/is-plain-obj/-/is-plain-obj-2.1.0.tgz 0ms (cache hit)
3904 http cache yallist@https://registry.npmjs.org/yallist/-/yallist-3.1.1.tgz 0ms (cache hit)
3905 http cache loose-envify@https://registry.npmjs.org/loose-envify/-/loose-envify-1.4.0.tgz 0ms (cache hit)
3906 http cache wrappy@https://registry.npmjs.org/wrappy/-/wrappy-1.0.2.tgz 0ms (cache hit)
3907 http cache agent-base@https://registry.npmjs.org/agent-base/-/agent-base-6.0.2.tgz 0ms (cache hit)
3908 http cache accepts@https://registry.npmjs.org/accepts/-/accepts-1.3.8.tgz 0ms (cache hit)
3909 http cache hermes-estree@https://registry.npmjs.org/hermes-estree/-/hermes-estree-0.32.0.tgz 0ms (cache hit)
3910 http cache inherits@https://registry.npmjs.org/inherits/-/inherits-2.0.4.tgz 0ms (cache hit)
3911 http cache path-is-absolute@https://registry.npmjs.org/path-is-absolute/-/path-is-absolute-1.0.1.tgz 0ms (cache hit)
3912 http cache inflight@https://registry.npmjs.org/inflight/-/inflight-1.0.6.tgz 0ms (cache hit)
3913 http cache once@https://registry.npmjs.org/once/-/once-1.4.0.tgz 0ms (cache hit)
3914 http cache fs.realpath@https://registry.npmjs.org/fs.realpath/-/fs.realpath-1.0.0.tgz 0ms (cache hit)
3915 http cache dunder-proto@https://registry.npmjs.org/dunder-proto/-/dunder-proto-1.0.1.tgz 0ms (cache hit)
3916 http cache math-intrinsics@https://registry.npmjs.org/math-intrinsics/-/math-intrinsics-1.1.0.tgz 0ms (cache hit)
3917 http cache has-symbols@https://registry.npmjs.org/has-symbols/-/has-symbols-1.1.0.tgz 0ms (cache hit)
3918 http cache gopd@https://registry.npmjs.org/gopd/-/gopd-1.2.0.tgz 0ms (cache hit)
3919 http cache get-proto@https://registry.npmjs.org/get-proto/-/get-proto-1.0.1.tgz 0ms (cache hit)
3920 http cache function-bind@https://registry.npmjs.org/function-bind/-/function-bind-1.1.2.tgz 0ms (cache hit)
3921 http cache es-object-atoms@https://registry.npmjs.org/es-object-atoms/-/es-object-atoms-1.1.2.tgz 0ms (cache hit)
3922 http cache es-define-property@https://registry.npmjs.org/es-define-property/-/es-define-property-1.0.1.tgz 0ms (cache hit)
3923 http cache call-bind-apply-helpers@https://registry.npmjs.org/call-bind-apply-helpers/-/call-bind-apply-helpers-1.0.2.tgz 0ms (cache hit)
3924 http cache has-tostringtag@https://registry.npmjs.org/has-tostringtag/-/has-tostringtag-1.0.2.tgz 0ms (cache hit)
3925 http cache get-intrinsic@https://registry.npmjs.org/get-intrinsic/-/get-intrinsic-1.3.0.tgz 0ms (cache hit)
3926 http cache delayed-stream@https://registry.npmjs.org/delayed-stream/-/delayed-stream-1.0.0.tgz 0ms (cache hit)
3927 http cache es-errors@https://registry.npmjs.org/es-errors/-/es-errors-1.3.0.tgz 0ms (cache hit)
3928 http cache mime-types@https://registry.npmjs.org/mime-types/-/mime-types-2.1.35.tgz 0ms (cache hit)
3929 http cache hasown@https://registry.npmjs.org/hasown/-/hasown-2.0.4.tgz 0ms (cache hit)
3930 http cache es-set-tostringtag@https://registry.npmjs.org/es-set-tostringtag/-/es-set-tostringtag-2.1.0.tgz 0ms (cache hit)
3931 http cache combined-stream@https://registry.npmjs.org/combined-stream/-/combined-stream-1.0.8.tgz 0ms (cache hit)
3932 http cache asynckit@https://registry.npmjs.org/asynckit/-/asynckit-0.4.0.tgz 0ms (cache hit)
3933 http cache react-native-is-edge-to-edge@https://registry.npmjs.org/react-native-is-edge-to-edge/-/react-native-is-edge-to-edge-1.3.1.tgz 0ms (cache hit)
3934 http cache commander@https://registry.npmjs.org/commander/-/commander-7.2.0.tgz 1ms (cache hit)
3935 http cache fontfaceobserver@https://registry.npmjs.org/fontfaceobserver/-/fontfaceobserver-2.3.0.tgz 0ms (cache hit)
3936 http cache @expo/env@https://registry.npmjs.org/@expo/env/-/env-2.0.11.tgz 0ms (cache hit)
3937 http cache dotenv-expand@https://registry.npmjs.org/dotenv-expand/-/dotenv-expand-11.0.7.tgz 0ms (cache hit)
3938 http cache dotenv@https://registry.npmjs.org/dotenv/-/dotenv-16.4.7.tgz 0ms (cache hit)
3939 http cache parse-png@https://registry.npmjs.org/parse-png/-/parse-png-2.1.0.tgz 0ms (cache hit)
3940 http cache jimp-compact@https://registry.npmjs.org/jimp-compact/-/jimp-compact-0.16.1.tgz 0ms (cache hit)
3941 http cache @expo/require-utils@https://registry.npmjs.org/@expo/require-utils/-/require-utils-55.0.5.tgz 0ms (cache hit)
3942 http cache @expo/image-utils@https://registry.npmjs.org/@expo/image-utils/-/image-utils-0.8.14.tgz 0ms (cache hit)
3943 http cache which@https://registry.npmjs.org/which/-/which-2.0.2.tgz 0ms (cache hit)
3944 http cache path-key@https://registry.npmjs.org/path-key/-/path-key-3.1.1.tgz 0ms (cache hit)
3945 http cache shebang-command@https://registry.npmjs.org/shebang-command/-/shebang-command-2.0.0.tgz 0ms (cache hit)
3946 http cache supports-color@https://registry.npmjs.org/supports-color/-/supports-color-7.2.0.tgz 0ms (cache hit)
3947 http cache ansi-styles@https://registry.npmjs.org/ansi-styles/-/ansi-styles-4.3.0.tgz 0ms (cache hit)
3948 http cache cross-spawn@https://registry.npmjs.org/cross-spawn/-/cross-spawn-7.0.6.tgz 0ms (cache hit)
3949 http cache @xmldom/xmldom@https://registry.npmjs.org/@xmldom/xmldom/-/xmldom-0.8.13.tgz 0ms (cache hit)
3950 http cache xmlbuilder@https://registry.npmjs.org/xmlbuilder/-/xmlbuilder-15.1.1.tgz 0ms (cache hit)
3951 http cache base64-js@https://registry.npmjs.org/base64-js/-/base64-js-1.5.1.tgz 0ms (cache hit)
3952 http cache metro-transform-worker@https://registry.npmjs.org/metro-transform-worker/-/metro-transform-worker-0.83.3.tgz 0ms (cache hit)
3953 http cache metro-transform-plugins@https://registry.npmjs.org/metro-transform-plugins/-/metro-transform-plugins-0.83.3.tgz 0ms (cache hit)
3954 http cache metro-symbolicate@https://registry.npmjs.org/metro-symbolicate/-/metro-symbolicate-0.83.3.tgz 0ms (cache hit)
3955 http cache metro-source-map@https://registry.npmjs.org/metro-source-map/-/metro-source-map-0.83.3.tgz 0ms (cache hit)
3956 http cache metro-runtime@https://registry.npmjs.org/metro-runtime/-/metro-runtime-0.83.3.tgz 0ms (cache hit)
3957 http cache metro-minify-terser@https://registry.npmjs.org/metro-minify-terser/-/metro-minify-terser-0.83.3.tgz 0ms (cache hit)
3958 http cache metro-resolver@https://registry.npmjs.org/metro-resolver/-/metro-resolver-0.83.3.tgz 0ms (cache hit)
3959 http cache metro-file-map@https://registry.npmjs.org/metro-file-map/-/metro-file-map-0.83.3.tgz 0ms (cache hit)
3960 http cache metro-core@https://registry.npmjs.org/metro-core/-/metro-core-0.83.3.tgz 0ms (cache hit)
3961 http cache metro-config@https://registry.npmjs.org/metro-config/-/metro-config-0.83.3.tgz 0ms (cache hit)
3962 http cache metro-cache-key@https://registry.npmjs.org/metro-cache-key/-/metro-cache-key-0.83.3.tgz 0ms (cache hit)
3963 http cache metro-cache@https://registry.npmjs.org/metro-cache/-/metro-cache-0.83.3.tgz 0ms (cache hit)
3964 http cache metro-babel-transformer@https://registry.npmjs.org/metro-babel-transformer/-/metro-babel-transformer-0.83.3.tgz 0ms (cache hit)
3965 http cache metro@https://registry.npmjs.org/metro/-/metro-0.83.3.tgz 0ms (cache hit)
3966 http cache p-limit@https://registry.npmjs.org/p-limit/-/p-limit-3.1.0.tgz 0ms (cache hit)
3967 http cache @expo/spawn-async@https://registry.npmjs.org/@expo/spawn-async/-/spawn-async-1.8.0.tgz 0ms (cache hit)
3968 http cache minimatch@https://registry.npmjs.org/minimatch/-/minimatch-10.2.5.tgz 0ms (cache hit)
3969 http cache xml2js@https://registry.npmjs.org/xml2js/-/xml2js-0.6.0.tgz 0ms (cache hit)
3970 http cache @expo/sdk-runtime-versions@https://registry.npmjs.org/@expo/sdk-runtime-versions/-/sdk-runtime-versions-1.0.0.tgz 0ms (cache hit)
3971 http cache arg@https://registry.npmjs.org/arg/-/arg-5.0.2.tgz 0ms (cache hit)
3972 http cache slash@https://registry.npmjs.org/slash/-/slash-3.0.0.tgz 0ms (cache hit)
3973 http cache @expo/plist@https://registry.npmjs.org/@expo/plist/-/plist-0.4.9.tgz 0ms (cache hit)
3974 http cache ignore@https://registry.npmjs.org/ignore/-/ignore-5.3.2.tgz 0ms (cache hit)
3975 http cache chalk@https://registry.npmjs.org/chalk/-/chalk-4.1.2.tgz 0ms (cache hit)
3976 http cache xcode@https://registry.npmjs.org/xcode/-/xcode-3.0.1.tgz 0ms (cache hit)
3977 http cache slugify@https://registry.npmjs.org/slugify/-/slugify-1.6.9.tgz 0ms (cache hit)
3978 http cache sucrase@https://registry.npmjs.org/sucrase/-/sucrase-3.35.1.tgz 0ms (cache hit)
3979 http cache resolve-workspace-root@https://registry.npmjs.org/resolve-workspace-root/-/resolve-workspace-root-2.0.1.tgz 0ms (cache hit)
3980 http cache @expo/json-file@https://registry.npmjs.org/@expo/json-file/-/json-file-10.2.0.tgz 0ms (cache hit)
3981 http cache @expo/config-types@https://registry.npmjs.org/@expo/config-types/-/config-types-54.0.10.tgz 0ms (cache hit)
3982 http cache require-from-string@https://registry.npmjs.org/require-from-string/-/require-from-string-2.0.2.tgz 0ms (cache hit)
3983 http cache getenv@https://registry.npmjs.org/getenv/-/getenv-2.0.0.tgz 0ms (cache hit)
3984 http cache deepmerge@https://registry.npmjs.org/deepmerge/-/deepmerge-4.3.1.tgz 0ms (cache hit)
3985 http cache @ungap/structured-clone@https://registry.npmjs.org/@ungap/structured-clone/-/structured-clone-1.3.1.tgz 0ms (cache hit)
3986 http cache @expo/metro@https://registry.npmjs.org/@expo/metro/-/metro-54.2.0.tgz 0ms (cache hit)
3987 http cache whatwg-url-without-unicode@https://registry.npmjs.org/whatwg-url-without-unicode/-/whatwg-url-without-unicode-8.0.0-3.tgz 0ms (cache hit)
3988 http cache pretty-format@https://registry.npmjs.org/pretty-format/-/pretty-format-29.7.0.tgz 0ms (cache hit)
3989 http cache @expo/fingerprint@https://registry.npmjs.org/@expo/fingerprint/-/fingerprint-0.15.5.tgz 0ms (cache hit)
3990 http cache @babel/runtime@https://registry.npmjs.org/@babel/runtime/-/runtime-7.29.7.tgz 0ms (cache hit)
3991 http cache expo-modules-autolinking@https://registry.npmjs.org/expo-modules-autolinking/-/expo-modules-autolinking-3.0.26.tgz 0ms (cache hit)
3992 http cache @expo/config-plugins@https://registry.npmjs.org/@expo/config-plugins/-/config-plugins-54.0.4.tgz 0ms (cache hit)
3993 http cache ms@https://registry.npmjs.org/ms/-/ms-2.1.3.tgz 0ms (cache hit)
3994 http cache simple-swizzle@https://registry.npmjs.org/simple-swizzle/-/simple-swizzle-0.2.4.tgz 0ms (cache hit)
3995 http cache @expo/config@https://registry.npmjs.org/@expo/config/-/config-12.0.13.tgz 0ms (cache hit)
3996 http cache @expo/devtools@https://registry.npmjs.org/@expo/devtools/-/devtools-0.1.8.tgz 0ms (cache hit)
3997 http cache color-string@https://registry.npmjs.org/color-string/-/color-string-1.9.1.tgz 0ms (cache hit)
3998 http cache color-name@https://registry.npmjs.org/color-name/-/color-name-1.1.4.tgz 0ms (cache hit)
3999 http cache color-convert@https://registry.npmjs.org/color-convert/-/color-convert-2.0.1.tgz 0ms (cache hit)
4000 http cache update-browserslist-db@https://registry.npmjs.org/update-browserslist-db/-/update-browserslist-db-1.2.3.tgz 0ms (cache hit)
4001 http cache node-releases@https://registry.npmjs.org/node-releases/-/node-releases-2.0.47.tgz 0ms (cache hit)
4002 http cache electron-to-chromium@https://registry.npmjs.org/electron-to-chromium/-/electron-to-chromium-1.5.371.tgz 0ms (cache hit)
4003 http cache caniuse-lite@https://registry.npmjs.org/caniuse-lite/-/caniuse-lite-1.0.30001799.tgz 0ms (cache hit)
4004 http cache baseline-browser-mapping@https://registry.npmjs.org/baseline-browser-mapping/-/baseline-browser-mapping-2.10.36.tgz 0ms (cache hit)
4005 http cache @babel/helper-define-polyfill-provider@https://registry.npmjs.org/@babel/helper-define-polyfill-provider/-/helper-define-polyfill-provider-0.6.8.tgz 0ms (cache hit)
4006 http cache resolve@https://registry.npmjs.org/resolve/-/resolve-1.22.12.tgz 0ms (cache hit)
4007 http cache core-js-compat@https://registry.npmjs.org/core-js-compat/-/core-js-compat-3.49.0.tgz 0ms (cache hit)
4008 http cache lodash.debounce@https://registry.npmjs.org/lodash.debounce/-/lodash.debounce-4.0.8.tgz 0ms (cache hit)
4009 http cache yargs@https://registry.npmjs.org/yargs/-/yargs-17.7.2.tgz 0ms (cache hit)
4010 http cache invariant@https://registry.npmjs.org/invariant/-/invariant-2.2.4.tgz 0ms (cache hit)
4011 http cache nullthrows@https://registry.npmjs.org/nullthrows/-/nullthrows-1.1.1.tgz 0ms (cache hit)
4012 http cache hermes-parser@https://registry.npmjs.org/hermes-parser/-/hermes-parser-0.32.0.tgz 0ms (cache hit)
4013 http cache glob@https://registry.npmjs.org/glob/-/glob-7.2.3.tgz 0ms (cache hit)
4014 http cache @react-native/codegen@https://registry.npmjs.org/@react-native/codegen/-/codegen-0.83.6.tgz 0ms (cache hit)
4015 http cache @babel/helper-create-regexp-features-plugin@https://registry.npmjs.org/@babel/helper-create-regexp-features-plugin/-/helper-create-regexp-features-plugin-7.29.7.tgz 0ms (cache hit)
4016 http cache regexpu-core@https://registry.npmjs.org/regexpu-core/-/regexpu-core-6.4.0.tgz 0ms (cache hit)
4017 http cache @react-native/babel-plugin-codegen@https://registry.npmjs.org/@react-native/babel-plugin-codegen/-/babel-plugin-codegen-0.83.6.tgz 0ms (cache hit)
4018 http cache @babel/helper-wrap-function@https://registry.npmjs.org/@babel/helper-wrap-function/-/helper-wrap-function-7.29.7.tgz 0ms (cache hit)
4019 http cache @babel/helper-remap-async-to-generator@https://registry.npmjs.org/@babel/helper-remap-async-to-generator/-/helper-remap-async-to-generator-7.29.7.tgz 0ms (cache hit)
4020 http cache @babel/plugin-transform-unicode-regex@https://registry.npmjs.org/@babel/plugin-transform-unicode-regex/-/plugin-transform-unicode-regex-7.29.7.tgz 0ms (cache hit)
4021 http cache @babel/plugin-transform-shorthand-properties@https://registry.npmjs.org/@babel/plugin-transform-shorthand-properties/-/plugin-transform-shorthand-properties-7.29.7.tgz 0ms (cache hit)
4022 http cache @babel/plugin-transform-regenerator@https://registry.npmjs.org/@babel/plugin-transform-regenerator/-/plugin-transform-regenerator-7.29.7.tgz 0ms (cache hit)
4023 http cache @babel/plugin-transform-sticky-regex@https://registry.npmjs.org/@babel/plugin-transform-sticky-regex/-/plugin-transform-sticky-regex-7.29.7.tgz 0ms (cache hit)
4024 http cache @babel/plugin-transform-react-jsx-source@https://registry.npmjs.org/@babel/plugin-transform-react-jsx-source/-/plugin-transform-react-jsx-source-7.29.7.tgz 0ms (cache hit)
4025 http cache @babel/plugin-transform-optional-chaining@https://registry.npmjs.org/@babel/plugin-transform-optional-chaining/-/plugin-transform-optional-chaining-7.29.7.tgz 0ms (cache hit)
4026 http cache @babel/plugin-transform-react-jsx-self@https://registry.npmjs.org/@babel/plugin-transform-react-jsx-self/-/plugin-transform-react-jsx-self-7.29.7.tgz 0ms (cache hit)
4027 http cache @babel/plugin-transform-optional-catch-binding@https://registry.npmjs.org/@babel/plugin-transform-optional-catch-binding/-/plugin-transform-optional-catch-binding-7.29.7.tgz 0ms (cache hit)
4028 http cache @babel/plugin-transform-numeric-separator@https://registry.npmjs.org/@babel/plugin-transform-numeric-separator/-/plugin-transform-numeric-separator-7.29.7.tgz 0ms (cache hit)
4029 http cache @babel/plugin-transform-nullish-coalescing-operator@https://registry.npmjs.org/@babel/plugin-transform-nullish-coalescing-operator/-/plugin-transform-nullish-coalescing-operator-7.29.7.tgz 0ms (cache hit)
4030 http cache @babel/plugin-transform-named-capturing-groups-regex@https://registry.npmjs.org/@babel/plugin-transform-named-capturing-groups-regex/-/plugin-transform-named-capturing-groups-regex-7.29.7.tgz 0ms (cache hit)
4031 http cache @babel/plugin-transform-literals@https://registry.npmjs.org/@babel/plugin-transform-literals/-/plugin-transform-literals-7.29.7.tgz 0ms (cache hit)
4032 http cache @babel/plugin-transform-function-name@https://registry.npmjs.org/@babel/plugin-transform-function-name/-/plugin-transform-function-name-7.29.7.tgz 0ms (cache hit)
4033 http cache @babel/plugin-transform-computed-properties@https://registry.npmjs.org/@babel/plugin-transform-computed-properties/-/plugin-transform-computed-properties-7.29.7.tgz 0ms (cache hit)
4034 http cache @babel/plugin-transform-for-of@https://registry.npmjs.org/@babel/plugin-transform-for-of/-/plugin-transform-for-of-7.29.7.tgz 0ms (cache hit)
4035 http cache @babel/plugin-transform-logical-assignment-operators@https://registry.npmjs.org/@babel/plugin-transform-logical-assignment-operators/-/plugin-transform-logical-assignment-operators-7.29.7.tgz 0ms (cache hit)
4036 http cache @babel/plugin-transform-spread@https://registry.npmjs.org/@babel/plugin-transform-spread/-/plugin-transform-spread-7.29.7.tgz 0ms (cache hit)
4037 http cache @babel/plugin-transform-classes@https://registry.npmjs.org/@babel/plugin-transform-classes/-/plugin-transform-classes-7.29.7.tgz 0ms (cache hit)
4038 http cache @babel/plugin-transform-block-scoping@https://registry.npmjs.org/@babel/plugin-transform-block-scoping/-/plugin-transform-block-scoping-7.29.7.tgz 0ms (cache hit)
4039 http cache @babel/plugin-transform-async-generator-functions@https://registry.npmjs.org/@babel/plugin-transform-async-generator-functions/-/plugin-transform-async-generator-functions-7.29.7.tgz 0ms (cache hit)
4040 http cache @babel/plugin-transform-async-to-generator@https://registry.npmjs.org/@babel/plugin-transform-async-to-generator/-/plugin-transform-async-to-generator-7.29.7.tgz 0ms (cache hit)
4041 http cache @babel/plugin-transform-class-properties@https://registry.npmjs.org/@babel/plugin-transform-class-properties/-/plugin-transform-class-properties-7.29.7.tgz 0ms (cache hit)
4042 http cache @babel/plugin-transform-arrow-functions@https://registry.npmjs.org/@babel/plugin-transform-arrow-functions/-/plugin-transform-arrow-functions-7.29.7.tgz 0ms (cache hit)
4043 http cache @babel/plugin-syntax-optional-chaining@https://registry.npmjs.org/@babel/plugin-syntax-optional-chaining/-/plugin-syntax-optional-chaining-7.8.3.tgz 0ms (cache hit)
4044 http cache @babel/plugin-syntax-nullish-coalescing-operator@https://registry.npmjs.org/@babel/plugin-syntax-nullish-coalescing-operator/-/plugin-syntax-nullish-coalescing-operator-7.8.3.tgz 0ms (cache hit)
4045 http cache @babel/plugin-syntax-dynamic-import@https://registry.npmjs.org/@babel/plugin-syntax-dynamic-import/-/plugin-syntax-dynamic-import-7.8.3.tgz 0ms (cache hit)
4046 http cache @babel/plugin-syntax-typescript@https://registry.npmjs.org/@babel/plugin-syntax-typescript/-/plugin-syntax-typescript-7.29.7.tgz 0ms (cache hit)
4047 http cache @babel/plugin-transform-typescript@https://registry.npmjs.org/@babel/plugin-transform-typescript/-/plugin-transform-typescript-7.29.7.tgz 0ms (cache hit)
4048 http cache @babel/plugin-syntax-jsx@https://registry.npmjs.org/@babel/plugin-syntax-jsx/-/plugin-syntax-jsx-7.29.7.tgz 0ms (cache hit)
4049 http cache @babel/plugin-transform-react-pure-annotations@https://registry.npmjs.org/@babel/plugin-transform-react-pure-annotations/-/plugin-transform-react-pure-annotations-7.29.7.tgz 0ms (cache hit)
4050 http cache babel-plugin-polyfill-regenerator@https://registry.npmjs.org/babel-plugin-polyfill-regenerator/-/babel-plugin-polyfill-regenerator-0.6.8.tgz 0ms (cache hit)
4051 http cache @babel/plugin-transform-react-jsx@https://registry.npmjs.org/@babel/plugin-transform-react-jsx/-/plugin-transform-react-jsx-7.29.7.tgz 0ms (cache hit)
4052 http cache babel-plugin-polyfill-corejs2@https://registry.npmjs.org/babel-plugin-polyfill-corejs2/-/babel-plugin-polyfill-corejs2-0.4.17.tgz 0ms (cache hit)
4053 http cache babel-plugin-polyfill-corejs3@https://registry.npmjs.org/babel-plugin-polyfill-corejs3/-/babel-plugin-polyfill-corejs3-0.13.0.tgz 0ms (cache hit)
4054 http cache @babel/plugin-transform-react-jsx-development@https://registry.npmjs.org/@babel/plugin-transform-react-jsx-development/-/plugin-transform-react-jsx-development-7.29.7.tgz 0ms (cache hit)
4055 http cache @babel/plugin-transform-react-display-name@https://registry.npmjs.org/@babel/plugin-transform-react-display-name/-/plugin-transform-react-display-name-7.29.7.tgz 0ms (cache hit)
4056 http cache @babel/plugin-transform-destructuring@https://registry.npmjs.org/@babel/plugin-transform-destructuring/-/plugin-transform-destructuring-7.29.7.tgz 0ms (cache hit)
4057 http cache @babel/plugin-syntax-flow@https://registry.npmjs.org/@babel/plugin-syntax-flow/-/plugin-syntax-flow-7.29.7.tgz 0ms (cache hit)
4058 http cache @babel/helper-replace-supers@https://registry.npmjs.org/@babel/helper-replace-supers/-/helper-replace-supers-7.29.7.tgz 0ms (cache hit)
4059 http cache @babel/helper-skip-transparent-expression-wrappers@https://registry.npmjs.org/@babel/helper-skip-transparent-expression-wrappers/-/helper-skip-transparent-expression-wrappers-7.29.7.tgz 0ms (cache hit)
4060 http cache @babel/helper-optimise-call-expression@https://registry.npmjs.org/@babel/helper-optimise-call-expression/-/helper-optimise-call-expression-7.29.7.tgz 0ms (cache hit)
4061 http cache @babel/helper-annotate-as-pure@https://registry.npmjs.org/@babel/helper-annotate-as-pure/-/helper-annotate-as-pure-7.29.7.tgz 0ms (cache hit)
4062 http cache @babel/plugin-syntax-decorators@https://registry.npmjs.org/@babel/plugin-syntax-decorators/-/plugin-syntax-decorators-7.29.7.tgz 0ms (cache hit)
4063 http cache @babel/helper-member-expression-to-functions@https://registry.npmjs.org/@babel/helper-member-expression-to-functions/-/helper-member-expression-to-functions-7.29.7.tgz 0ms (cache hit)
4064 http cache resolve-from@https://registry.npmjs.org/resolve-from/-/resolve-from-5.0.0.tgz 0ms (cache hit)
4065 http cache @babel/helper-plugin-utils@https://registry.npmjs.org/@babel/helper-plugin-utils/-/helper-plugin-utils-7.29.7.tgz 0ms (cache hit)
4066 http cache @babel/helper-create-class-features-plugin@https://registry.npmjs.org/@babel/helper-create-class-features-plugin/-/helper-create-class-features-plugin-7.29.7.tgz 0ms (cache hit)
4067 http cache babel-plugin-transform-flow-enums@https://registry.npmjs.org/babel-plugin-transform-flow-enums/-/babel-plugin-transform-flow-enums-0.0.2.tgz 0ms (cache hit)
4068 http cache @react-native/babel-preset@https://registry.npmjs.org/@react-native/babel-preset/-/babel-preset-0.83.6.tgz 0ms (cache hit)
4069 http cache babel-plugin-syntax-hermes-parser@https://registry.npmjs.org/babel-plugin-syntax-hermes-parser/-/babel-plugin-syntax-hermes-parser-0.32.1.tgz 0ms (cache hit)
4070 http cache @babel/preset-typescript@https://registry.npmjs.org/@babel/preset-typescript/-/preset-typescript-7.29.7.tgz 0ms (cache hit)
4071 http cache babel-plugin-react-compiler@https://registry.npmjs.org/babel-plugin-react-compiler/-/babel-plugin-react-compiler-1.0.0.tgz 0ms (cache hit)
4072 http cache babel-plugin-react-native-web@https://registry.npmjs.org/babel-plugin-react-native-web/-/babel-plugin-react-native-web-0.21.2.tgz 0ms (cache hit)
4073 http cache @babel/preset-react@https://registry.npmjs.org/@babel/preset-react/-/preset-react-7.29.7.tgz 0ms (cache hit)
4074 http cache @babel/plugin-transform-runtime@https://registry.npmjs.org/@babel/plugin-transform-runtime/-/plugin-transform-runtime-7.29.7.tgz 0ms (cache hit)
4075 http cache @babel/plugin-transform-object-rest-spread@https://registry.npmjs.org/@babel/plugin-transform-object-rest-spread/-/plugin-transform-object-rest-spread-7.29.7.tgz 0ms (cache hit)
4076 http cache @babel/plugin-transform-parameters@https://registry.npmjs.org/@babel/plugin-transform-parameters/-/plugin-transform-parameters-7.29.7.tgz 0ms (cache hit)
4077 http cache @babel/plugin-transform-private-property-in-object@https://registry.npmjs.org/@babel/plugin-transform-private-property-in-object/-/plugin-transform-private-property-in-object-7.29.7.tgz 0ms (cache hit)
4078 http cache @babel/plugin-transform-modules-commonjs@https://registry.npmjs.org/@babel/plugin-transform-modules-commonjs/-/plugin-transform-modules-commonjs-7.29.7.tgz 0ms (cache hit)
4079 http cache @babel/plugin-transform-private-methods@https://registry.npmjs.org/@babel/plugin-transform-private-methods/-/plugin-transform-private-methods-7.29.7.tgz 0ms (cache hit)
4080 http cache @babel/plugin-transform-flow-strip-types@https://registry.npmjs.org/@babel/plugin-transform-flow-strip-types/-/plugin-transform-flow-strip-types-7.29.7.tgz 0ms (cache hit)
4081 http cache @babel/plugin-transform-class-static-block@https://registry.npmjs.org/@babel/plugin-transform-class-static-block/-/plugin-transform-class-static-block-7.29.7.tgz 0ms (cache hit)
4082 http cache @babel/plugin-syntax-export-default-from@https://registry.npmjs.org/@babel/plugin-syntax-export-default-from/-/plugin-syntax-export-default-from-7.29.7.tgz 0ms (cache hit)
4083 http cache @babel/plugin-transform-export-namespace-from@https://registry.npmjs.org/@babel/plugin-transform-export-namespace-from/-/plugin-transform-export-namespace-from-7.29.7.tgz 0ms (cache hit)
4084 http cache @babel/plugin-proposal-decorators@https://registry.npmjs.org/@babel/plugin-proposal-decorators/-/plugin-proposal-decorators-7.29.7.tgz 0ms (cache hit)
4085 http cache @babel/plugin-proposal-export-default-from@https://registry.npmjs.org/@babel/plugin-proposal-export-default-from/-/plugin-proposal-export-default-from-7.29.7.tgz 0ms (cache hit)
4086 http cache proxy-from-env@https://registry.npmjs.org/proxy-from-env/-/proxy-from-env-2.1.0.tgz 0ms (cache hit)
4087 http cache https-proxy-agent@https://registry.npmjs.org/https-proxy-agent/-/https-proxy-agent-5.0.1.tgz 0ms (cache hit)
4088 http cache follow-redirects@https://registry.npmjs.org/follow-redirects/-/follow-redirects-1.16.0.tgz 0ms (cache hit)
4089 http cache @react-navigation/routers@https://registry.npmjs.org/@react-navigation/routers/-/routers-6.1.9.tgz 0ms (cache hit)
4090 http cache form-data@https://registry.npmjs.org/form-data/-/form-data-4.0.5.tgz 0ms (cache hit)
4091 http cache use-latest-callback@https://registry.npmjs.org/use-latest-callback/-/use-latest-callback-0.2.6.tgz 0ms (cache hit)
4092 http cache react-is@https://registry.npmjs.org/react-is/-/react-is-16.13.1.tgz 0ms (cache hit)
4093 http cache query-string@https://registry.npmjs.org/query-string/-/query-string-7.1.3.tgz 0ms (cache hit)
4094 http cache @react-navigation/core@https://registry.npmjs.org/@react-navigation/core/-/core-6.4.17.tgz 0ms (cache hit)
4095 http cache nanoid@https://registry.npmjs.org/nanoid/-/nanoid-3.3.12.tgz 0ms (cache hit)
4096 http cache fast-deep-equal@https://registry.npmjs.org/fast-deep-equal/-/fast-deep-equal-3.1.3.tgz 0ms (cache hit)
4097 http cache escape-string-regexp@https://registry.npmjs.org/escape-string-regexp/-/escape-string-regexp-4.0.0.tgz 0ms (cache hit)
4098 http cache @react-navigation/elements@https://registry.npmjs.org/@react-navigation/elements/-/elements-1.3.31.tgz 0ms (cache hit)
4099 http cache warn-once@https://registry.npmjs.org/warn-once/-/warn-once-0.1.1.tgz 0ms (cache hit)
4100 http cache color@https://registry.npmjs.org/color/-/color-4.2.3.tgz 0ms (cache hit)
4101 http cache merge-options@https://registry.npmjs.org/merge-options/-/merge-options-3.0.4.tgz 0ms (cache hit)
4102 http cache @jridgewell/resolve-uri@https://registry.npmjs.org/@jridgewell/resolve-uri/-/resolve-uri-3.1.2.tgz 0ms (cache hit)
4103 http cache @jridgewell/sourcemap-codec@https://registry.npmjs.org/@jridgewell/sourcemap-codec/-/sourcemap-codec-1.5.5.tgz 0ms (cache hit)
4104 http cache lru-cache@https://registry.npmjs.org/lru-cache/-/lru-cache-5.1.1.tgz 0ms (cache hit)
4105 http cache browserslist@https://registry.npmjs.org/browserslist/-/browserslist-4.28.2.tgz 0ms (cache hit)
4106 http cache @babel/helper-globals@https://registry.npmjs.org/@babel/helper-globals/-/helper-globals-7.29.7.tgz 0ms (cache hit)
4107 http cache @babel/helper-string-parser@https://registry.npmjs.org/@babel/helper-string-parser/-/helper-string-parser-7.29.7.tgz 0ms (cache hit)
4108 http cache @babel/helper-module-imports@https://registry.npmjs.org/@babel/helper-module-imports/-/helper-module-imports-7.29.7.tgz 0ms (cache hit)
4109 http cache jsesc@https://registry.npmjs.org/jsesc/-/jsesc-3.1.0.tgz 0ms (cache hit)
4110 http cache @babel/helper-validator-option@https://registry.npmjs.org/@babel/helper-validator-option/-/helper-validator-option-7.29.7.tgz 0ms (cache hit)
4111 http cache @babel/compat-data@https://registry.npmjs.org/@babel/compat-data/-/compat-data-7.29.7.tgz 0ms (cache hit)
4112 http cache @jridgewell/trace-mapping@https://registry.npmjs.org/@jridgewell/trace-mapping/-/trace-mapping-0.3.31.tgz 0ms (cache hit)
4113 http cache @babel/helper-validator-identifier@https://registry.npmjs.org/@babel/helper-validator-identifier/-/helper-validator-identifier-7.29.7.tgz 0ms (cache hit)
4114 http cache @jridgewell/gen-mapping@https://registry.npmjs.org/@jridgewell/gen-mapping/-/gen-mapping-0.3.13.tgz 0ms (cache hit)
4115 http cache js-tokens@https://registry.npmjs.org/js-tokens/-/js-tokens-4.0.0.tgz 0ms (cache hit)
4116 http cache picocolors@https://registry.npmjs.org/picocolors/-/picocolors-1.1.1.tgz 0ms (cache hit)
4117 http cache semver@https://registry.npmjs.org/semver/-/semver-6.3.1.tgz 0ms (cache hit)
4118 http cache json5@https://registry.npmjs.org/json5/-/json5-2.2.3.tgz 0ms (cache hit)
4119 http cache @jridgewell/remapping@https://registry.npmjs.org/@jridgewell/remapping/-/remapping-2.3.5.tgz 0ms (cache hit)
4120 http cache @babel/types@https://registry.npmjs.org/@babel/types/-/types-7.29.7.tgz 0ms (cache hit)
4121 http cache gensync@https://registry.npmjs.org/gensync/-/gensync-1.0.0-beta.2.tgz 0ms (cache hit)
4122 http cache debug@https://registry.npmjs.org/debug/-/debug-4.4.3.tgz 0ms (cache hit)
4123 http cache convert-source-map@https://registry.npmjs.org/convert-source-map/-/convert-source-map-2.0.0.tgz 0ms (cache hit)
4124 http cache @babel/traverse@https://registry.npmjs.org/@babel/traverse/-/traverse-7.29.7.tgz 0ms (cache hit)
4125 http cache @babel/helpers@https://registry.npmjs.org/@babel/helpers/-/helpers-7.29.7.tgz 0ms (cache hit)
4126 http cache @babel/helper-module-transforms@https://registry.npmjs.org/@babel/helper-module-transforms/-/helper-module-transforms-7.29.7.tgz 0ms (cache hit)
4127 http cache @babel/parser@https://registry.npmjs.org/@babel/parser/-/parser-7.29.7.tgz 0ms (cache hit)
4128 http cache @babel/template@https://registry.npmjs.org/@babel/template/-/template-7.29.7.tgz 0ms (cache hit)
4129 http cache @babel/helper-compilation-targets@https://registry.npmjs.org/@babel/helper-compilation-targets/-/helper-compilation-targets-7.29.7.tgz 0ms (cache hit)
4130 http cache @babel/generator@https://registry.npmjs.org/@babel/generator/-/generator-7.29.7.tgz 0ms (cache hit)
4131 http cache @babel/code-frame@https://registry.npmjs.org/@babel/code-frame/-/code-frame-7.29.7.tgz 0ms (cache hit)
4132 http cache expo-modules-core@https://registry.npmjs.org/expo-modules-core/-/expo-modules-core-3.0.30.tgz 0ms (cache hit)
4133 http cache expo-status-bar@https://registry.npmjs.org/expo-status-bar/-/expo-status-bar-3.0.9.tgz 0ms (cache hit)
4134 http cache expo-constants@https://registry.npmjs.org/expo-constants/-/expo-constants-18.0.13.tgz 0ms (cache hit)
4135 http cache react-refresh@https://registry.npmjs.org/react-refresh/-/react-refresh-0.18.0.tgz 0ms (cache hit)
4136 http cache expo-asset@https://registry.npmjs.org/expo-asset/-/expo-asset-12.0.13.tgz 0ms (cache hit)
4137 http cache axios@https://registry.npmjs.org/axios/-/axios-1.17.0.tgz 0ms (cache hit)
4138 http cache @react-navigation/native@https://registry.npmjs.org/@react-navigation/native/-/native-6.1.18.tgz 0ms (cache hit)
4139 http cache babel-preset-expo@https://registry.npmjs.org/babel-preset-expo/-/babel-preset-expo-55.0.22.tgz 0ms (cache hit)
4140 http cache @react-navigation/bottom-tabs@https://registry.npmjs.org/@react-navigation/bottom-tabs/-/bottom-tabs-6.6.1.tgz 0ms (cache hit)
4141 http cache react-native-screens@https://registry.npmjs.org/react-native-screens/-/react-native-screens-4.16.0.tgz 0ms (cache hit)
4142 http cache react-native-safe-area-context@https://registry.npmjs.org/react-native-safe-area-context/-/react-native-safe-area-context-5.6.2.tgz 0ms (cache hit)
4143 http cache @react-navigation/native-stack@https://registry.npmjs.org/@react-navigation/native-stack/-/native-stack-6.11.0.tgz 0ms (cache hit)
4144 http cache @react-native-picker/picker@https://registry.npmjs.org/@react-native-picker/picker/-/picker-2.11.1.tgz 0ms (cache hit)
4145 http cache @react-native-async-storage/async-storage@https://registry.npmjs.org/@react-native-async-storage/async-storage/-/async-storage-2.2.0.tgz 0ms (cache hit)
4146 http cache react-native@https://registry.npmjs.org/react-native/-/react-native-0.81.5.tgz 0ms (cache hit)
4147 http cache expo-font@https://registry.npmjs.org/expo-font/-/expo-font-14.0.12.tgz 0ms (cache hit)
4148 http cache react@https://registry.npmjs.org/react/-/react-19.1.0.tgz 0ms (cache hit)
4149 http cache expo@https://registry.npmjs.org/expo/-/expo-54.0.35.tgz 0ms (cache hit)
4150 http cache @babel/core@https://registry.npmjs.org/@babel/core/-/core-7.29.7.tgz 0ms (cache hit)
4151 http cache @expo/vector-icons@https://registry.npmjs.org/@expo/vector-icons/-/vector-icons-15.1.1.tgz 0ms (cache hit)
4152 http cache type-fest@https://registry.npmjs.org/type-fest/-/type-fest-0.21.3.tgz 0ms (cache hit)
4153 http cache has-flag@https://registry.npmjs.org/has-flag/-/has-flag-3.0.0.tgz 0ms (cache hit)
4154 http cache color-name@https://registry.npmjs.org/color-name/-/color-name-1.1.3.tgz 0ms (cache hit)
4155 http cache lru-cache@https://registry.npmjs.org/lru-cache/-/lru-cache-10.4.3.tgz 0ms (cache hit)
4156 http cache color-convert@https://registry.npmjs.org/color-convert/-/color-convert-1.9.3.tgz 0ms (cache hit)
4157 http cache escape-string-regexp@https://registry.npmjs.org/escape-string-regexp/-/escape-string-regexp-1.0.5.tgz 0ms (cache hit)
4158 http cache yallist@https://registry.npmjs.org/yallist/-/yallist-5.0.0.tgz 0ms (cache hit)
4159 http cache has-flag@https://registry.npmjs.org/has-flag/-/has-flag-3.0.0.tgz 0ms (cache hit)
4160 http cache supports-color@https://registry.npmjs.org/supports-color/-/supports-color-5.5.0.tgz 0ms (cache hit)
4161 http cache ansi-regex@https://registry.npmjs.org/ansi-regex/-/ansi-regex-4.1.1.tgz 0ms (cache hit)
4162 http cache resolve@https://registry.npmjs.org/resolve/-/resolve-1.7.1.tgz 0ms (cache hit)
4163 http cache color-name@https://registry.npmjs.org/color-name/-/color-name-1.1.3.tgz 0ms (cache hit)
4164 http cache ansi-styles@https://registry.npmjs.org/ansi-styles/-/ansi-styles-3.2.1.tgz 0ms (cache hit)
4165 http cache chalk@https://registry.npmjs.org/chalk/-/chalk-2.4.2.tgz 0ms (cache hit)
4166 http cache color-convert@https://registry.npmjs.org/color-convert/-/color-convert-1.9.3.tgz 0ms (cache hit)
4167 http cache supports-color@https://registry.npmjs.org/supports-color/-/supports-color-5.5.0.tgz 0ms (cache hit)
4168 http cache semver@https://registry.npmjs.org/semver/-/semver-7.8.4.tgz 0ms (cache hit)
4169 http cache ansi-styles@https://registry.npmjs.org/ansi-styles/-/ansi-styles-3.2.1.tgz 0ms (cache hit)
4170 http cache escape-string-regexp@https://registry.npmjs.org/escape-string-regexp/-/escape-string-regexp-1.0.5.tgz 0ms (cache hit)
4171 http cache open@https://registry.npmjs.org/open/-/open-8.4.2.tgz 0ms (cache hit)
4172 http cache strip-ansi@https://registry.npmjs.org/strip-ansi/-/strip-ansi-5.2.0.tgz 0ms (cache hit)
4173 http cache negotiator@https://registry.npmjs.org/negotiator/-/negotiator-0.6.4.tgz 0ms (cache hit)
4174 http cache debug@https://registry.npmjs.org/debug/-/debug-2.6.9.tgz 0ms (cache hit)
4175 http cache chalk@https://registry.npmjs.org/chalk/-/chalk-2.4.2.tgz 0ms (cache hit)
4176 http cache lru-cache@https://registry.npmjs.org/lru-cache/-/lru-cache-11.5.1.tgz 0ms (cache hit)
4177 http cache ms@https://registry.npmjs.org/ms/-/ms-2.0.0.tgz 0ms (cache hit)
4178 http cache has-flag@https://registry.npmjs.org/has-flag/-/has-flag-3.0.0.tgz 0ms (cache hit)
4179 http cache debug@https://registry.npmjs.org/debug/-/debug-3.2.7.tgz 0ms (cache hit)
4180 http cache argparse@https://registry.npmjs.org/argparse/-/argparse-2.0.1.tgz 0ms (cache hit)
4181 http cache color-name@https://registry.npmjs.org/color-name/-/color-name-1.1.3.tgz 0ms (cache hit)
4182 http cache js-yaml@https://registry.npmjs.org/js-yaml/-/js-yaml-4.2.0.tgz 0ms (cache hit)
4183 http cache color-convert@https://registry.npmjs.org/color-convert/-/color-convert-1.9.3.tgz 0ms (cache hit)
4184 http cache @xmldom/xmldom@https://registry.npmjs.org/@xmldom/xmldom/-/xmldom-0.9.10.tgz 0ms (cache hit)
4185 http cache escape-string-regexp@https://registry.npmjs.org/escape-string-regexp/-/escape-string-regexp-1.0.5.tgz 0ms (cache hit)
4186 http cache source-map@https://registry.npmjs.org/source-map/-/source-map-0.6.1.tgz 0ms (cache hit)
4187 http cache ansi-styles@https://registry.npmjs.org/ansi-styles/-/ansi-styles-3.2.1.tgz 0ms (cache hit)
4188 http cache supports-color@https://registry.npmjs.org/supports-color/-/supports-color-5.5.0.tgz 0ms (cache hit)
4189 http cache picomatch@https://registry.npmjs.org/picomatch/-/picomatch-4.0.4.tgz 0ms (cache hit)
4190 http cache chalk@https://registry.npmjs.org/chalk/-/chalk-2.4.2.tgz 0ms (cache hit)
4191 http cache statuses@https://registry.npmjs.org/statuses/-/statuses-2.0.2.tgz 0ms (cache hit)
4192 http cache statuses@https://registry.npmjs.org/statuses/-/statuses-2.0.2.tgz 0ms (cache hit)
4193 http cache fdir@https://registry.npmjs.org/fdir/-/fdir-6.5.0.tgz 0ms (cache hit)
4194 http cache p-limit@https://registry.npmjs.org/p-limit/-/p-limit-2.3.0.tgz 0ms (cache hit)
4195 http cache on-finished@https://registry.npmjs.org/on-finished/-/on-finished-2.4.1.tgz 0ms (cache hit)
4196 http cache ms@https://registry.npmjs.org/ms/-/ms-2.0.0.tgz 0ms (cache hit)
4197 http cache encodeurl@https://registry.npmjs.org/encodeurl/-/encodeurl-2.0.0.tgz 0ms (cache hit)
4198 http cache escape-string-regexp@https://registry.npmjs.org/escape-string-regexp/-/escape-string-regexp-2.0.0.tgz 0ms (cache hit)
4199 http cache balanced-match@https://registry.npmjs.org/balanced-match/-/balanced-match-1.0.2.tgz 0ms (cache hit)
4200 http cache debug@https://registry.npmjs.org/debug/-/debug-2.6.9.tgz 0ms (cache hit)
4201 http cache brace-expansion@https://registry.npmjs.org/brace-expansion/-/brace-expansion-1.1.15.tgz 0ms (cache hit)
4202 http cache minimatch@https://registry.npmjs.org/minimatch/-/minimatch-3.1.5.tgz 0ms (cache hit)
4203 http cache camelcase@https://registry.npmjs.org/camelcase/-/camelcase-5.3.1.tgz 0ms (cache hit)
4204 http cache ms@https://registry.npmjs.org/ms/-/ms-2.0.0.tgz 0ms (cache hit)
4205 http cache encodeurl@https://registry.npmjs.org/encodeurl/-/encodeurl-2.0.0.tgz 0ms (cache hit)
4206 http cache ws@https://registry.npmjs.org/ws/-/ws-6.2.4.tgz 0ms (cache hit)
4207 http cache debug@https://registry.npmjs.org/debug/-/debug-2.6.9.tgz 0ms (cache hit)
4208 http cache semver@https://registry.npmjs.org/semver/-/semver-7.8.4.tgz 0ms (cache hit)
4209 http cache commander@https://registry.npmjs.org/commander/-/commander-2.20.3.tgz 0ms (cache hit)
4210 http cache ci-info@https://registry.npmjs.org/ci-info/-/ci-info-3.9.0.tgz 0ms (cache hit)
4211 http cache supports-color@https://registry.npmjs.org/supports-color/-/supports-color-8.1.1.tgz 0ms (cache hit)
4212 http cache semver@https://registry.npmjs.org/semver/-/semver-7.8.4.tgz 0ms (cache hit)
4213 http cache commander@https://registry.npmjs.org/commander/-/commander-4.1.1.tgz 0ms (cache hit)
4214 http cache xmlbuilder@https://registry.npmjs.org/xmlbuilder/-/xmlbuilder-11.0.1.tgz 0ms (cache hit)
4215 http cache debug@https://registry.npmjs.org/debug/-/debug-2.6.9.tgz 0ms (cache hit)
4216 http cache react-is@https://registry.npmjs.org/react-is/-/react-is-18.3.1.tgz 0ms (cache hit)
4217 http cache debug@https://registry.npmjs.org/debug/-/debug-2.6.9.tgz 0ms (cache hit)
4218 http cache ms@https://registry.npmjs.org/ms/-/ms-2.0.0.tgz 0ms (cache hit)
4219 http cache https-proxy-agent@https://registry.npmjs.org/https-proxy-agent/-/https-proxy-agent-7.0.6.tgz 0ms (cache hit)
4220 http cache ansi-styles@https://registry.npmjs.org/ansi-styles/-/ansi-styles-5.2.0.tgz 0ms (cache hit)
4221 http cache ms@https://registry.npmjs.org/ms/-/ms-2.0.0.tgz 0ms (cache hit)
4222 http cache agent-base@https://registry.npmjs.org/agent-base/-/agent-base-7.1.4.tgz 0ms (cache hit)
4223 http cache glob@https://registry.npmjs.org/glob/-/glob-13.0.6.tgz 0ms (cache hit)
4224 http cache semver@https://registry.npmjs.org/semver/-/semver-7.8.4.tgz 0ms (cache hit)
4225 http cache @expo/json-file@https://registry.npmjs.org/@expo/json-file/-/json-file-10.0.16.tgz 0ms (cache hit)
4226 http cache @babel/code-frame@https://registry.npmjs.org/@babel/code-frame/-/code-frame-7.10.4.tgz 0ms (cache hit)
4227 http cache semver@https://registry.npmjs.org/semver/-/semver-7.8.4.tgz 0ms (cache hit)
4228 http cache glob@https://registry.npmjs.org/glob/-/glob-13.0.6.tgz 0ms (cache hit)
4229 http cache semver@https://registry.npmjs.org/semver/-/semver-7.8.4.tgz 0ms (cache hit)
4230 http cache glob@https://registry.npmjs.org/glob/-/glob-13.0.6.tgz 0ms (cache hit)
4231 http cache @babel/code-frame@https://registry.npmjs.org/@babel/code-frame/-/code-frame-7.10.4.tgz 0ms (cache hit)
4232 http cache brace-expansion@https://registry.npmjs.org/brace-expansion/-/brace-expansion-1.1.15.tgz 0ms (cache hit)
4233 http cache balanced-match@https://registry.npmjs.org/balanced-match/-/balanced-match-1.0.2.tgz 0ms (cache hit)
4234 http cache hermes-estree@https://registry.npmjs.org/hermes-estree/-/hermes-estree-0.32.1.tgz 0ms (cache hit)
4235 http cache minimatch@https://registry.npmjs.org/minimatch/-/minimatch-3.1.5.tgz 0ms (cache hit)
4236 http cache hermes-parser@https://registry.npmjs.org/hermes-parser/-/hermes-parser-0.32.1.tgz 0ms (cache hit)
4237 http cache babel-plugin-syntax-hermes-parser@https://registry.npmjs.org/babel-plugin-syntax-hermes-parser/-/babel-plugin-syntax-hermes-parser-0.32.0.tgz 0ms (cache hit)
4238 http cache react-refresh@https://registry.npmjs.org/react-refresh/-/react-refresh-0.14.2.tgz 0ms (cache hit)
4239 http cache hermes-parser@https://registry.npmjs.org/hermes-parser/-/hermes-parser-0.29.1.tgz 0ms (cache hit)
4240 http cache hermes-estree@https://registry.npmjs.org/hermes-estree/-/hermes-estree-0.29.1.tgz 0ms (cache hit)
4241 http cache ws@https://registry.npmjs.org/ws/-/ws-6.2.4.tgz 0ms (cache hit)
4242 http cache balanced-match@https://registry.npmjs.org/balanced-match/-/balanced-match-1.0.2.tgz 0ms (cache hit)
4243 http cache semver@https://registry.npmjs.org/semver/-/semver-7.8.4.tgz 0ms (cache hit)
4244 http cache brace-expansion@https://registry.npmjs.org/brace-expansion/-/brace-expansion-2.1.1.tgz 0ms (cache hit)
4245 http cache commander@https://registry.npmjs.org/commander/-/commander-12.1.0.tgz 0ms (cache hit)
4246 http cache react-refresh@https://registry.npmjs.org/react-refresh/-/react-refresh-0.14.2.tgz 0ms (cache hit)
4247 http cache hermes-estree@https://registry.npmjs.org/hermes-estree/-/hermes-estree-0.29.1.tgz 0ms (cache hit)
4248 http cache brace-expansion@https://registry.npmjs.org/brace-expansion/-/brace-expansion-1.1.15.tgz 0ms (cache hit)
4249 http cache babel-plugin-syntax-hermes-parser@https://registry.npmjs.org/babel-plugin-syntax-hermes-parser/-/babel-plugin-syntax-hermes-parser-0.29.1.tgz 0ms (cache hit)
4250 http cache glob@https://registry.npmjs.org/glob/-/glob-7.2.3.tgz 0ms (cache hit)
4251 http cache babel-plugin-syntax-hermes-parser@https://registry.npmjs.org/babel-plugin-syntax-hermes-parser/-/babel-plugin-syntax-hermes-parser-0.29.1.tgz 0ms (cache hit)
4252 http cache @react-native/codegen@https://registry.npmjs.org/@react-native/codegen/-/codegen-0.81.5.tgz 0ms (cache hit)
4253 http cache minimatch@https://registry.npmjs.org/minimatch/-/minimatch-3.1.5.tgz 0ms (cache hit)
4254 http cache hermes-parser@https://registry.npmjs.org/hermes-parser/-/hermes-parser-0.29.1.tgz 0ms (cache hit)
4255 http cache @react-native/babel-plugin-codegen@https://registry.npmjs.org/@react-native/babel-plugin-codegen/-/babel-plugin-codegen-0.81.5.tgz 0ms (cache hit)
4256 http cache @react-native/babel-preset@https://registry.npmjs.org/@react-native/babel-preset/-/babel-preset-0.81.5.tgz 0ms (cache hit)
4257 http cache @react-native/virtualized-lists@https://registry.npmjs.org/@react-native/virtualized-lists/-/virtualized-lists-0.81.5.tgz 0ms (cache hit)
4258 http cache @react-native/codegen@https://registry.npmjs.org/@react-native/codegen/-/codegen-0.81.5.tgz 0ms (cache hit)
4259 http cache @babel/code-frame@https://registry.npmjs.org/@babel/code-frame/-/code-frame-7.10.4.tgz 0ms (cache hit)
4260 http cache semver@https://registry.npmjs.org/semver/-/semver-7.8.4.tgz 0ms (cache hit)
4261 http cache picomatch@https://registry.npmjs.org/picomatch/-/picomatch-4.0.4.tgz 0ms (cache hit)
4262 http cache ws@https://registry.npmjs.org/ws/-/ws-8.21.0.tgz 0ms (cache hit)
4263 http cache @expo/json-file@https://registry.npmjs.org/@expo/json-file/-/json-file-10.0.16.tgz 0ms (cache hit)
4264 http cache glob@https://registry.npmjs.org/glob/-/glob-13.0.6.tgz 0ms (cache hit)
4265 http cache ci-info@https://registry.npmjs.org/ci-info/-/ci-info-3.9.0.tgz 0ms (cache hit)
4266 http cache @expo/metro-config@https://registry.npmjs.org/@expo/metro-config/-/metro-config-54.0.16.tgz 0ms (cache hit)
4267 http cache babel-preset-expo@https://registry.npmjs.org/babel-preset-expo/-/babel-preset-expo-54.0.11.tgz 0ms (cache hit)
4268 http cache expo-keep-awake@https://registry.npmjs.org/expo-keep-awake/-/expo-keep-awake-15.0.8.tgz 0ms (cache hit)
4269 http cache @expo/cli@https://registry.npmjs.org/@expo/cli/-/cli-54.0.25.tgz 0ms (cache hit)
4270 http cache react-refresh@https://registry.npmjs.org/react-refresh/-/react-refresh-0.14.2.tgz 0ms (cache hit)
4271 http cache expo-file-system@https://registry.npmjs.org/expo-file-system/-/expo-file-system-19.0.23.tgz 0ms (cache hit)
4272 http cache minimatch@https://registry.npmjs.org/minimatch/-/minimatch-9.0.9.tgz 0ms (cache hit)
4273 silly tarball no local data for p-try@https://registry.npmjs.org/p-try/-/p-try-2.2.0.tgz. Extracting by manifest.
4274 silly tarball no local data for concat-map@https://registry.npmjs.org/concat-map/-/concat-map-0.0.1.tgz. Extracting by manifest.
4275 silly tarball no local data for lightningcss-win32-x64-msvc@https://registry.npmjs.org/lightningcss-win32-x64-msvc/-/lightningcss-win32-x64-msvc-1.32.0.tgz. Extracting by manifest.
4276 silly tarball no local data for source-map-js@https://registry.npmjs.org/source-map-js/-/source-map-js-1.2.1.tgz. Extracting by manifest.
4277 http cache @expo/prebuild-config@https://registry.npmjs.org/@expo/prebuild-config/-/prebuild-config-54.0.8.tgz 0ms (cache hit)
4278 silly tarball no local data for detect-libc@https://registry.npmjs.org/detect-libc/-/detect-libc-2.1.2.tgz. Extracting by manifest.
4279 silly tarball no local data for define-lazy-prop@https://registry.npmjs.org/define-lazy-prop/-/define-lazy-prop-2.0.0.tgz. Extracting by manifest.
4280 silly tarball no local data for lightningcss@https://registry.npmjs.org/lightningcss/-/lightningcss-1.32.0.tgz. Extracting by manifest.
4281 silly tarball no local data for defaults@https://registry.npmjs.org/defaults/-/defaults-1.0.4.tgz. Extracting by manifest.
4282 silly tarball no local data for postcss@https://registry.npmjs.org/postcss/-/postcss-8.4.49.tgz. Extracting by manifest.
4283 silly tarball no local data for supports-hyperlinks@https://registry.npmjs.org/supports-hyperlinks/-/supports-hyperlinks-2.3.0.tgz. Extracting by manifest.
4284 silly tarball no local data for clone@https://registry.npmjs.org/clone/-/clone-1.0.4.tgz. Extracting by manifest.
4285 silly tarball no local data for ansi-escapes@https://registry.npmjs.org/ansi-escapes/-/ansi-escapes-4.3.2.tgz. Extracting by manifest.
4286 silly tarball no local data for minizlib@https://registry.npmjs.org/minizlib/-/minizlib-3.1.0.tgz. Extracting by manifest.
4287 silly tarball no local data for chownr@https://registry.npmjs.org/chownr/-/chownr-3.0.0.tgz. Extracting by manifest.
4288 silly tarball no local data for @isaacs/fs-minipass@https://registry.npmjs.org/@isaacs/fs-minipass/-/fs-minipass-4.0.1.tgz. Extracting by manifest.
4289 silly tarball no local data for strip-json-comments@https://registry.npmjs.org/strip-json-comments/-/strip-json-comments-2.0.1.tgz. Extracting by manifest.
4290 silly tarball no local data for mimic-fn@https://registry.npmjs.org/mimic-fn/-/mimic-fn-1.2.0.tgz. Extracting by manifest.
4291 silly tarball no local data for onetime@https://registry.npmjs.org/onetime/-/onetime-2.0.1.tgz. Extracting by manifest.
4292 silly tarball no local data for sisteransi@https://registry.npmjs.org/sisteransi/-/sisteransi-1.0.5.tgz. Extracting by manifest.
4293 silly tarball no local data for deep-extend@https://registry.npmjs.org/deep-extend/-/deep-extend-0.6.0.tgz. Extracting by manifest.
4294 silly tarball no local data for ini@https://registry.npmjs.org/ini/-/ini-1.3.8.tgz. Extracting by manifest.
4295 silly tarball no local data for nested-error-stacks@https://registry.npmjs.org/nested-error-stacks/-/nested-error-stacks-2.0.1.tgz. Extracting by manifest.
4296 silly tarball no local data for minimist@https://registry.npmjs.org/minimist/-/minimist-1.2.8.tgz. Extracting by manifest.
4297 silly tarball no local data for kleur@https://registry.npmjs.org/kleur/-/kleur-3.0.3.tgz. Extracting by manifest.
4298 silly tarball no local data for rc@https://registry.npmjs.org/rc/-/rc-1.2.8.tgz. Extracting by manifest.
4299 silly tarball no local data for restore-cursor@https://registry.npmjs.org/restore-cursor/-/restore-cursor-2.0.0.tgz. Extracting by manifest.
4300 silly tarball no local data for wcwidth@https://registry.npmjs.org/wcwidth/-/wcwidth-1.0.1.tgz. Extracting by manifest.
4301 silly tarball no local data for log-symbols@https://registry.npmjs.org/log-symbols/-/log-symbols-2.2.0.tgz. Extracting by manifest.
4302 silly tarball no local data for cli-spinners@https://registry.npmjs.org/cli-spinners/-/cli-spinners-2.9.2.tgz. Extracting by manifest.
4303 silly tarball no local data for cli-cursor@https://registry.npmjs.org/cli-cursor/-/cli-cursor-2.1.0.tgz. Extracting by manifest.
4304 silly tarball no local data for validate-npm-package-name@https://registry.npmjs.org/validate-npm-package-name/-/validate-npm-package-name-5.0.1.tgz. Extracting by manifest.
4305 silly tarball no local data for vary@https://registry.npmjs.org/vary/-/vary-1.1.2.tgz. Extracting by manifest.
4306 silly tarball no local data for hosted-git-info@https://registry.npmjs.org/hosted-git-info/-/hosted-git-info-7.0.2.tgz. Extracting by manifest.
4307 silly tarball no local data for proc-log@https://registry.npmjs.org/proc-log/-/proc-log-4.2.0.tgz. Extracting by manifest.
4308 silly tarball no local data for compressible@https://registry.npmjs.org/compressible/-/compressible-2.0.18.tgz. Extracting by manifest.
4309 silly tarball no local data for safe-buffer@https://registry.npmjs.org/safe-buffer/-/safe-buffer-5.2.1.tgz. Extracting by manifest.
4310 silly tarball no local data for on-headers@https://registry.npmjs.org/on-headers/-/on-headers-1.1.0.tgz. Extracting by manifest.
4311 silly tarball no local data for @expo/sudo-prompt@https://registry.npmjs.org/@expo/sudo-prompt/-/sudo-prompt-9.3.2.tgz. Extracting by manifest.
4312 silly tarball no local data for wonka@https://registry.npmjs.org/wonka/-/wonka-6.3.6.tgz. Extracting by manifest.
4313 silly tarball no local data for bytes@https://registry.npmjs.org/bytes/-/bytes-3.1.2.tgz. Extracting by manifest.
4314 silly tarball no local data for undici@https://registry.npmjs.org/undici/-/undici-6.26.0.tgz. Extracting by manifest.
4315 silly tarball no local data for structured-headers@https://registry.npmjs.org/structured-headers/-/structured-headers-0.4.1.tgz. Extracting by manifest.
4316 silly tarball no local data for tar@https://registry.npmjs.org/tar/-/tar-7.5.16.tgz. Extracting by manifest.
4317 silly tarball no local data for terminal-link@https://registry.npmjs.org/terminal-link/-/terminal-link-2.1.1.tgz. Extracting by manifest.
4318 silly tarball no local data for resolve.exports@https://registry.npmjs.org/resolve.exports/-/resolve.exports-2.0.3.tgz. Extracting by manifest.
4319 silly tarball no local data for requireg@https://registry.npmjs.org/requireg/-/requireg-0.2.2.tgz. Extracting by manifest.
4320 silly tarball no local data for progress@https://registry.npmjs.org/progress/-/progress-2.0.3.tgz. Extracting by manifest.
4321 silly tarball no local data for qrcode-terminal@https://registry.npmjs.org/qrcode-terminal/-/qrcode-terminal-0.11.0.tgz. Extracting by manifest.
4322 silly tarball no local data for prompts@https://registry.npmjs.org/prompts/-/prompts-2.4.2.tgz. Extracting by manifest.
4323 silly tarball no local data for npm-package-arg@https://registry.npmjs.org/npm-package-arg/-/npm-package-arg-11.0.3.tgz. Extracting by manifest.
4324 silly tarball no local data for ora@https://registry.npmjs.org/ora/-/ora-3.4.0.tgz. Extracting by manifest.
4325 silly tarball no local data for pretty-bytes@https://registry.npmjs.org/pretty-bytes/-/pretty-bytes-5.6.0.tgz. Extracting by manifest.
4326 silly tarball no local data for lan-network@https://registry.npmjs.org/lan-network/-/lan-network-0.2.1.tgz. Extracting by manifest.
4327 silly tarball no local data for node-forge@https://registry.npmjs.org/node-forge/-/node-forge-1.4.0.tgz. Extracting by manifest.
4328 silly tarball no local data for freeport-async@https://registry.npmjs.org/freeport-async/-/freeport-async-2.0.0.tgz. Extracting by manifest.
4329 silly tarball no local data for expo-server@https://registry.npmjs.org/expo-server/-/expo-server-1.0.7.tgz. Extracting by manifest.
4330 silly tarball no local data for env-editor@https://registry.npmjs.org/env-editor/-/env-editor-0.4.2.tgz. Extracting by manifest.
4331 silly tarball no local data for compression@https://registry.npmjs.org/compression/-/compression-1.8.1.tgz. Extracting by manifest.
4332 silly tarball no local data for @expo/xcpretty@https://registry.npmjs.org/@expo/xcpretty/-/xcpretty-4.4.4.tgz. Extracting by manifest.
4333 silly tarball no local data for better-opn@https://registry.npmjs.org/better-opn/-/better-opn-3.0.2.tgz. Extracting by manifest.
4334 silly tarball no local data for @urql/exchange-retry@https://registry.npmjs.org/@urql/exchange-retry/-/exchange-retry-1.3.2.tgz. Extracting by manifest.
4335 silly tarball no local data for @urql/core@https://registry.npmjs.org/@urql/core/-/core-5.2.0.tgz. Extracting by manifest.
4336 silly tarball no local data for @expo/ws-tunnel@https://registry.npmjs.org/@expo/ws-tunnel/-/ws-tunnel-1.0.6.tgz. Extracting by manifest.
4337 silly tarball no local data for @expo/schema-utils@https://registry.npmjs.org/@expo/schema-utils/-/schema-utils-0.1.8.tgz. Extracting by manifest.
4338 silly tarball no local data for @expo/package-manager@https://registry.npmjs.org/@expo/package-manager/-/package-manager-1.12.1.tgz. Extracting by manifest.
4339 silly tarball no local data for @expo/osascript@https://registry.npmjs.org/@expo/osascript/-/osascript-2.6.0.tgz. Extracting by manifest.
4340 silly tarball no local data for @expo/devcert@https://registry.npmjs.org/@expo/devcert/-/devcert-1.2.1.tgz. Extracting by manifest.
4341 silly tarball no local data for @expo/code-signing-certificates@https://registry.npmjs.org/@expo/code-signing-certificates/-/code-signing-certificates-0.0.6.tgz. Extracting by manifest.
4342 silly tarball no local data for @0no-co/graphql.web@https://registry.npmjs.org/@0no-co/graphql.web/-/graphql.web-1.2.0.tgz. Extracting by manifest.
4343 silly tarball no local data for @babel/highlight@https://registry.npmjs.org/@babel/highlight/-/highlight-7.25.9.tgz. Extracting by manifest.
4344 silly tarball no local data for async-limiter@https://registry.npmjs.org/async-limiter/-/async-limiter-1.0.1.tgz. Extracting by manifest.
4345 silly tarball no local data for minipass@https://registry.npmjs.org/minipass/-/minipass-7.1.3.tgz. Extracting by manifest.
4346 silly tarball no local data for is-fullwidth-code-point@https://registry.npmjs.org/is-fullwidth-code-point/-/is-fullwidth-code-point-3.0.0.tgz. Extracting by manifest.
4347 silly tarball no local data for path-scurry@https://registry.npmjs.org/path-scurry/-/path-scurry-2.0.2.tgz. Extracting by manifest.
4348 silly tarball no local data for strip-ansi@https://registry.npmjs.org/strip-ansi/-/strip-ansi-6.0.1.tgz. Extracting by manifest.
4349 silly tarball no local data for yargs-parser@https://registry.npmjs.org/yargs-parser/-/yargs-parser-21.1.1.tgz. Extracting by manifest.
4350 silly tarball no local data for wrap-ansi@https://registry.npmjs.org/wrap-ansi/-/wrap-ansi-7.0.0.tgz. Extracting by manifest.
4351 silly tarball no local data for emoji-regex@https://registry.npmjs.org/emoji-regex/-/emoji-regex-8.0.0.tgz. Extracting by manifest.
4352 silly tarball no local data for y18n@https://registry.npmjs.org/y18n/-/y18n-5.0.8.tgz. Extracting by manifest.
4353 silly tarball no local data for string-width@https://registry.npmjs.org/string-width/-/string-width-4.2.3.tgz. Extracting by manifest.
4354 silly tarball no local data for require-directory@https://registry.npmjs.org/require-directory/-/require-directory-2.1.1.tgz. Extracting by manifest.
4355 silly tarball no local data for get-caller-file@https://registry.npmjs.org/get-caller-file/-/get-caller-file-2.0.5.tgz. Extracting by manifest.
4356 silly tarball no local data for sax@https://registry.npmjs.org/sax/-/sax-1.6.0.tgz. Extracting by manifest.
4357 silly tarball no local data for cliui@https://registry.npmjs.org/cliui/-/cliui-8.0.1.tgz. Extracting by manifest.
4358 silly tarball no local data for stream-buffers@https://registry.npmjs.org/stream-buffers/-/stream-buffers-2.2.0.tgz. Extracting by manifest.
4359 silly tarball no local data for big-integer@https://registry.npmjs.org/big-integer/-/big-integer-1.6.52.tgz. Extracting by manifest.
4360 silly tarball no local data for bplist-creator@https://registry.npmjs.org/bplist-creator/-/bplist-creator-0.1.0.tgz. Extracting by manifest.
4361 silly tarball no local data for plist@https://registry.npmjs.org/plist/-/plist-3.1.1.tgz. Extracting by manifest.
4362 silly tarball no local data for uuid@https://registry.npmjs.org/uuid/-/uuid-7.0.3.tgz. Extracting by manifest.
4363 silly tarball no local data for bplist-parser@https://registry.npmjs.org/bplist-parser/-/bplist-parser-0.3.1.tgz. Extracting by manifest.
4364 silly tarball no local data for simple-plist@https://registry.npmjs.org/simple-plist/-/simple-plist-1.3.1.tgz. Extracting by manifest.
4365 silly tarball no local data for signal-exit@https://registry.npmjs.org/signal-exit/-/signal-exit-3.0.7.tgz. Extracting by manifest.
4366 silly tarball no local data for imurmurhash@https://registry.npmjs.org/imurmurhash/-/imurmurhash-0.1.4.tgz. Extracting by manifest.
4367 silly tarball no local data for isexe@https://registry.npmjs.org/isexe/-/isexe-2.0.0.tgz. Extracting by manifest.
4368 silly tarball no local data for ieee754@https://registry.npmjs.org/ieee754/-/ieee754-1.2.1.tgz. Extracting by manifest.
4369 silly tarball no local data for punycode@https://registry.npmjs.org/punycode/-/punycode-2.3.1.tgz. Extracting by manifest.
4370 silly tarball no local data for webidl-conversions@https://registry.npmjs.org/webidl-conversions/-/webidl-conversions-5.0.0.tgz. Extracting by manifest.
4371 silly tarball no local data for buffer@https://registry.npmjs.org/buffer/-/buffer-5.7.1.tgz. Extracting by manifest.
4372 silly tarball no local data for makeerror@https://registry.npmjs.org/makeerror/-/makeerror-1.0.12.tgz. Extracting by manifest.
4373 silly tarball no local data for tmpl@https://registry.npmjs.org/tmpl/-/tmpl-1.0.5.tgz. Extracting by manifest.
4374 silly tarball no local data for unicode-property-aliases-ecmascript@https://registry.npmjs.org/unicode-property-aliases-ecmascript/-/unicode-property-aliases-ecmascript-2.2.0.tgz. Extracting by manifest.
4375 silly tarball no local data for escalade@https://registry.npmjs.org/escalade/-/escalade-3.2.0.tgz. Extracting by manifest.
4376 silly tarball no local data for unicode-canonical-property-names-ecmascript@https://registry.npmjs.org/unicode-canonical-property-names-ecmascript/-/unicode-canonical-property-names-ecmascript-2.0.1.tgz. Extracting by manifest.
4377 silly tarball no local data for is-number@https://registry.npmjs.org/is-number/-/is-number-7.0.0.tgz. Extracting by manifest.
4378 silly tarball no local data for thenify@https://registry.npmjs.org/thenify/-/thenify-3.3.1.tgz. Extracting by manifest.
4379 silly tarball no local data for buffer-from@https://registry.npmjs.org/buffer-from/-/buffer-from-1.1.2.tgz. Extracting by manifest.
4380 silly tarball no local data for @jridgewell/source-map@https://registry.npmjs.org/@jridgewell/source-map/-/source-map-0.3.11.tgz. Extracting by manifest.
4381 silly tarball no local data for source-map-support@https://registry.npmjs.org/source-map-support/-/source-map-support-0.5.21.tgz. Extracting by manifest.
4382 silly tarball no local data for acorn@https://registry.npmjs.org/acorn/-/acorn-8.17.0.tgz. Extracting by manifest.
4383 silly tarball no local data for thenify-all@https://registry.npmjs.org/thenify-all/-/thenify-all-1.6.0.tgz. Extracting by manifest.
4384 silly tarball no local data for has-flag@https://registry.npmjs.org/has-flag/-/has-flag-4.0.0.tgz. Extracting by manifest.
4385 silly tarball no local data for object-assign@https://registry.npmjs.org/object-assign/-/object-assign-4.1.1.tgz. Extracting by manifest.
4386 silly tarball no local data for any-promise@https://registry.npmjs.org/any-promise/-/any-promise-1.3.0.tgz. Extracting by manifest.
4387 silly tarball no local data for ts-interface-checker@https://registry.npmjs.org/ts-interface-checker/-/ts-interface-checker-0.1.13.tgz. Extracting by manifest.
4388 silly tarball no local data for tinyglobby@https://registry.npmjs.org/tinyglobby/-/tinyglobby-0.2.17.tgz. Extracting by manifest.
4389 silly tarball no local data for mz@https://registry.npmjs.org/mz/-/mz-2.7.0.tgz. Extracting by manifest.
4390 silly tarball no local data for lines-and-columns@https://registry.npmjs.org/lines-and-columns/-/lines-and-columns-1.2.4.tgz. Extracting by manifest.
4391 silly tarball no local data for type-fest@https://registry.npmjs.org/type-fest/-/type-fest-0.7.1.tgz. Extracting by manifest.
4392 silly tarball no local data for is-arrayish@https://registry.npmjs.org/is-arrayish/-/is-arrayish-0.3.4.tgz. Extracting by manifest.
4393 silly tarball no local data for shebang-regex@https://registry.npmjs.org/shebang-regex/-/shebang-regex-3.0.0.tgz. Extracting by manifest.
4394 silly tarball no local data for range-parser@https://registry.npmjs.org/range-parser/-/range-parser-1.2.1.tgz. Extracting by manifest.
4395 silly tarball no local data for setprototypeof@https://registry.npmjs.org/setprototypeof/-/setprototypeof-1.2.0.tgz. Extracting by manifest.
4396 silly tarball no local data for toidentifier@https://registry.npmjs.org/toidentifier/-/toidentifier-1.0.1.tgz. Extracting by manifest.
4397 silly tarball no local data for mime@https://registry.npmjs.org/mime/-/mime-1.6.0.tgz. Extracting by manifest.
4398 silly tarball no local data for fresh@https://registry.npmjs.org/fresh/-/fresh-0.5.2.tgz. Extracting by manifest.
4399 silly tarball no local data for http-errors@https://registry.npmjs.org/http-errors/-/http-errors-2.0.1.tgz. Extracting by manifest.
4400 silly tarball no local data for etag@https://registry.npmjs.org/etag/-/etag-1.8.1.tgz. Extracting by manifest.
4401 silly tarball no local data for destroy@https://registry.npmjs.org/destroy/-/destroy-1.2.0.tgz. Extracting by manifest.
4402 silly tarball no local data for depd@https://registry.npmjs.org/depd/-/depd-2.0.0.tgz. Extracting by manifest.
4403 silly tarball no local data for send@https://registry.npmjs.org/send/-/send-0.19.2.tgz. Extracting by manifest.
4404 silly tarball no local data for supports-preserve-symlinks-flag@https://registry.npmjs.org/supports-preserve-symlinks-flag/-/supports-preserve-symlinks-flag-1.0.0.tgz. Extracting by manifest.
4405 silly tarball no local data for path-parse@https://registry.npmjs.org/path-parse/-/path-parse-1.0.7.tgz. Extracting by manifest.
4406 silly tarball no local data for is-core-module@https://registry.npmjs.org/is-core-module/-/is-core-module-2.16.2.tgz. Extracting by manifest.
4407 silly tarball no local data for unicode-match-property-value-ecmascript@https://registry.npmjs.org/unicode-match-property-value-ecmascript/-/unicode-match-property-value-ecmascript-2.2.1.tgz. Extracting by manifest.
4408 silly tarball no local data for unicode-match-property-ecmascript@https://registry.npmjs.org/unicode-match-property-ecmascript/-/unicode-match-property-ecmascript-2.0.0.tgz. Extracting by manifest.
4409 silly tarball no local data for regjsparser@https://registry.npmjs.org/regjsparser/-/regjsparser-0.13.1.tgz. Extracting by manifest.
4410 silly tarball no local data for regjsgen@https://registry.npmjs.org/regjsgen/-/regjsgen-0.8.0.tgz. Extracting by manifest.
4411 silly tarball no local data for regenerate-unicode-properties@https://registry.npmjs.org/regenerate-unicode-properties/-/regenerate-unicode-properties-10.2.2.tgz. Extracting by manifest.
4412 silly tarball no local data for regenerate@https://registry.npmjs.org/regenerate/-/regenerate-1.4.2.tgz. Extracting by manifest.
4413 silly tarball no local data for react-freeze@https://registry.npmjs.org/react-freeze/-/react-freeze-1.0.4.tgz. Extracting by manifest.
4414 silly tarball no local data for shell-quote@https://registry.npmjs.org/shell-quote/-/shell-quote-1.8.4.tgz. Extracting by manifest.
4415 silly tarball no local data for asap@https://registry.npmjs.org/asap/-/asap-2.0.6.tgz. Extracting by manifest.
4416 silly tarball no local data for p-locate@https://registry.npmjs.org/p-locate/-/p-locate-4.1.0.tgz. Extracting by manifest.
4417 silly tarball no local data for marky@https://registry.npmjs.org/marky/-/marky-1.3.0.tgz. Extracting by manifest.
4418 silly tarball no local data for sprintf-js@https://registry.npmjs.org/sprintf-js/-/sprintf-js-1.0.3.tgz. Extracting by manifest.
4419 silly tarball no local data for esprima@https://registry.npmjs.org/esprima/-/esprima-4.0.1.tgz. Extracting by manifest.
4420 silly tarball no local data for argparse@https://registry.npmjs.org/argparse/-/argparse-1.0.10.tgz. Extracting by manifest.
4421 silly tarball no local data for stack-utils@https://registry.npmjs.org/stack-utils/-/stack-utils-2.0.6.tgz. Extracting by manifest.
4422 silly tarball no local data for @types/stack-utils@https://registry.npmjs.org/@types/stack-utils/-/stack-utils-2.0.3.tgz. Extracting by manifest.
4423 silly tarball no local data for @types/graceful-fs@https://registry.npmjs.org/@types/graceful-fs/-/graceful-fs-4.1.9.tgz. Extracting by manifest.
4424 silly tarball no local data for normalize-path@https://registry.npmjs.org/normalize-path/-/normalize-path-3.0.0.tgz. Extracting by manifest.
4425 silly tarball no local data for @sinonjs/commons@https://registry.npmjs.org/@sinonjs/commons/-/commons-3.0.1.tgz. Extracting by manifest.
4426 silly tarball no local data for type-detect@https://registry.npmjs.org/type-detect/-/type-detect-4.0.8.tgz. Extracting by manifest.
4427 silly tarball no local data for anymatch@https://registry.npmjs.org/anymatch/-/anymatch-3.1.3.tgz. Extracting by manifest.
4428 silly tarball no local data for @sinonjs/fake-timers@https://registry.npmjs.org/@sinonjs/fake-timers/-/fake-timers-10.3.0.tgz. Extracting by manifest.
4429 silly tarball no local data for jest-message-util@https://registry.npmjs.org/jest-message-util/-/jest-message-util-29.7.0.tgz. Extracting by manifest.
4430 silly tarball no local data for jest-mock@https://registry.npmjs.org/jest-mock/-/jest-mock-29.7.0.tgz. Extracting by manifest.
4431 silly tarball no local data for is-docker@https://registry.npmjs.org/is-docker/-/is-docker-2.2.1.tgz. Extracting by manifest.
4432 silly tarball no local data for istanbul-lib-coverage@https://registry.npmjs.org/istanbul-lib-coverage/-/istanbul-lib-coverage-3.2.2.tgz. Extracting by manifest.
4433 silly tarball no local data for @jest/fake-timers@https://registry.npmjs.org/@jest/fake-timers/-/fake-timers-29.7.0.tgz. Extracting by manifest.
4434 silly tarball no local data for locate-path@https://registry.npmjs.org/locate-path/-/locate-path-5.0.0.tgz. Extracting by manifest.
4435 silly tarball no local data for @jest/environment@https://registry.npmjs.org/@jest/environment/-/environment-29.7.0.tgz. Extracting by manifest.
4436 silly tarball no local data for path-exists@https://registry.npmjs.org/path-exists/-/path-exists-4.0.0.tgz. Extracting by manifest.
4437 silly tarball no local data for rimraf@https://registry.npmjs.org/rimraf/-/rimraf-3.0.2.tgz. Extracting by manifest.
4438 silly tarball no local data for mkdirp@https://registry.npmjs.org/mkdirp/-/mkdirp-1.0.4.tgz. Extracting by manifest.
4439 silly tarball no local data for lighthouse-logger@https://registry.npmjs.org/lighthouse-logger/-/lighthouse-logger-1.4.2.tgz. Extracting by manifest.
4440 silly tarball no local data for is-wsl@https://registry.npmjs.org/is-wsl/-/is-wsl-2.2.0.tgz. Extracting by manifest.
4441 silly tarball no local data for @babel/plugin-syntax-top-level-await@https://registry.npmjs.org/@babel/plugin-syntax-top-level-await/-/plugin-syntax-top-level-await-7.14.5.tgz. Extracting by manifest.
4442 silly tarball no local data for @babel/plugin-syntax-private-property-in-object@https://registry.npmjs.org/@babel/plugin-syntax-private-property-in-object/-/plugin-syntax-private-property-in-object-7.14.5.tgz. Extracting by manifest.
4443 silly tarball no local data for @babel/plugin-syntax-object-rest-spread@https://registry.npmjs.org/@babel/plugin-syntax-object-rest-spread/-/plugin-syntax-object-rest-spread-7.8.3.tgz. Extracting by manifest.
4444 silly tarball no local data for @babel/plugin-syntax-optional-catch-binding@https://registry.npmjs.org/@babel/plugin-syntax-optional-catch-binding/-/plugin-syntax-optional-catch-binding-7.8.3.tgz. Extracting by manifest.
4445 silly tarball no local data for @babel/plugin-syntax-numeric-separator@https://registry.npmjs.org/@babel/plugin-syntax-numeric-separator/-/plugin-syntax-numeric-separator-7.10.4.tgz. Extracting by manifest.
4446 silly tarball no local data for @babel/plugin-syntax-logical-assignment-operators@https://registry.npmjs.org/@babel/plugin-syntax-logical-assignment-operators/-/plugin-syntax-logical-assignment-operators-7.10.4.tgz. Extracting by manifest.
4447 silly tarball no local data for @babel/plugin-syntax-json-strings@https://registry.npmjs.org/@babel/plugin-syntax-json-strings/-/plugin-syntax-json-strings-7.8.3.tgz. Extracting by manifest.
4448 silly tarball no local data for @babel/plugin-syntax-import-meta@https://registry.npmjs.org/@babel/plugin-syntax-import-meta/-/plugin-syntax-import-meta-7.10.4.tgz. Extracting by manifest.
4449 silly tarball no local data for @babel/plugin-syntax-import-attributes@https://registry.npmjs.org/@babel/plugin-syntax-import-attributes/-/plugin-syntax-import-attributes-7.29.7.tgz. Extracting by manifest.
4450 silly tarball no local data for babel-preset-current-node-syntax@https://registry.npmjs.org/babel-preset-current-node-syntax/-/babel-preset-current-node-syntax-1.2.0.tgz. Extracting by manifest.
4451 silly tarball no local data for @babel/plugin-syntax-class-static-block@https://registry.npmjs.org/@babel/plugin-syntax-class-static-block/-/plugin-syntax-class-static-block-7.14.5.tgz. Extracting by manifest.
4452 silly tarball no local data for babel-plugin-jest-hoist@https://registry.npmjs.org/babel-plugin-jest-hoist/-/babel-plugin-jest-hoist-29.6.3.tgz. Extracting by manifest.
4453 silly tarball no local data for @babel/plugin-syntax-bigint@https://registry.npmjs.org/@babel/plugin-syntax-bigint/-/plugin-syntax-bigint-7.8.3.tgz. Extracting by manifest.
4454 silly tarball no local data for @babel/plugin-syntax-async-generators@https://registry.npmjs.org/@babel/plugin-syntax-async-generators/-/plugin-syntax-async-generators-7.8.4.tgz. Extracting by manifest.
4455 silly tarball no local data for js-yaml@https://registry.npmjs.org/js-yaml/-/js-yaml-3.14.2.tgz. Extracting by manifest.
4456 silly tarball no local data for get-package-type@https://registry.npmjs.org/get-package-type/-/get-package-type-0.1.0.tgz. Extracting by manifest.
4457 silly tarball no local data for @babel/plugin-syntax-class-properties@https://registry.npmjs.org/@babel/plugin-syntax-class-properties/-/plugin-syntax-class-properties-7.12.13.tgz. Extracting by manifest.
4458 silly tarball no local data for find-up@https://registry.npmjs.org/find-up/-/find-up-4.1.0.tgz. Extracting by manifest.
4459 silly tarball no local data for test-exclude@https://registry.npmjs.org/test-exclude/-/test-exclude-6.0.0.tgz. Extracting by manifest.
4460 silly tarball no local data for istanbul-lib-instrument@https://registry.npmjs.org/istanbul-lib-instrument/-/istanbul-lib-instrument-5.2.1.tgz. Extracting by manifest.
4461 silly tarball no local data for @istanbuljs/schema@https://registry.npmjs.org/@istanbuljs/schema/-/schema-0.1.6.tgz. Extracting by manifest.
4462 silly tarball no local data for @types/babel__traverse@https://registry.npmjs.org/@types/babel__traverse/-/babel__traverse-7.28.0.tgz. Extracting by manifest.
4463 silly tarball no local data for @istanbuljs/load-nyc-config@https://registry.npmjs.org/@istanbuljs/load-nyc-config/-/load-nyc-config-1.1.0.tgz. Extracting by manifest.
4464 silly tarball no local data for @types/babel__template@https://registry.npmjs.org/@types/babel__template/-/babel__template-7.4.4.tgz. Extracting by manifest.
4465 silly tarball no local data for @types/babel__generator@https://registry.npmjs.org/@types/babel__generator/-/babel__generator-7.27.0.tgz. Extracting by manifest.
4466 silly tarball no local data for write-file-atomic@https://registry.npmjs.org/write-file-atomic/-/write-file-atomic-4.0.2.tgz. Extracting by manifest.
4467 silly tarball no local data for pirates@https://registry.npmjs.org/pirates/-/pirates-4.0.7.tgz. Extracting by manifest.
4468 silly tarball no local data for jest-regex-util@https://registry.npmjs.org/jest-regex-util/-/jest-regex-util-29.6.3.tgz. Extracting by manifest.
4469 silly tarball no local data for jest-haste-map@https://registry.npmjs.org/jest-haste-map/-/jest-haste-map-29.7.0.tgz. Extracting by manifest.
4470 silly tarball no local data for @types/babel__core@https://registry.npmjs.org/@types/babel__core/-/babel__core-7.20.5.tgz. Extracting by manifest.
4471 silly tarball no local data for fast-json-stable-stringify@https://registry.npmjs.org/fast-json-stable-stringify/-/fast-json-stable-stringify-2.1.0.tgz. Extracting by manifest.
4472 silly tarball no local data for @jest/transform@https://registry.npmjs.org/@jest/transform/-/transform-29.7.0.tgz. Extracting by manifest.
4473 silly tarball no local data for babel-preset-jest@https://registry.npmjs.org/babel-preset-jest/-/babel-preset-jest-29.6.3.tgz. Extracting by manifest.
4474 silly tarball no local data for babel-plugin-istanbul@https://registry.npmjs.org/babel-plugin-istanbul/-/babel-plugin-istanbul-6.1.1.tgz. Extracting by manifest.
4475 silly tarball no local data for open@https://registry.npmjs.org/open/-/open-7.4.2.tgz. Extracting by manifest.
4476 silly tarball no local data for event-target-shim@https://registry.npmjs.org/event-target-shim/-/event-target-shim-5.0.1.tgz. Extracting by manifest.
4477 silly tarball no local data for @react-native/debugger-frontend@https://registry.npmjs.org/@react-native/debugger-frontend/-/debugger-frontend-0.81.5.tgz. Extracting by manifest.
4478 silly tarball no local data for serve-static@https://registry.npmjs.org/serve-static/-/serve-static-1.16.3.tgz. Extracting by manifest.
4479 silly tarball no local data for chromium-edge-launcher@https://registry.npmjs.org/chromium-edge-launcher/-/chromium-edge-launcher-0.2.0.tgz. Extracting by manifest.
4480 silly tarball no local data for @isaacs/ttlcache@https://registry.npmjs.org/@isaacs/ttlcache/-/ttlcache-1.4.1.tgz. Extracting by manifest.
4481 silly tarball no local data for @react-native/dev-middleware@https://registry.npmjs.org/@react-native/dev-middleware/-/dev-middleware-0.81.5.tgz. Extracting by manifest.
4482 silly tarball no local data for chrome-launcher@https://registry.npmjs.org/chrome-launcher/-/chrome-launcher-0.15.2.tgz. Extracting by manifest.
4483 silly tarball no local data for whatwg-fetch@https://registry.npmjs.org/whatwg-fetch/-/whatwg-fetch-3.6.20.tgz. Extracting by manifest.
4484 silly tarball no local data for stacktrace-parser@https://registry.npmjs.org/stacktrace-parser/-/stacktrace-parser-0.1.11.tgz. Extracting by manifest.
4485 silly tarball no local data for scheduler@https://registry.npmjs.org/scheduler/-/scheduler-0.26.0.tgz. Extracting by manifest.
4486 silly tarball no local data for regenerator-runtime@https://registry.npmjs.org/regenerator-runtime/-/regenerator-runtime-0.13.11.tgz. Extracting by manifest.
4487 silly tarball no local data for react-devtools-core@https://registry.npmjs.org/react-devtools-core/-/react-devtools-core-6.1.5.tgz. Extracting by manifest.
4488 silly tarball no local data for promise@https://registry.npmjs.org/promise/-/promise-8.3.0.tgz. Extracting by manifest.
4489 silly tarball no local data for memoize-one@https://registry.npmjs.org/memoize-one/-/memoize-one-5.2.1.tgz. Extracting by manifest.
4490 silly tarball no local data for jest-environment-node@https://registry.npmjs.org/jest-environment-node/-/jest-environment-node-29.7.0.tgz. Extracting by manifest.
4491 silly tarball no local data for babel-jest@https://registry.npmjs.org/babel-jest/-/babel-jest-29.7.0.tgz. Extracting by manifest.
4492 silly tarball no local data for ansi-regex@https://registry.npmjs.org/ansi-regex/-/ansi-regex-5.0.1.tgz. Extracting by manifest.
4493 silly tarball no local data for anser@https://registry.npmjs.org/anser/-/anser-1.4.10.tgz. Extracting by manifest.
4494 silly tarball no local data for abort-controller@https://registry.npmjs.org/abort-controller/-/abort-controller-3.0.0.tgz. Extracting by manifest.
4495 silly tarball no local data for @react-native/normalize-colors@https://registry.npmjs.org/@react-native/normalize-colors/-/normalize-colors-0.81.5.tgz. Extracting by manifest.
4496 silly tarball no local data for @react-native/js-polyfills@https://registry.npmjs.org/@react-native/js-polyfills/-/js-polyfills-0.81.5.tgz. Extracting by manifest.
4497 silly tarball no local data for @jest/create-cache-key-function@https://registry.npmjs.org/@jest/create-cache-key-function/-/create-cache-key-function-29.7.0.tgz. Extracting by manifest.
4498 silly tarball no local data for strict-uri-encode@https://registry.npmjs.org/strict-uri-encode/-/strict-uri-encode-2.0.0.tgz. Extracting by manifest.
4499 silly tarball no local data for split-on-first@https://registry.npmjs.org/split-on-first/-/split-on-first-1.1.0.tgz. Extracting by manifest.
4500 silly tarball no local data for @react-native/gradle-plugin@https://registry.npmjs.org/@react-native/gradle-plugin/-/gradle-plugin-0.81.5.tgz. Extracting by manifest.
4501 silly tarball no local data for @react-native/community-cli-plugin@https://registry.npmjs.org/@react-native/community-cli-plugin/-/community-cli-plugin-0.81.5.tgz. Extracting by manifest.
4502 silly tarball no local data for filter-obj@https://registry.npmjs.org/filter-obj/-/filter-obj-1.1.0.tgz. Extracting by manifest.
4503 silly tarball no local data for @react-native/assets-registry@https://registry.npmjs.org/@react-native/assets-registry/-/assets-registry-0.81.5.tgz. Extracting by manifest.
4504 silly tarball no local data for decode-uri-component@https://registry.npmjs.org/decode-uri-component/-/decode-uri-component-0.2.2.tgz. Extracting by manifest.
4505 silly tarball no local data for yocto-queue@https://registry.npmjs.org/yocto-queue/-/yocto-queue-0.1.0.tgz. Extracting by manifest.
4506 silly tarball no local data for pngjs@https://registry.npmjs.org/pngjs/-/pngjs-3.4.0.tgz. Extracting by manifest.
4507 silly tarball no local data for ee-first@https://registry.npmjs.org/ee-first/-/ee-first-1.1.1.tgz. Extracting by manifest.
4508 silly tarball no local data for balanced-match@https://registry.npmjs.org/balanced-match/-/balanced-match-4.0.4.tgz. Extracting by manifest.
4509 silly tarball no local data for brace-expansion@https://registry.npmjs.org/brace-expansion/-/brace-expansion-5.0.6.tgz. Extracting by manifest.
4510 silly tarball no local data for mime-db@https://registry.npmjs.org/mime-db/-/mime-db-1.52.0.tgz. Extracting by manifest.
4511 silly tarball no local data for to-regex-range@https://registry.npmjs.org/to-regex-range/-/to-regex-range-5.0.1.tgz. Extracting by manifest.
4512 silly tarball no local data for fill-range@https://registry.npmjs.org/fill-range/-/fill-range-7.1.1.tgz. Extracting by manifest.
4513 silly tarball no local data for braces@https://registry.npmjs.org/braces/-/braces-3.0.3.tgz. Extracting by manifest.
4514 silly tarball no local data for vlq@https://registry.npmjs.org/vlq/-/vlq-1.0.1.tgz. Extracting by manifest.
4515 silly tarball no local data for ob1@https://registry.npmjs.org/ob1/-/ob1-0.83.3.tgz. Extracting by manifest.
4516 silly tarball no local data for node-int64@https://registry.npmjs.org/node-int64/-/node-int64-0.4.0.tgz. Extracting by manifest.
4517 silly tarball no local data for terser@https://registry.npmjs.org/terser/-/terser-5.48.0.tgz. Extracting by manifest.
4518 silly tarball no local data for bser@https://registry.npmjs.org/bser/-/bser-2.1.1.tgz. Extracting by manifest.
4519 silly tarball no local data for micromatch@https://registry.npmjs.org/micromatch/-/micromatch-4.0.8.tgz. Extracting by manifest.
4520 silly tarball no local data for walker@https://registry.npmjs.org/walker/-/walker-1.0.8.tgz. Extracting by manifest.
4521 silly tarball no local data for @babel/traverse--for-generate-function-map@https://registry.npmjs.org/@babel/traverse/-/traverse-7.29.7.tgz. Extracting by manifest.
4522 silly tarball no local data for fb-watchman@https://registry.npmjs.org/fb-watchman/-/fb-watchman-2.0.2.tgz. Extracting by manifest.
4523 silly tarball no local data for camelcase@https://registry.npmjs.org/camelcase/-/camelcase-6.3.0.tgz. Extracting by manifest.
4524 silly tarball no local data for leven@https://registry.npmjs.org/leven/-/leven-3.1.0.tgz. Extracting by manifest.
4525 silly tarball no local data for yaml@https://registry.npmjs.org/yaml/-/yaml-2.9.0.tgz. Extracting by manifest.
4526 silly tarball no local data for jest-get-type@https://registry.npmjs.org/jest-get-type/-/jest-get-type-29.6.3.tgz. Extracting by manifest.
4527 silly tarball no local data for jest-validate@https://registry.npmjs.org/jest-validate/-/jest-validate-29.7.0.tgz. Extracting by manifest.
4528 silly tarball no local data for @types/yargs-parser@https://registry.npmjs.org/@types/yargs-parser/-/yargs-parser-21.0.3.tgz. Extracting by manifest.
4529 silly tarball no local data for exponential-backoff@https://registry.npmjs.org/exponential-backoff/-/exponential-backoff-3.1.3.tgz. Extracting by manifest.
4530 silly tarball no local data for @sinclair/typebox@https://registry.npmjs.org/@sinclair/typebox/-/typebox-0.27.10.tgz. Extracting by manifest.
4531 silly tarball no local data for @types/istanbul-lib-report@https://registry.npmjs.org/@types/istanbul-lib-report/-/istanbul-lib-report-3.0.3.tgz. Extracting by manifest.
4532 silly tarball no local data for @jest/schemas@https://registry.npmjs.org/@jest/schemas/-/schemas-29.6.3.tgz. Extracting by manifest.
4533 silly tarball no local data for @types/yargs@https://registry.npmjs.org/@types/yargs/-/yargs-17.0.35.tgz. Extracting by manifest.
4534 silly tarball no local data for @types/istanbul-reports@https://registry.npmjs.org/@types/istanbul-reports/-/istanbul-reports-3.0.4.tgz. Extracting by manifest.
4535 silly tarball no local data for picomatch@https://registry.npmjs.org/picomatch/-/picomatch-2.3.2.tgz. Extracting by manifest.
4536 silly tarball no local data for @types/istanbul-lib-coverage@https://registry.npmjs.org/@types/istanbul-lib-coverage/-/istanbul-lib-coverage-2.0.6.tgz. Extracting by manifest.
4537 silly tarball no local data for @jest/types@https://registry.npmjs.org/@jest/types/-/types-29.6.3.tgz. Extracting by manifest.
4538 silly tarball no local data for @types/node@https://registry.npmjs.org/@types/node/-/node-25.9.3.tgz. Extracting by manifest.
4539 silly tarball no local data for merge-stream@https://registry.npmjs.org/merge-stream/-/merge-stream-2.0.0.tgz. Extracting by manifest.
4540 silly tarball no local data for undici-types@https://registry.npmjs.org/undici-types/-/undici-types-7.24.6.tgz. Extracting by manifest.
4541 silly tarball no local data for jest-util@https://registry.npmjs.org/jest-util/-/jest-util-29.7.0.tgz. Extracting by manifest.
4542 silly tarball no local data for queue@https://registry.npmjs.org/queue/-/queue-6.0.2.tgz. Extracting by manifest.
4543 silly tarball no local data for on-finished@https://registry.npmjs.org/on-finished/-/on-finished-2.3.0.tgz. Extracting by manifest.
4544 silly tarball no local data for statuses@https://registry.npmjs.org/statuses/-/statuses-1.5.0.tgz. Extracting by manifest.
4545 silly tarball no local data for escape-html@https://registry.npmjs.org/escape-html/-/escape-html-1.0.3.tgz. Extracting by manifest.
4546 silly tarball no local data for unpipe@https://registry.npmjs.org/unpipe/-/unpipe-1.0.0.tgz. Extracting by manifest.
4547 silly tarball no local data for stackframe@https://registry.npmjs.org/stackframe/-/stackframe-1.3.4.tgz. Extracting by manifest.
4548 silly tarball no local data for encodeurl@https://registry.npmjs.org/encodeurl/-/encodeurl-1.0.2.tgz. Extracting by manifest.
4549 silly tarball no local data for utils-merge@https://registry.npmjs.org/utils-merge/-/utils-merge-1.0.1.tgz. Extracting by manifest.
4550 silly tarball no local data for parseurl@https://registry.npmjs.org/parseurl/-/parseurl-1.3.3.tgz. Extracting by manifest.
4551 silly tarball no local data for finalhandler@https://registry.npmjs.org/finalhandler/-/finalhandler-1.1.2.tgz. Extracting by manifest.
4552 silly tarball no local data for ws@https://registry.npmjs.org/ws/-/ws-7.5.11.tgz. Extracting by manifest.
4553 silly tarball no local data for negotiator@https://registry.npmjs.org/negotiator/-/negotiator-0.6.3.tgz. Extracting by manifest.
4554 silly tarball no local data for throat@https://registry.npmjs.org/throat/-/throat-5.0.0.tgz. Extracting by manifest.
4555 silly tarball no local data for source-map@https://registry.npmjs.org/source-map/-/source-map-0.5.7.tgz. Extracting by manifest.
4556 silly tarball no local data for serialize-error@https://registry.npmjs.org/serialize-error/-/serialize-error-2.1.0.tgz. Extracting by manifest.
4557 silly tarball no local data for jsc-safe-url@https://registry.npmjs.org/jsc-safe-url/-/jsc-safe-url-0.2.4.tgz. Extracting by manifest.
4558 silly tarball no local data for lodash.throttle@https://registry.npmjs.org/lodash.throttle/-/lodash.throttle-4.1.1.tgz. Extracting by manifest.
4559 silly tarball no local data for jest-worker@https://registry.npmjs.org/jest-worker/-/jest-worker-29.7.0.tgz. Extracting by manifest.
4560 silly tarball no local data for graceful-fs@https://registry.npmjs.org/graceful-fs/-/graceful-fs-4.2.11.tgz. Extracting by manifest.
4561 silly tarball no local data for image-size@https://registry.npmjs.org/image-size/-/image-size-1.2.1.tgz. Extracting by manifest.
4562 silly tarball no local data for error-stack-parser@https://registry.npmjs.org/error-stack-parser/-/error-stack-parser-2.1.4.tgz. Extracting by manifest.
4563 silly tarball no local data for flow-enums-runtime@https://registry.npmjs.org/flow-enums-runtime/-/flow-enums-runtime-0.0.6.tgz. Extracting by manifest.
4564 silly tarball no local data for connect@https://registry.npmjs.org/connect/-/connect-3.7.0.tgz. Extracting by manifest.
4565 silly tarball no local data for ci-info@https://registry.npmjs.org/ci-info/-/ci-info-2.0.0.tgz. Extracting by manifest.
4566 silly tarball no local data for is-plain-obj@https://registry.npmjs.org/is-plain-obj/-/is-plain-obj-2.1.0.tgz. Extracting by manifest.
4567 silly tarball no local data for yallist@https://registry.npmjs.org/yallist/-/yallist-3.1.1.tgz. Extracting by manifest.
4568 silly tarball no local data for loose-envify@https://registry.npmjs.org/loose-envify/-/loose-envify-1.4.0.tgz. Extracting by manifest.
4569 silly tarball no local data for wrappy@https://registry.npmjs.org/wrappy/-/wrappy-1.0.2.tgz. Extracting by manifest.
4570 silly tarball no local data for agent-base@https://registry.npmjs.org/agent-base/-/agent-base-6.0.2.tgz. Extracting by manifest.
4571 silly tarball no local data for accepts@https://registry.npmjs.org/accepts/-/accepts-1.3.8.tgz. Extracting by manifest.
4572 silly tarball no local data for hermes-estree@https://registry.npmjs.org/hermes-estree/-/hermes-estree-0.32.0.tgz. Extracting by manifest.
4573 silly tarball no local data for inherits@https://registry.npmjs.org/inherits/-/inherits-2.0.4.tgz. Extracting by manifest.
4574 silly tarball no local data for path-is-absolute@https://registry.npmjs.org/path-is-absolute/-/path-is-absolute-1.0.1.tgz. Extracting by manifest.
4575 silly tarball no local data for inflight@https://registry.npmjs.org/inflight/-/inflight-1.0.6.tgz. Extracting by manifest.
4576 silly tarball no local data for once@https://registry.npmjs.org/once/-/once-1.4.0.tgz. Extracting by manifest.
4577 silly tarball no local data for fs.realpath@https://registry.npmjs.org/fs.realpath/-/fs.realpath-1.0.0.tgz. Extracting by manifest.
4578 silly tarball no local data for dunder-proto@https://registry.npmjs.org/dunder-proto/-/dunder-proto-1.0.1.tgz. Extracting by manifest.
4579 silly tarball no local data for math-intrinsics@https://registry.npmjs.org/math-intrinsics/-/math-intrinsics-1.1.0.tgz. Extracting by manifest.
4580 silly tarball no local data for has-symbols@https://registry.npmjs.org/has-symbols/-/has-symbols-1.1.0.tgz. Extracting by manifest.
4581 silly tarball no local data for gopd@https://registry.npmjs.org/gopd/-/gopd-1.2.0.tgz. Extracting by manifest.
4582 silly tarball no local data for get-proto@https://registry.npmjs.org/get-proto/-/get-proto-1.0.1.tgz. Extracting by manifest.
4583 silly tarball no local data for function-bind@https://registry.npmjs.org/function-bind/-/function-bind-1.1.2.tgz. Extracting by manifest.
4584 silly tarball no local data for es-object-atoms@https://registry.npmjs.org/es-object-atoms/-/es-object-atoms-1.1.2.tgz. Extracting by manifest.
4585 silly tarball no local data for es-define-property@https://registry.npmjs.org/es-define-property/-/es-define-property-1.0.1.tgz. Extracting by manifest.
4586 silly tarball no local data for call-bind-apply-helpers@https://registry.npmjs.org/call-bind-apply-helpers/-/call-bind-apply-helpers-1.0.2.tgz. Extracting by manifest.
4587 silly tarball no local data for has-tostringtag@https://registry.npmjs.org/has-tostringtag/-/has-tostringtag-1.0.2.tgz. Extracting by manifest.
4588 silly tarball no local data for get-intrinsic@https://registry.npmjs.org/get-intrinsic/-/get-intrinsic-1.3.0.tgz. Extracting by manifest.
4589 silly tarball no local data for delayed-stream@https://registry.npmjs.org/delayed-stream/-/delayed-stream-1.0.0.tgz. Extracting by manifest.
4590 silly tarball no local data for es-errors@https://registry.npmjs.org/es-errors/-/es-errors-1.3.0.tgz. Extracting by manifest.
4591 silly tarball no local data for mime-types@https://registry.npmjs.org/mime-types/-/mime-types-2.1.35.tgz. Extracting by manifest.
4592 silly tarball no local data for hasown@https://registry.npmjs.org/hasown/-/hasown-2.0.4.tgz. Extracting by manifest.
4593 silly tarball no local data for es-set-tostringtag@https://registry.npmjs.org/es-set-tostringtag/-/es-set-tostringtag-2.1.0.tgz. Extracting by manifest.
4594 silly tarball no local data for combined-stream@https://registry.npmjs.org/combined-stream/-/combined-stream-1.0.8.tgz. Extracting by manifest.
4595 silly tarball no local data for asynckit@https://registry.npmjs.org/asynckit/-/asynckit-0.4.0.tgz. Extracting by manifest.
4596 silly tarball no local data for react-native-is-edge-to-edge@https://registry.npmjs.org/react-native-is-edge-to-edge/-/react-native-is-edge-to-edge-1.3.1.tgz. Extracting by manifest.
4597 silly tarball no local data for commander@https://registry.npmjs.org/commander/-/commander-7.2.0.tgz. Extracting by manifest.
4598 silly tarball no local data for fontfaceobserver@https://registry.npmjs.org/fontfaceobserver/-/fontfaceobserver-2.3.0.tgz. Extracting by manifest.
4599 silly tarball no local data for @expo/env@https://registry.npmjs.org/@expo/env/-/env-2.0.11.tgz. Extracting by manifest.
4600 silly tarball no local data for dotenv-expand@https://registry.npmjs.org/dotenv-expand/-/dotenv-expand-11.0.7.tgz. Extracting by manifest.
4601 silly tarball no local data for dotenv@https://registry.npmjs.org/dotenv/-/dotenv-16.4.7.tgz. Extracting by manifest.
4602 silly tarball no local data for parse-png@https://registry.npmjs.org/parse-png/-/parse-png-2.1.0.tgz. Extracting by manifest.
4603 silly tarball no local data for jimp-compact@https://registry.npmjs.org/jimp-compact/-/jimp-compact-0.16.1.tgz. Extracting by manifest.
4604 silly tarball no local data for @expo/require-utils@https://registry.npmjs.org/@expo/require-utils/-/require-utils-55.0.5.tgz. Extracting by manifest.
4605 silly tarball no local data for @expo/image-utils@https://registry.npmjs.org/@expo/image-utils/-/image-utils-0.8.14.tgz. Extracting by manifest.
4606 silly tarball no local data for which@https://registry.npmjs.org/which/-/which-2.0.2.tgz. Extracting by manifest.
4607 silly tarball no local data for path-key@https://registry.npmjs.org/path-key/-/path-key-3.1.1.tgz. Extracting by manifest.
4608 silly tarball no local data for shebang-command@https://registry.npmjs.org/shebang-command/-/shebang-command-2.0.0.tgz. Extracting by manifest.
4609 silly tarball no local data for supports-color@https://registry.npmjs.org/supports-color/-/supports-color-7.2.0.tgz. Extracting by manifest.
4610 silly tarball no local data for ansi-styles@https://registry.npmjs.org/ansi-styles/-/ansi-styles-4.3.0.tgz. Extracting by manifest.
4611 silly tarball no local data for cross-spawn@https://registry.npmjs.org/cross-spawn/-/cross-spawn-7.0.6.tgz. Extracting by manifest.
4612 silly tarball no local data for @xmldom/xmldom@https://registry.npmjs.org/@xmldom/xmldom/-/xmldom-0.8.13.tgz. Extracting by manifest.
4613 silly tarball no local data for xmlbuilder@https://registry.npmjs.org/xmlbuilder/-/xmlbuilder-15.1.1.tgz. Extracting by manifest.
4614 silly tarball no local data for base64-js@https://registry.npmjs.org/base64-js/-/base64-js-1.5.1.tgz. Extracting by manifest.
4615 silly tarball no local data for metro-transform-worker@https://registry.npmjs.org/metro-transform-worker/-/metro-transform-worker-0.83.3.tgz. Extracting by manifest.
4616 silly tarball no local data for metro-transform-plugins@https://registry.npmjs.org/metro-transform-plugins/-/metro-transform-plugins-0.83.3.tgz. Extracting by manifest.
4617 silly tarball no local data for metro-symbolicate@https://registry.npmjs.org/metro-symbolicate/-/metro-symbolicate-0.83.3.tgz. Extracting by manifest.
4618 silly tarball no local data for metro-source-map@https://registry.npmjs.org/metro-source-map/-/metro-source-map-0.83.3.tgz. Extracting by manifest.
4619 silly tarball no local data for metro-runtime@https://registry.npmjs.org/metro-runtime/-/metro-runtime-0.83.3.tgz. Extracting by manifest.
4620 silly tarball no local data for metro-minify-terser@https://registry.npmjs.org/metro-minify-terser/-/metro-minify-terser-0.83.3.tgz. Extracting by manifest.
4621 silly tarball no local data for metro-resolver@https://registry.npmjs.org/metro-resolver/-/metro-resolver-0.83.3.tgz. Extracting by manifest.
4622 silly tarball no local data for metro-file-map@https://registry.npmjs.org/metro-file-map/-/metro-file-map-0.83.3.tgz. Extracting by manifest.
4623 silly tarball no local data for metro-core@https://registry.npmjs.org/metro-core/-/metro-core-0.83.3.tgz. Extracting by manifest.
4624 silly tarball no local data for metro-config@https://registry.npmjs.org/metro-config/-/metro-config-0.83.3.tgz. Extracting by manifest.
4625 silly tarball no local data for metro-cache-key@https://registry.npmjs.org/metro-cache-key/-/metro-cache-key-0.83.3.tgz. Extracting by manifest.
4626 silly tarball no local data for metro-cache@https://registry.npmjs.org/metro-cache/-/metro-cache-0.83.3.tgz. Extracting by manifest.
4627 silly tarball no local data for metro-babel-transformer@https://registry.npmjs.org/metro-babel-transformer/-/metro-babel-transformer-0.83.3.tgz. Extracting by manifest.
4628 silly tarball no local data for metro@https://registry.npmjs.org/metro/-/metro-0.83.3.tgz. Extracting by manifest.
4629 silly tarball no local data for p-limit@https://registry.npmjs.org/p-limit/-/p-limit-3.1.0.tgz. Extracting by manifest.
4630 silly tarball no local data for @expo/spawn-async@https://registry.npmjs.org/@expo/spawn-async/-/spawn-async-1.8.0.tgz. Extracting by manifest.
4631 silly tarball no local data for minimatch@https://registry.npmjs.org/minimatch/-/minimatch-10.2.5.tgz. Extracting by manifest.
4632 silly tarball no local data for xml2js@https://registry.npmjs.org/xml2js/-/xml2js-0.6.0.tgz. Extracting by manifest.
4633 silly tarball no local data for @expo/sdk-runtime-versions@https://registry.npmjs.org/@expo/sdk-runtime-versions/-/sdk-runtime-versions-1.0.0.tgz. Extracting by manifest.
4634 silly tarball no local data for arg@https://registry.npmjs.org/arg/-/arg-5.0.2.tgz. Extracting by manifest.
4635 silly tarball no local data for slash@https://registry.npmjs.org/slash/-/slash-3.0.0.tgz. Extracting by manifest.
4636 silly tarball no local data for @expo/plist@https://registry.npmjs.org/@expo/plist/-/plist-0.4.9.tgz. Extracting by manifest.
4637 silly tarball no local data for ignore@https://registry.npmjs.org/ignore/-/ignore-5.3.2.tgz. Extracting by manifest.
4638 silly tarball no local data for chalk@https://registry.npmjs.org/chalk/-/chalk-4.1.2.tgz. Extracting by manifest.
4639 silly tarball no local data for xcode@https://registry.npmjs.org/xcode/-/xcode-3.0.1.tgz. Extracting by manifest.
4640 silly tarball no local data for slugify@https://registry.npmjs.org/slugify/-/slugify-1.6.9.tgz. Extracting by manifest.
4641 silly tarball no local data for sucrase@https://registry.npmjs.org/sucrase/-/sucrase-3.35.1.tgz. Extracting by manifest.
4642 silly tarball no local data for resolve-workspace-root@https://registry.npmjs.org/resolve-workspace-root/-/resolve-workspace-root-2.0.1.tgz. Extracting by manifest.
4643 silly tarball no local data for @expo/json-file@https://registry.npmjs.org/@expo/json-file/-/json-file-10.2.0.tgz. Extracting by manifest.
4644 silly tarball no local data for @expo/config-types@https://registry.npmjs.org/@expo/config-types/-/config-types-54.0.10.tgz. Extracting by manifest.
4645 silly tarball no local data for require-from-string@https://registry.npmjs.org/require-from-string/-/require-from-string-2.0.2.tgz. Extracting by manifest.
4646 silly tarball no local data for getenv@https://registry.npmjs.org/getenv/-/getenv-2.0.0.tgz. Extracting by manifest.
4647 silly tarball no local data for deepmerge@https://registry.npmjs.org/deepmerge/-/deepmerge-4.3.1.tgz. Extracting by manifest.
4648 silly tarball no local data for @ungap/structured-clone@https://registry.npmjs.org/@ungap/structured-clone/-/structured-clone-1.3.1.tgz. Extracting by manifest.
4649 silly tarball no local data for @expo/metro@https://registry.npmjs.org/@expo/metro/-/metro-54.2.0.tgz. Extracting by manifest.
4650 silly tarball no local data for whatwg-url-without-unicode@https://registry.npmjs.org/whatwg-url-without-unicode/-/whatwg-url-without-unicode-8.0.0-3.tgz. Extracting by manifest.
4651 silly tarball no local data for pretty-format@https://registry.npmjs.org/pretty-format/-/pretty-format-29.7.0.tgz. Extracting by manifest.
4652 silly tarball no local data for @expo/fingerprint@https://registry.npmjs.org/@expo/fingerprint/-/fingerprint-0.15.5.tgz. Extracting by manifest.
4653 silly tarball no local data for @babel/runtime@https://registry.npmjs.org/@babel/runtime/-/runtime-7.29.7.tgz. Extracting by manifest.
4654 silly tarball no local data for expo-modules-autolinking@https://registry.npmjs.org/expo-modules-autolinking/-/expo-modules-autolinking-3.0.26.tgz. Extracting by manifest.
4655 silly tarball no local data for @expo/config-plugins@https://registry.npmjs.org/@expo/config-plugins/-/config-plugins-54.0.4.tgz. Extracting by manifest.
4656 silly tarball no local data for ms@https://registry.npmjs.org/ms/-/ms-2.1.3.tgz. Extracting by manifest.
4657 silly tarball no local data for simple-swizzle@https://registry.npmjs.org/simple-swizzle/-/simple-swizzle-0.2.4.tgz. Extracting by manifest.
4658 silly tarball no local data for @expo/config@https://registry.npmjs.org/@expo/config/-/config-12.0.13.tgz. Extracting by manifest.
4659 silly tarball no local data for @expo/devtools@https://registry.npmjs.org/@expo/devtools/-/devtools-0.1.8.tgz. Extracting by manifest.
4660 silly tarball no local data for color-string@https://registry.npmjs.org/color-string/-/color-string-1.9.1.tgz. Extracting by manifest.
4661 silly tarball no local data for color-name@https://registry.npmjs.org/color-name/-/color-name-1.1.4.tgz. Extracting by manifest.
4662 silly tarball no local data for color-convert@https://registry.npmjs.org/color-convert/-/color-convert-2.0.1.tgz. Extracting by manifest.
4663 silly tarball no local data for update-browserslist-db@https://registry.npmjs.org/update-browserslist-db/-/update-browserslist-db-1.2.3.tgz. Extracting by manifest.
4664 silly tarball no local data for node-releases@https://registry.npmjs.org/node-releases/-/node-releases-2.0.47.tgz. Extracting by manifest.
4665 silly tarball no local data for electron-to-chromium@https://registry.npmjs.org/electron-to-chromium/-/electron-to-chromium-1.5.371.tgz. Extracting by manifest.
4666 silly tarball no local data for caniuse-lite@https://registry.npmjs.org/caniuse-lite/-/caniuse-lite-1.0.30001799.tgz. Extracting by manifest.
4667 silly tarball no local data for baseline-browser-mapping@https://registry.npmjs.org/baseline-browser-mapping/-/baseline-browser-mapping-2.10.36.tgz. Extracting by manifest.
4668 silly tarball no local data for @babel/helper-define-polyfill-provider@https://registry.npmjs.org/@babel/helper-define-polyfill-provider/-/helper-define-polyfill-provider-0.6.8.tgz. Extracting by manifest.
4669 silly tarball no local data for resolve@https://registry.npmjs.org/resolve/-/resolve-1.22.12.tgz. Extracting by manifest.
4670 silly tarball no local data for core-js-compat@https://registry.npmjs.org/core-js-compat/-/core-js-compat-3.49.0.tgz. Extracting by manifest.
4671 silly tarball no local data for lodash.debounce@https://registry.npmjs.org/lodash.debounce/-/lodash.debounce-4.0.8.tgz. Extracting by manifest.
4672 silly tarball no local data for yargs@https://registry.npmjs.org/yargs/-/yargs-17.7.2.tgz. Extracting by manifest.
4673 silly tarball no local data for invariant@https://registry.npmjs.org/invariant/-/invariant-2.2.4.tgz. Extracting by manifest.
4674 silly tarball no local data for nullthrows@https://registry.npmjs.org/nullthrows/-/nullthrows-1.1.1.tgz. Extracting by manifest.
4675 silly tarball no local data for hermes-parser@https://registry.npmjs.org/hermes-parser/-/hermes-parser-0.32.0.tgz. Extracting by manifest.
4676 silly tarball no local data for glob@https://registry.npmjs.org/glob/-/glob-7.2.3.tgz. Extracting by manifest.
4677 silly tarball no local data for @react-native/codegen@https://registry.npmjs.org/@react-native/codegen/-/codegen-0.83.6.tgz. Extracting by manifest.
4678 silly tarball no local data for @babel/helper-create-regexp-features-plugin@https://registry.npmjs.org/@babel/helper-create-regexp-features-plugin/-/helper-create-regexp-features-plugin-7.29.7.tgz. Extracting by manifest.
4679 silly tarball no local data for regexpu-core@https://registry.npmjs.org/regexpu-core/-/regexpu-core-6.4.0.tgz. Extracting by manifest.
4680 silly tarball no local data for @react-native/babel-plugin-codegen@https://registry.npmjs.org/@react-native/babel-plugin-codegen/-/babel-plugin-codegen-0.83.6.tgz. Extracting by manifest.
4681 silly tarball no local data for @babel/helper-wrap-function@https://registry.npmjs.org/@babel/helper-wrap-function/-/helper-wrap-function-7.29.7.tgz. Extracting by manifest.
4682 silly tarball no local data for @babel/helper-remap-async-to-generator@https://registry.npmjs.org/@babel/helper-remap-async-to-generator/-/helper-remap-async-to-generator-7.29.7.tgz. Extracting by manifest.
4683 silly tarball no local data for @babel/plugin-transform-unicode-regex@https://registry.npmjs.org/@babel/plugin-transform-unicode-regex/-/plugin-transform-unicode-regex-7.29.7.tgz. Extracting by manifest.
4684 silly tarball no local data for @babel/plugin-transform-shorthand-properties@https://registry.npmjs.org/@babel/plugin-transform-shorthand-properties/-/plugin-transform-shorthand-properties-7.29.7.tgz. Extracting by manifest.
4685 silly tarball no local data for @babel/plugin-transform-regenerator@https://registry.npmjs.org/@babel/plugin-transform-regenerator/-/plugin-transform-regenerator-7.29.7.tgz. Extracting by manifest.
4686 silly tarball no local data for @babel/plugin-transform-sticky-regex@https://registry.npmjs.org/@babel/plugin-transform-sticky-regex/-/plugin-transform-sticky-regex-7.29.7.tgz. Extracting by manifest.
4687 silly tarball no local data for @babel/plugin-transform-react-jsx-source@https://registry.npmjs.org/@babel/plugin-transform-react-jsx-source/-/plugin-transform-react-jsx-source-7.29.7.tgz. Extracting by manifest.
4688 silly tarball no local data for @babel/plugin-transform-optional-chaining@https://registry.npmjs.org/@babel/plugin-transform-optional-chaining/-/plugin-transform-optional-chaining-7.29.7.tgz. Extracting by manifest.
4689 silly tarball no local data for @babel/plugin-transform-react-jsx-self@https://registry.npmjs.org/@babel/plugin-transform-react-jsx-self/-/plugin-transform-react-jsx-self-7.29.7.tgz. Extracting by manifest.
4690 silly tarball no local data for @babel/plugin-transform-optional-catch-binding@https://registry.npmjs.org/@babel/plugin-transform-optional-catch-binding/-/plugin-transform-optional-catch-binding-7.29.7.tgz. Extracting by manifest.
4691 silly tarball no local data for @babel/plugin-transform-numeric-separator@https://registry.npmjs.org/@babel/plugin-transform-numeric-separator/-/plugin-transform-numeric-separator-7.29.7.tgz. Extracting by manifest.
4692 silly tarball no local data for @babel/plugin-transform-nullish-coalescing-operator@https://registry.npmjs.org/@babel/plugin-transform-nullish-coalescing-operator/-/plugin-transform-nullish-coalescing-operator-7.29.7.tgz. Extracting by manifest.
4693 silly tarball no local data for @babel/plugin-transform-named-capturing-groups-regex@https://registry.npmjs.org/@babel/plugin-transform-named-capturing-groups-regex/-/plugin-transform-named-capturing-groups-regex-7.29.7.tgz. Extracting by manifest.
4694 silly tarball no local data for @babel/plugin-transform-literals@https://registry.npmjs.org/@babel/plugin-transform-literals/-/plugin-transform-literals-7.29.7.tgz. Extracting by manifest.
4695 silly tarball no local data for @babel/plugin-transform-function-name@https://registry.npmjs.org/@babel/plugin-transform-function-name/-/plugin-transform-function-name-7.29.7.tgz. Extracting by manifest.
4696 silly tarball no local data for @babel/plugin-transform-computed-properties@https://registry.npmjs.org/@babel/plugin-transform-computed-properties/-/plugin-transform-computed-properties-7.29.7.tgz. Extracting by manifest.
4697 silly tarball no local data for @babel/plugin-transform-for-of@https://registry.npmjs.org/@babel/plugin-transform-for-of/-/plugin-transform-for-of-7.29.7.tgz. Extracting by manifest.
4698 silly tarball no local data for @babel/plugin-transform-logical-assignment-operators@https://registry.npmjs.org/@babel/plugin-transform-logical-assignment-operators/-/plugin-transform-logical-assignment-operators-7.29.7.tgz. Extracting by manifest.
4699 silly tarball no local data for @babel/plugin-transform-spread@https://registry.npmjs.org/@babel/plugin-transform-spread/-/plugin-transform-spread-7.29.7.tgz. Extracting by manifest.
4700 silly tarball no local data for @babel/plugin-transform-classes@https://registry.npmjs.org/@babel/plugin-transform-classes/-/plugin-transform-classes-7.29.7.tgz. Extracting by manifest.
4701 silly tarball no local data for @babel/plugin-transform-block-scoping@https://registry.npmjs.org/@babel/plugin-transform-block-scoping/-/plugin-transform-block-scoping-7.29.7.tgz. Extracting by manifest.
4702 silly tarball no local data for @babel/plugin-transform-async-generator-functions@https://registry.npmjs.org/@babel/plugin-transform-async-generator-functions/-/plugin-transform-async-generator-functions-7.29.7.tgz. Extracting by manifest.
4703 silly tarball no local data for @babel/plugin-transform-async-to-generator@https://registry.npmjs.org/@babel/plugin-transform-async-to-generator/-/plugin-transform-async-to-generator-7.29.7.tgz. Extracting by manifest.
4704 silly tarball no local data for @babel/plugin-transform-class-properties@https://registry.npmjs.org/@babel/plugin-transform-class-properties/-/plugin-transform-class-properties-7.29.7.tgz. Extracting by manifest.
4705 silly tarball no local data for @babel/plugin-transform-arrow-functions@https://registry.npmjs.org/@babel/plugin-transform-arrow-functions/-/plugin-transform-arrow-functions-7.29.7.tgz. Extracting by manifest.
4706 silly tarball no local data for @babel/plugin-syntax-optional-chaining@https://registry.npmjs.org/@babel/plugin-syntax-optional-chaining/-/plugin-syntax-optional-chaining-7.8.3.tgz. Extracting by manifest.
4707 silly tarball no local data for @babel/plugin-syntax-nullish-coalescing-operator@https://registry.npmjs.org/@babel/plugin-syntax-nullish-coalescing-operator/-/plugin-syntax-nullish-coalescing-operator-7.8.3.tgz. Extracting by manifest.
4708 silly tarball no local data for @babel/plugin-syntax-dynamic-import@https://registry.npmjs.org/@babel/plugin-syntax-dynamic-import/-/plugin-syntax-dynamic-import-7.8.3.tgz. Extracting by manifest.
4709 silly tarball no local data for @babel/plugin-syntax-typescript@https://registry.npmjs.org/@babel/plugin-syntax-typescript/-/plugin-syntax-typescript-7.29.7.tgz. Extracting by manifest.
4710 silly tarball no local data for @babel/plugin-transform-typescript@https://registry.npmjs.org/@babel/plugin-transform-typescript/-/plugin-transform-typescript-7.29.7.tgz. Extracting by manifest.
4711 silly tarball no local data for @babel/plugin-syntax-jsx@https://registry.npmjs.org/@babel/plugin-syntax-jsx/-/plugin-syntax-jsx-7.29.7.tgz. Extracting by manifest.
4712 silly tarball no local data for @babel/plugin-transform-react-pure-annotations@https://registry.npmjs.org/@babel/plugin-transform-react-pure-annotations/-/plugin-transform-react-pure-annotations-7.29.7.tgz. Extracting by manifest.
4713 silly tarball no local data for babel-plugin-polyfill-regenerator@https://registry.npmjs.org/babel-plugin-polyfill-regenerator/-/babel-plugin-polyfill-regenerator-0.6.8.tgz. Extracting by manifest.
4714 silly tarball no local data for @babel/plugin-transform-react-jsx@https://registry.npmjs.org/@babel/plugin-transform-react-jsx/-/plugin-transform-react-jsx-7.29.7.tgz. Extracting by manifest.
4715 silly tarball no local data for babel-plugin-polyfill-corejs2@https://registry.npmjs.org/babel-plugin-polyfill-corejs2/-/babel-plugin-polyfill-corejs2-0.4.17.tgz. Extracting by manifest.
4716 silly tarball no local data for babel-plugin-polyfill-corejs3@https://registry.npmjs.org/babel-plugin-polyfill-corejs3/-/babel-plugin-polyfill-corejs3-0.13.0.tgz. Extracting by manifest.
4717 silly tarball no local data for @babel/plugin-transform-react-jsx-development@https://registry.npmjs.org/@babel/plugin-transform-react-jsx-development/-/plugin-transform-react-jsx-development-7.29.7.tgz. Extracting by manifest.
4718 silly tarball no local data for @babel/plugin-transform-react-display-name@https://registry.npmjs.org/@babel/plugin-transform-react-display-name/-/plugin-transform-react-display-name-7.29.7.tgz. Extracting by manifest.
4719 silly tarball no local data for @babel/plugin-transform-destructuring@https://registry.npmjs.org/@babel/plugin-transform-destructuring/-/plugin-transform-destructuring-7.29.7.tgz. Extracting by manifest.
4720 silly tarball no local data for @babel/plugin-syntax-flow@https://registry.npmjs.org/@babel/plugin-syntax-flow/-/plugin-syntax-flow-7.29.7.tgz. Extracting by manifest.
4721 silly tarball no local data for @babel/helper-skip-transparent-expression-wrappers@https://registry.npmjs.org/@babel/helper-skip-transparent-expression-wrappers/-/helper-skip-transparent-expression-wrappers-7.29.7.tgz. Extracting by manifest.
4722 silly tarball no local data for @babel/helper-replace-supers@https://registry.npmjs.org/@babel/helper-replace-supers/-/helper-replace-supers-7.29.7.tgz. Extracting by manifest.
4723 silly tarball no local data for @babel/helper-optimise-call-expression@https://registry.npmjs.org/@babel/helper-optimise-call-expression/-/helper-optimise-call-expression-7.29.7.tgz. Extracting by manifest.
4724 silly tarball no local data for @babel/helper-annotate-as-pure@https://registry.npmjs.org/@babel/helper-annotate-as-pure/-/helper-annotate-as-pure-7.29.7.tgz. Extracting by manifest.
4725 silly tarball no local data for @babel/plugin-syntax-decorators@https://registry.npmjs.org/@babel/plugin-syntax-decorators/-/plugin-syntax-decorators-7.29.7.tgz. Extracting by manifest.
4726 silly tarball no local data for @babel/helper-member-expression-to-functions@https://registry.npmjs.org/@babel/helper-member-expression-to-functions/-/helper-member-expression-to-functions-7.29.7.tgz. Extracting by manifest.
4727 silly tarball no local data for resolve-from@https://registry.npmjs.org/resolve-from/-/resolve-from-5.0.0.tgz. Extracting by manifest.
4728 silly tarball no local data for @babel/helper-plugin-utils@https://registry.npmjs.org/@babel/helper-plugin-utils/-/helper-plugin-utils-7.29.7.tgz. Extracting by manifest.
4729 silly tarball no local data for @babel/helper-create-class-features-plugin@https://registry.npmjs.org/@babel/helper-create-class-features-plugin/-/helper-create-class-features-plugin-7.29.7.tgz. Extracting by manifest.
4730 silly tarball no local data for babel-plugin-transform-flow-enums@https://registry.npmjs.org/babel-plugin-transform-flow-enums/-/babel-plugin-transform-flow-enums-0.0.2.tgz. Extracting by manifest.
4731 silly tarball no local data for @react-native/babel-preset@https://registry.npmjs.org/@react-native/babel-preset/-/babel-preset-0.83.6.tgz. Extracting by manifest.
4732 silly tarball no local data for babel-plugin-syntax-hermes-parser@https://registry.npmjs.org/babel-plugin-syntax-hermes-parser/-/babel-plugin-syntax-hermes-parser-0.32.1.tgz. Extracting by manifest.
4733 silly tarball no local data for @babel/preset-typescript@https://registry.npmjs.org/@babel/preset-typescript/-/preset-typescript-7.29.7.tgz. Extracting by manifest.
4734 silly tarball no local data for babel-plugin-react-compiler@https://registry.npmjs.org/babel-plugin-react-compiler/-/babel-plugin-react-compiler-1.0.0.tgz. Extracting by manifest.
4735 silly tarball no local data for babel-plugin-react-native-web@https://registry.npmjs.org/babel-plugin-react-native-web/-/babel-plugin-react-native-web-0.21.2.tgz. Extracting by manifest.
4736 silly tarball no local data for @babel/preset-react@https://registry.npmjs.org/@babel/preset-react/-/preset-react-7.29.7.tgz. Extracting by manifest.
4737 silly tarball no local data for @babel/plugin-transform-runtime@https://registry.npmjs.org/@babel/plugin-transform-runtime/-/plugin-transform-runtime-7.29.7.tgz. Extracting by manifest.
4738 silly tarball no local data for @babel/plugin-transform-object-rest-spread@https://registry.npmjs.org/@babel/plugin-transform-object-rest-spread/-/plugin-transform-object-rest-spread-7.29.7.tgz. Extracting by manifest.
4739 silly tarball no local data for @babel/plugin-transform-parameters@https://registry.npmjs.org/@babel/plugin-transform-parameters/-/plugin-transform-parameters-7.29.7.tgz. Extracting by manifest.
4740 silly tarball no local data for @babel/plugin-transform-private-property-in-object@https://registry.npmjs.org/@babel/plugin-transform-private-property-in-object/-/plugin-transform-private-property-in-object-7.29.7.tgz. Extracting by manifest.
4741 silly tarball no local data for @babel/plugin-transform-modules-commonjs@https://registry.npmjs.org/@babel/plugin-transform-modules-commonjs/-/plugin-transform-modules-commonjs-7.29.7.tgz. Extracting by manifest.
4742 silly tarball no local data for @babel/plugin-transform-private-methods@https://registry.npmjs.org/@babel/plugin-transform-private-methods/-/plugin-transform-private-methods-7.29.7.tgz. Extracting by manifest.
4743 silly tarball no local data for @babel/plugin-transform-flow-strip-types@https://registry.npmjs.org/@babel/plugin-transform-flow-strip-types/-/plugin-transform-flow-strip-types-7.29.7.tgz. Extracting by manifest.
4744 silly tarball no local data for @babel/plugin-transform-class-static-block@https://registry.npmjs.org/@babel/plugin-transform-class-static-block/-/plugin-transform-class-static-block-7.29.7.tgz. Extracting by manifest.
4745 silly tarball no local data for @babel/plugin-syntax-export-default-from@https://registry.npmjs.org/@babel/plugin-syntax-export-default-from/-/plugin-syntax-export-default-from-7.29.7.tgz. Extracting by manifest.
4746 silly tarball no local data for @babel/plugin-transform-export-namespace-from@https://registry.npmjs.org/@babel/plugin-transform-export-namespace-from/-/plugin-transform-export-namespace-from-7.29.7.tgz. Extracting by manifest.
4747 silly tarball no local data for @babel/plugin-proposal-decorators@https://registry.npmjs.org/@babel/plugin-proposal-decorators/-/plugin-proposal-decorators-7.29.7.tgz. Extracting by manifest.
4748 silly tarball no local data for @babel/plugin-proposal-export-default-from@https://registry.npmjs.org/@babel/plugin-proposal-export-default-from/-/plugin-proposal-export-default-from-7.29.7.tgz. Extracting by manifest.
4749 silly tarball no local data for proxy-from-env@https://registry.npmjs.org/proxy-from-env/-/proxy-from-env-2.1.0.tgz. Extracting by manifest.
4750 silly tarball no local data for https-proxy-agent@https://registry.npmjs.org/https-proxy-agent/-/https-proxy-agent-5.0.1.tgz. Extracting by manifest.
4751 silly tarball no local data for follow-redirects@https://registry.npmjs.org/follow-redirects/-/follow-redirects-1.16.0.tgz. Extracting by manifest.
4752 silly tarball no local data for @react-navigation/routers@https://registry.npmjs.org/@react-navigation/routers/-/routers-6.1.9.tgz. Extracting by manifest.
4753 silly tarball no local data for form-data@https://registry.npmjs.org/form-data/-/form-data-4.0.5.tgz. Extracting by manifest.
4754 silly tarball no local data for use-latest-callback@https://registry.npmjs.org/use-latest-callback/-/use-latest-callback-0.2.6.tgz. Extracting by manifest.
4755 silly tarball no local data for react-is@https://registry.npmjs.org/react-is/-/react-is-16.13.1.tgz. Extracting by manifest.
4756 silly tarball no local data for query-string@https://registry.npmjs.org/query-string/-/query-string-7.1.3.tgz. Extracting by manifest.
4757 silly tarball no local data for @react-navigation/core@https://registry.npmjs.org/@react-navigation/core/-/core-6.4.17.tgz. Extracting by manifest.
4758 silly tarball no local data for nanoid@https://registry.npmjs.org/nanoid/-/nanoid-3.3.12.tgz. Extracting by manifest.
4759 silly tarball no local data for fast-deep-equal@https://registry.npmjs.org/fast-deep-equal/-/fast-deep-equal-3.1.3.tgz. Extracting by manifest.
4760 silly tarball no local data for escape-string-regexp@https://registry.npmjs.org/escape-string-regexp/-/escape-string-regexp-4.0.0.tgz. Extracting by manifest.
4761 silly tarball no local data for @react-navigation/elements@https://registry.npmjs.org/@react-navigation/elements/-/elements-1.3.31.tgz. Extracting by manifest.
4762 silly tarball no local data for warn-once@https://registry.npmjs.org/warn-once/-/warn-once-0.1.1.tgz. Extracting by manifest.
4763 silly tarball no local data for color@https://registry.npmjs.org/color/-/color-4.2.3.tgz. Extracting by manifest.
4764 silly tarball no local data for merge-options@https://registry.npmjs.org/merge-options/-/merge-options-3.0.4.tgz. Extracting by manifest.
4765 silly tarball no local data for @jridgewell/resolve-uri@https://registry.npmjs.org/@jridgewell/resolve-uri/-/resolve-uri-3.1.2.tgz. Extracting by manifest.
4766 silly tarball no local data for @jridgewell/sourcemap-codec@https://registry.npmjs.org/@jridgewell/sourcemap-codec/-/sourcemap-codec-1.5.5.tgz. Extracting by manifest.
4767 silly tarball no local data for lru-cache@https://registry.npmjs.org/lru-cache/-/lru-cache-5.1.1.tgz. Extracting by manifest.
4768 silly tarball no local data for browserslist@https://registry.npmjs.org/browserslist/-/browserslist-4.28.2.tgz. Extracting by manifest.
4769 silly tarball no local data for @babel/helper-globals@https://registry.npmjs.org/@babel/helper-globals/-/helper-globals-7.29.7.tgz. Extracting by manifest.
4770 silly tarball no local data for @babel/helper-string-parser@https://registry.npmjs.org/@babel/helper-string-parser/-/helper-string-parser-7.29.7.tgz. Extracting by manifest.
4771 silly tarball no local data for @babel/helper-module-imports@https://registry.npmjs.org/@babel/helper-module-imports/-/helper-module-imports-7.29.7.tgz. Extracting by manifest.
4772 silly tarball no local data for jsesc@https://registry.npmjs.org/jsesc/-/jsesc-3.1.0.tgz. Extracting by manifest.
4773 silly tarball no local data for @babel/helper-validator-option@https://registry.npmjs.org/@babel/helper-validator-option/-/helper-validator-option-7.29.7.tgz. Extracting by manifest.
4774 silly tarball no local data for @babel/compat-data@https://registry.npmjs.org/@babel/compat-data/-/compat-data-7.29.7.tgz. Extracting by manifest.
4775 silly tarball no local data for @jridgewell/trace-mapping@https://registry.npmjs.org/@jridgewell/trace-mapping/-/trace-mapping-0.3.31.tgz. Extracting by manifest.
4776 silly tarball no local data for @babel/helper-validator-identifier@https://registry.npmjs.org/@babel/helper-validator-identifier/-/helper-validator-identifier-7.29.7.tgz. Extracting by manifest.
4777 silly tarball no local data for @jridgewell/gen-mapping@https://registry.npmjs.org/@jridgewell/gen-mapping/-/gen-mapping-0.3.13.tgz. Extracting by manifest.
4778 silly tarball no local data for js-tokens@https://registry.npmjs.org/js-tokens/-/js-tokens-4.0.0.tgz. Extracting by manifest.
4779 silly tarball no local data for picocolors@https://registry.npmjs.org/picocolors/-/picocolors-1.1.1.tgz. Extracting by manifest.
4780 silly tarball no local data for semver@https://registry.npmjs.org/semver/-/semver-6.3.1.tgz. Extracting by manifest.
4781 silly tarball no local data for json5@https://registry.npmjs.org/json5/-/json5-2.2.3.tgz. Extracting by manifest.
4782 silly tarball no local data for @jridgewell/remapping@https://registry.npmjs.org/@jridgewell/remapping/-/remapping-2.3.5.tgz. Extracting by manifest.
4783 silly tarball no local data for @babel/types@https://registry.npmjs.org/@babel/types/-/types-7.29.7.tgz. Extracting by manifest.
4784 silly tarball no local data for gensync@https://registry.npmjs.org/gensync/-/gensync-1.0.0-beta.2.tgz. Extracting by manifest.
4785 silly tarball no local data for debug@https://registry.npmjs.org/debug/-/debug-4.4.3.tgz. Extracting by manifest.
4786 silly tarball no local data for convert-source-map@https://registry.npmjs.org/convert-source-map/-/convert-source-map-2.0.0.tgz. Extracting by manifest.
4787 silly tarball no local data for @babel/traverse@https://registry.npmjs.org/@babel/traverse/-/traverse-7.29.7.tgz. Extracting by manifest.
4788 silly tarball no local data for @babel/helpers@https://registry.npmjs.org/@babel/helpers/-/helpers-7.29.7.tgz. Extracting by manifest.
4789 silly tarball no local data for @babel/helper-module-transforms@https://registry.npmjs.org/@babel/helper-module-transforms/-/helper-module-transforms-7.29.7.tgz. Extracting by manifest.
4790 silly tarball no local data for @babel/parser@https://registry.npmjs.org/@babel/parser/-/parser-7.29.7.tgz. Extracting by manifest.
4791 silly tarball no local data for @babel/template@https://registry.npmjs.org/@babel/template/-/template-7.29.7.tgz. Extracting by manifest.
4792 silly tarball no local data for @babel/helper-compilation-targets@https://registry.npmjs.org/@babel/helper-compilation-targets/-/helper-compilation-targets-7.29.7.tgz. Extracting by manifest.
4793 silly tarball no local data for @babel/generator@https://registry.npmjs.org/@babel/generator/-/generator-7.29.7.tgz. Extracting by manifest.
4794 silly tarball no local data for @babel/code-frame@https://registry.npmjs.org/@babel/code-frame/-/code-frame-7.29.7.tgz. Extracting by manifest.
4795 silly tarball no local data for expo-modules-core@https://registry.npmjs.org/expo-modules-core/-/expo-modules-core-3.0.30.tgz. Extracting by manifest.
4796 silly tarball no local data for expo-status-bar@https://registry.npmjs.org/expo-status-bar/-/expo-status-bar-3.0.9.tgz. Extracting by manifest.
4797 silly tarball no local data for expo-constants@https://registry.npmjs.org/expo-constants/-/expo-constants-18.0.13.tgz. Extracting by manifest.
4798 silly tarball no local data for react-refresh@https://registry.npmjs.org/react-refresh/-/react-refresh-0.18.0.tgz. Extracting by manifest.
4799 silly tarball no local data for expo-asset@https://registry.npmjs.org/expo-asset/-/expo-asset-12.0.13.tgz. Extracting by manifest.
4800 silly tarball no local data for axios@https://registry.npmjs.org/axios/-/axios-1.17.0.tgz. Extracting by manifest.
4801 silly tarball no local data for @react-navigation/native@https://registry.npmjs.org/@react-navigation/native/-/native-6.1.18.tgz. Extracting by manifest.
4802 silly tarball no local data for babel-preset-expo@https://registry.npmjs.org/babel-preset-expo/-/babel-preset-expo-55.0.22.tgz. Extracting by manifest.
4803 silly tarball no local data for @react-navigation/bottom-tabs@https://registry.npmjs.org/@react-navigation/bottom-tabs/-/bottom-tabs-6.6.1.tgz. Extracting by manifest.
4804 silly tarball no local data for react-native-screens@https://registry.npmjs.org/react-native-screens/-/react-native-screens-4.16.0.tgz. Extracting by manifest.
4805 silly tarball no local data for react-native-safe-area-context@https://registry.npmjs.org/react-native-safe-area-context/-/react-native-safe-area-context-5.6.2.tgz. Extracting by manifest.
4806 silly tarball no local data for @react-navigation/native-stack@https://registry.npmjs.org/@react-navigation/native-stack/-/native-stack-6.11.0.tgz. Extracting by manifest.
4807 silly tarball no local data for @react-native-picker/picker@https://registry.npmjs.org/@react-native-picker/picker/-/picker-2.11.1.tgz. Extracting by manifest.
4808 silly tarball no local data for @react-native-async-storage/async-storage@https://registry.npmjs.org/@react-native-async-storage/async-storage/-/async-storage-2.2.0.tgz. Extracting by manifest.
4809 silly tarball no local data for react-native@https://registry.npmjs.org/react-native/-/react-native-0.81.5.tgz. Extracting by manifest.
4810 silly tarball no local data for expo-font@https://registry.npmjs.org/expo-font/-/expo-font-14.0.12.tgz. Extracting by manifest.
4811 silly tarball no local data for react@https://registry.npmjs.org/react/-/react-19.1.0.tgz. Extracting by manifest.
4812 silly tarball no local data for expo@https://registry.npmjs.org/expo/-/expo-54.0.35.tgz. Extracting by manifest.
4813 silly tarball no local data for @babel/core@https://registry.npmjs.org/@babel/core/-/core-7.29.7.tgz. Extracting by manifest.
4814 silly tarball no local data for @expo/vector-icons@https://registry.npmjs.org/@expo/vector-icons/-/vector-icons-15.1.1.tgz. Extracting by manifest.
4815 silly tarball no local data for type-fest@https://registry.npmjs.org/type-fest/-/type-fest-0.21.3.tgz. Extracting by manifest.
4816 silly tarball no local data for has-flag@https://registry.npmjs.org/has-flag/-/has-flag-3.0.0.tgz. Extracting by manifest.
4817 silly tarball no local data for color-name@https://registry.npmjs.org/color-name/-/color-name-1.1.3.tgz. Extracting by manifest.
4818 silly tarball no local data for lru-cache@https://registry.npmjs.org/lru-cache/-/lru-cache-10.4.3.tgz. Extracting by manifest.
4819 silly tarball no local data for color-convert@https://registry.npmjs.org/color-convert/-/color-convert-1.9.3.tgz. Extracting by manifest.
4820 silly tarball no local data for escape-string-regexp@https://registry.npmjs.org/escape-string-regexp/-/escape-string-regexp-1.0.5.tgz. Extracting by manifest.
4821 silly tarball no local data for yallist@https://registry.npmjs.org/yallist/-/yallist-5.0.0.tgz. Extracting by manifest.
4822 silly tarball no local data for has-flag@https://registry.npmjs.org/has-flag/-/has-flag-3.0.0.tgz. Extracting by manifest.
4823 silly tarball no local data for supports-color@https://registry.npmjs.org/supports-color/-/supports-color-5.5.0.tgz. Extracting by manifest.
4824 silly tarball no local data for ansi-regex@https://registry.npmjs.org/ansi-regex/-/ansi-regex-4.1.1.tgz. Extracting by manifest.
4825 silly tarball no local data for resolve@https://registry.npmjs.org/resolve/-/resolve-1.7.1.tgz. Extracting by manifest.
4826 silly tarball no local data for color-name@https://registry.npmjs.org/color-name/-/color-name-1.1.3.tgz. Extracting by manifest.
4827 silly tarball no local data for ansi-styles@https://registry.npmjs.org/ansi-styles/-/ansi-styles-3.2.1.tgz. Extracting by manifest.
4828 silly tarball no local data for chalk@https://registry.npmjs.org/chalk/-/chalk-2.4.2.tgz. Extracting by manifest.
4829 silly tarball no local data for color-convert@https://registry.npmjs.org/color-convert/-/color-convert-1.9.3.tgz. Extracting by manifest.
4830 silly tarball no local data for supports-color@https://registry.npmjs.org/supports-color/-/supports-color-5.5.0.tgz. Extracting by manifest.
4831 silly tarball no local data for semver@https://registry.npmjs.org/semver/-/semver-7.8.4.tgz. Extracting by manifest.
4832 silly tarball no local data for ansi-styles@https://registry.npmjs.org/ansi-styles/-/ansi-styles-3.2.1.tgz. Extracting by manifest.
4833 silly tarball no local data for escape-string-regexp@https://registry.npmjs.org/escape-string-regexp/-/escape-string-regexp-1.0.5.tgz. Extracting by manifest.
4834 silly tarball no local data for open@https://registry.npmjs.org/open/-/open-8.4.2.tgz. Extracting by manifest.
4835 silly tarball no local data for strip-ansi@https://registry.npmjs.org/strip-ansi/-/strip-ansi-5.2.0.tgz. Extracting by manifest.
4836 silly tarball no local data for negotiator@https://registry.npmjs.org/negotiator/-/negotiator-0.6.4.tgz. Extracting by manifest.
4837 silly tarball no local data for debug@https://registry.npmjs.org/debug/-/debug-2.6.9.tgz. Extracting by manifest.
4838 silly tarball no local data for chalk@https://registry.npmjs.org/chalk/-/chalk-2.4.2.tgz. Extracting by manifest.
4839 silly tarball no local data for lru-cache@https://registry.npmjs.org/lru-cache/-/lru-cache-11.5.1.tgz. Extracting by manifest.
4840 silly tarball no local data for ms@https://registry.npmjs.org/ms/-/ms-2.0.0.tgz. Extracting by manifest.
4841 silly tarball no local data for has-flag@https://registry.npmjs.org/has-flag/-/has-flag-3.0.0.tgz. Extracting by manifest.
4842 silly tarball no local data for debug@https://registry.npmjs.org/debug/-/debug-3.2.7.tgz. Extracting by manifest.
4843 silly tarball no local data for argparse@https://registry.npmjs.org/argparse/-/argparse-2.0.1.tgz. Extracting by manifest.
4844 silly tarball no local data for color-name@https://registry.npmjs.org/color-name/-/color-name-1.1.3.tgz. Extracting by manifest.
4845 silly tarball no local data for js-yaml@https://registry.npmjs.org/js-yaml/-/js-yaml-4.2.0.tgz. Extracting by manifest.
4846 silly tarball no local data for color-convert@https://registry.npmjs.org/color-convert/-/color-convert-1.9.3.tgz. Extracting by manifest.
4847 silly tarball no local data for @xmldom/xmldom@https://registry.npmjs.org/@xmldom/xmldom/-/xmldom-0.9.10.tgz. Extracting by manifest.
4848 silly tarball no local data for escape-string-regexp@https://registry.npmjs.org/escape-string-regexp/-/escape-string-regexp-1.0.5.tgz. Extracting by manifest.
4849 silly tarball no local data for source-map@https://registry.npmjs.org/source-map/-/source-map-0.6.1.tgz. Extracting by manifest.
4850 silly tarball no local data for ansi-styles@https://registry.npmjs.org/ansi-styles/-/ansi-styles-3.2.1.tgz. Extracting by manifest.
4851 silly tarball no local data for supports-color@https://registry.npmjs.org/supports-color/-/supports-color-5.5.0.tgz. Extracting by manifest.
4852 silly tarball no local data for picomatch@https://registry.npmjs.org/picomatch/-/picomatch-4.0.4.tgz. Extracting by manifest.
4853 silly tarball no local data for chalk@https://registry.npmjs.org/chalk/-/chalk-2.4.2.tgz. Extracting by manifest.
4854 silly tarball no local data for statuses@https://registry.npmjs.org/statuses/-/statuses-2.0.2.tgz. Extracting by manifest.
4855 silly tarball no local data for statuses@https://registry.npmjs.org/statuses/-/statuses-2.0.2.tgz. Extracting by manifest.
4856 silly tarball no local data for fdir@https://registry.npmjs.org/fdir/-/fdir-6.5.0.tgz. Extracting by manifest.
4857 silly tarball no local data for p-limit@https://registry.npmjs.org/p-limit/-/p-limit-2.3.0.tgz. Extracting by manifest.
4858 silly tarball no local data for on-finished@https://registry.npmjs.org/on-finished/-/on-finished-2.4.1.tgz. Extracting by manifest.
4859 silly tarball no local data for ms@https://registry.npmjs.org/ms/-/ms-2.0.0.tgz. Extracting by manifest.
4860 silly tarball no local data for encodeurl@https://registry.npmjs.org/encodeurl/-/encodeurl-2.0.0.tgz. Extracting by manifest.
4861 silly tarball no local data for escape-string-regexp@https://registry.npmjs.org/escape-string-regexp/-/escape-string-regexp-2.0.0.tgz. Extracting by manifest.
4862 silly tarball no local data for balanced-match@https://registry.npmjs.org/balanced-match/-/balanced-match-1.0.2.tgz. Extracting by manifest.
4863 silly tarball no local data for debug@https://registry.npmjs.org/debug/-/debug-2.6.9.tgz. Extracting by manifest.
4864 silly tarball no local data for brace-expansion@https://registry.npmjs.org/brace-expansion/-/brace-expansion-1.1.15.tgz. Extracting by manifest.
4865 silly tarball no local data for minimatch@https://registry.npmjs.org/minimatch/-/minimatch-3.1.5.tgz. Extracting by manifest.
4866 silly tarball no local data for camelcase@https://registry.npmjs.org/camelcase/-/camelcase-5.3.1.tgz. Extracting by manifest.
4867 silly tarball no local data for ms@https://registry.npmjs.org/ms/-/ms-2.0.0.tgz. Extracting by manifest.
4868 silly tarball no local data for encodeurl@https://registry.npmjs.org/encodeurl/-/encodeurl-2.0.0.tgz. Extracting by manifest.
4869 silly tarball no local data for ws@https://registry.npmjs.org/ws/-/ws-6.2.4.tgz. Extracting by manifest.
4870 silly tarball no local data for debug@https://registry.npmjs.org/debug/-/debug-2.6.9.tgz. Extracting by manifest.
4871 silly tarball no local data for semver@https://registry.npmjs.org/semver/-/semver-7.8.4.tgz. Extracting by manifest.
4872 silly tarball no local data for commander@https://registry.npmjs.org/commander/-/commander-2.20.3.tgz. Extracting by manifest.
4873 silly tarball no local data for ci-info@https://registry.npmjs.org/ci-info/-/ci-info-3.9.0.tgz. Extracting by manifest.
4874 silly tarball no local data for supports-color@https://registry.npmjs.org/supports-color/-/supports-color-8.1.1.tgz. Extracting by manifest.
4875 silly tarball no local data for semver@https://registry.npmjs.org/semver/-/semver-7.8.4.tgz. Extracting by manifest.
4876 silly tarball no local data for commander@https://registry.npmjs.org/commander/-/commander-4.1.1.tgz. Extracting by manifest.
4877 silly tarball no local data for xmlbuilder@https://registry.npmjs.org/xmlbuilder/-/xmlbuilder-11.0.1.tgz. Extracting by manifest.
4878 silly tarball no local data for debug@https://registry.npmjs.org/debug/-/debug-2.6.9.tgz. Extracting by manifest.
4879 silly tarball no local data for react-is@https://registry.npmjs.org/react-is/-/react-is-18.3.1.tgz. Extracting by manifest.
4880 silly tarball no local data for debug@https://registry.npmjs.org/debug/-/debug-2.6.9.tgz. Extracting by manifest.
4881 silly tarball no local data for ms@https://registry.npmjs.org/ms/-/ms-2.0.0.tgz. Extracting by manifest.
4882 silly tarball no local data for https-proxy-agent@https://registry.npmjs.org/https-proxy-agent/-/https-proxy-agent-7.0.6.tgz. Extracting by manifest.
4883 silly tarball no local data for ansi-styles@https://registry.npmjs.org/ansi-styles/-/ansi-styles-5.2.0.tgz. Extracting by manifest.
4884 silly tarball no local data for ms@https://registry.npmjs.org/ms/-/ms-2.0.0.tgz. Extracting by manifest.
4885 silly tarball no local data for agent-base@https://registry.npmjs.org/agent-base/-/agent-base-7.1.4.tgz. Extracting by manifest.
4886 silly tarball no local data for glob@https://registry.npmjs.org/glob/-/glob-13.0.6.tgz. Extracting by manifest.
4887 silly tarball no local data for semver@https://registry.npmjs.org/semver/-/semver-7.8.4.tgz. Extracting by manifest.
4888 silly tarball no local data for @expo/json-file@https://registry.npmjs.org/@expo/json-file/-/json-file-10.0.16.tgz. Extracting by manifest.
4889 silly tarball no local data for @babel/code-frame@https://registry.npmjs.org/@babel/code-frame/-/code-frame-7.10.4.tgz. Extracting by manifest.
4890 silly tarball no local data for semver@https://registry.npmjs.org/semver/-/semver-7.8.4.tgz. Extracting by manifest.
4891 silly tarball no local data for glob@https://registry.npmjs.org/glob/-/glob-13.0.6.tgz. Extracting by manifest.
4892 silly tarball no local data for semver@https://registry.npmjs.org/semver/-/semver-7.8.4.tgz. Extracting by manifest.
4893 silly tarball no local data for glob@https://registry.npmjs.org/glob/-/glob-13.0.6.tgz. Extracting by manifest.
4894 silly tarball no local data for @babel/code-frame@https://registry.npmjs.org/@babel/code-frame/-/code-frame-7.10.4.tgz. Extracting by manifest.
4895 silly tarball no local data for brace-expansion@https://registry.npmjs.org/brace-expansion/-/brace-expansion-1.1.15.tgz. Extracting by manifest.
4896 silly tarball no local data for balanced-match@https://registry.npmjs.org/balanced-match/-/balanced-match-1.0.2.tgz. Extracting by manifest.
4897 silly tarball no local data for hermes-estree@https://registry.npmjs.org/hermes-estree/-/hermes-estree-0.32.1.tgz. Extracting by manifest.
4898 silly tarball no local data for minimatch@https://registry.npmjs.org/minimatch/-/minimatch-3.1.5.tgz. Extracting by manifest.
4899 silly tarball no local data for hermes-parser@https://registry.npmjs.org/hermes-parser/-/hermes-parser-0.32.1.tgz. Extracting by manifest.
4900 silly tarball no local data for babel-plugin-syntax-hermes-parser@https://registry.npmjs.org/babel-plugin-syntax-hermes-parser/-/babel-plugin-syntax-hermes-parser-0.32.0.tgz. Extracting by manifest.
4901 silly tarball no local data for react-refresh@https://registry.npmjs.org/react-refresh/-/react-refresh-0.14.2.tgz. Extracting by manifest.
4902 silly tarball no local data for hermes-parser@https://registry.npmjs.org/hermes-parser/-/hermes-parser-0.29.1.tgz. Extracting by manifest.
4903 silly tarball no local data for hermes-estree@https://registry.npmjs.org/hermes-estree/-/hermes-estree-0.29.1.tgz. Extracting by manifest.
4904 silly tarball no local data for ws@https://registry.npmjs.org/ws/-/ws-6.2.4.tgz. Extracting by manifest.
4905 silly tarball no local data for balanced-match@https://registry.npmjs.org/balanced-match/-/balanced-match-1.0.2.tgz. Extracting by manifest.
4906 silly tarball no local data for semver@https://registry.npmjs.org/semver/-/semver-7.8.4.tgz. Extracting by manifest.
4907 silly tarball no local data for brace-expansion@https://registry.npmjs.org/brace-expansion/-/brace-expansion-2.1.1.tgz. Extracting by manifest.
4908 silly tarball no local data for commander@https://registry.npmjs.org/commander/-/commander-12.1.0.tgz. Extracting by manifest.
4909 silly tarball no local data for react-refresh@https://registry.npmjs.org/react-refresh/-/react-refresh-0.14.2.tgz. Extracting by manifest.
4910 silly tarball no local data for hermes-estree@https://registry.npmjs.org/hermes-estree/-/hermes-estree-0.29.1.tgz. Extracting by manifest.
4911 silly tarball no local data for brace-expansion@https://registry.npmjs.org/brace-expansion/-/brace-expansion-1.1.15.tgz. Extracting by manifest.
4912 silly tarball no local data for babel-plugin-syntax-hermes-parser@https://registry.npmjs.org/babel-plugin-syntax-hermes-parser/-/babel-plugin-syntax-hermes-parser-0.29.1.tgz. Extracting by manifest.
4913 silly tarball no local data for glob@https://registry.npmjs.org/glob/-/glob-7.2.3.tgz. Extracting by manifest.
4914 silly tarball no local data for babel-plugin-syntax-hermes-parser@https://registry.npmjs.org/babel-plugin-syntax-hermes-parser/-/babel-plugin-syntax-hermes-parser-0.29.1.tgz. Extracting by manifest.
4915 silly tarball no local data for @react-native/codegen@https://registry.npmjs.org/@react-native/codegen/-/codegen-0.81.5.tgz. Extracting by manifest.
4916 silly tarball no local data for minimatch@https://registry.npmjs.org/minimatch/-/minimatch-3.1.5.tgz. Extracting by manifest.
4917 silly tarball no local data for hermes-parser@https://registry.npmjs.org/hermes-parser/-/hermes-parser-0.29.1.tgz. Extracting by manifest.
4918 silly tarball no local data for @react-native/babel-plugin-codegen@https://registry.npmjs.org/@react-native/babel-plugin-codegen/-/babel-plugin-codegen-0.81.5.tgz. Extracting by manifest.
4919 silly tarball no local data for @react-native/babel-preset@https://registry.npmjs.org/@react-native/babel-preset/-/babel-preset-0.81.5.tgz. Extracting by manifest.
4920 silly tarball no local data for @react-native/virtualized-lists@https://registry.npmjs.org/@react-native/virtualized-lists/-/virtualized-lists-0.81.5.tgz. Extracting by manifest.
4921 silly tarball no local data for @react-native/codegen@https://registry.npmjs.org/@react-native/codegen/-/codegen-0.81.5.tgz. Extracting by manifest.
4922 silly tarball no local data for @babel/code-frame@https://registry.npmjs.org/@babel/code-frame/-/code-frame-7.10.4.tgz. Extracting by manifest.
4923 silly tarball no local data for semver@https://registry.npmjs.org/semver/-/semver-7.8.4.tgz. Extracting by manifest.
4924 silly tarball no local data for picomatch@https://registry.npmjs.org/picomatch/-/picomatch-4.0.4.tgz. Extracting by manifest.
4925 silly tarball no local data for ws@https://registry.npmjs.org/ws/-/ws-8.21.0.tgz. Extracting by manifest.
4926 silly tarball no local data for @expo/json-file@https://registry.npmjs.org/@expo/json-file/-/json-file-10.0.16.tgz. Extracting by manifest.
4927 silly tarball no local data for glob@https://registry.npmjs.org/glob/-/glob-13.0.6.tgz. Extracting by manifest.
4928 silly tarball no local data for ci-info@https://registry.npmjs.org/ci-info/-/ci-info-3.9.0.tgz. Extracting by manifest.
4929 silly tarball no local data for @expo/metro-config@https://registry.npmjs.org/@expo/metro-config/-/metro-config-54.0.16.tgz. Extracting by manifest.
4930 silly tarball no local data for babel-preset-expo@https://registry.npmjs.org/babel-preset-expo/-/babel-preset-expo-54.0.11.tgz. Extracting by manifest.
4931 silly tarball no local data for expo-keep-awake@https://registry.npmjs.org/expo-keep-awake/-/expo-keep-awake-15.0.8.tgz. Extracting by manifest.
4932 silly tarball no local data for @expo/cli@https://registry.npmjs.org/@expo/cli/-/cli-54.0.25.tgz. Extracting by manifest.
4933 silly tarball no local data for react-refresh@https://registry.npmjs.org/react-refresh/-/react-refresh-0.14.2.tgz. Extracting by manifest.
4934 silly tarball no local data for expo-file-system@https://registry.npmjs.org/expo-file-system/-/expo-file-system-19.0.23.tgz. Extracting by manifest.
4935 silly tarball no local data for minimatch@https://registry.npmjs.org/minimatch/-/minimatch-9.0.9.tgz. Extracting by manifest.
4936 silly tarball no local data for @expo/prebuild-config@https://registry.npmjs.org/@expo/prebuild-config/-/prebuild-config-54.0.8.tgz. Extracting by manifest.
4937 http fetch POST 200 https://registry.npmjs.org/-/npm/v1/security/advisories/bulk 546ms
4938 silly audit report {
4938 silly audit report   uuid: [
4938 silly audit report     {
4938 silly audit report       id: 1119441,
4938 silly audit report       url: 'https://github.com/advisories/GHSA-w5hq-g745-h8pq',
4938 silly audit report       title: 'uuid: Missing buffer bounds check in v3/v5/v6 when buf is provided',
4938 silly audit report       severity: 'moderate',
4938 silly audit report       vulnerable_versions: '<11.1.1',
4938 silly audit report       cwe: [Array],
4938 silly audit report       cvss: [Object]
4938 silly audit report     }
4938 silly audit report   ],
4938 silly audit report   postcss: [
4938 silly audit report     {
4938 silly audit report       id: 1117015,
4938 silly audit report       url: 'https://github.com/advisories/GHSA-qx2v-qp2m-jg93',
4938 silly audit report       title: 'PostCSS has XSS via Unescaped </style> in its CSS Stringify Output',
4938 silly audit report       severity: 'moderate',
4938 silly audit report       vulnerable_versions: '<8.5.10',
4938 silly audit report       cwe: [Array],
4938 silly audit report       cvss: [Object]
4938 silly audit report     }
4938 silly audit report   ]
4938 silly audit report }
4939 silly packumentCache corgi:https://registry.npmjs.org/uuid cache-miss
4940 silly packumentCache corgi:https://registry.npmjs.org/postcss cache-miss
4941 http fetch GET 200 https://registry.npmjs.org/p-try/-/p-try-2.2.0.tgz 478ms (cache miss)
4942 http fetch GET 200 https://registry.npmjs.org/concat-map/-/concat-map-0.0.1.tgz 477ms (cache miss)
4943 http fetch GET 200 https://registry.npmjs.org/detect-libc/-/detect-libc-2.1.2.tgz 477ms (cache miss)
4944 http fetch GET 200 https://registry.npmjs.org/define-lazy-prop/-/define-lazy-prop-2.0.0.tgz 477ms (cache miss)
4945 http fetch GET 200 https://registry.npmjs.org/defaults/-/defaults-1.0.4.tgz 478ms (cache miss)
4946 http fetch GET 200 https://registry.npmjs.org/supports-hyperlinks/-/supports-hyperlinks-2.3.0.tgz 484ms (cache miss)
4947 http fetch GET 200 https://registry.npmjs.org/strip-json-comments/-/strip-json-comments-2.0.1.tgz 480ms (cache miss)
4948 http fetch GET 200 https://registry.npmjs.org/onetime/-/onetime-2.0.1.tgz 488ms (cache miss)
4949 http fetch GET 200 https://registry.npmjs.org/deep-extend/-/deep-extend-0.6.0.tgz 505ms (cache miss)
4950 http fetch GET 200 https://registry.npmjs.org/kleur/-/kleur-3.0.3.tgz 505ms (cache miss)
4951 http fetch GET 200 https://registry.npmjs.org/nested-error-stacks/-/nested-error-stacks-2.0.1.tgz 505ms (cache miss)
4952 http fetch GET 200 https://registry.npmjs.org/minimist/-/minimist-1.2.8.tgz 516ms (cache miss)
4953 http fetch GET 200 https://registry.npmjs.org/@isaacs/fs-minipass/-/fs-minipass-4.0.1.tgz 529ms (cache miss)
4954 http fetch GET 200 https://registry.npmjs.org/mimic-fn/-/mimic-fn-1.2.0.tgz 524ms (cache miss)
4955 http fetch GET 200 https://registry.npmjs.org/restore-cursor/-/restore-cursor-2.0.0.tgz 530ms (cache miss)
4956 http fetch GET 200 https://registry.npmjs.org/ini/-/ini-1.3.8.tgz 535ms (cache miss)
4957 http fetch GET 200 https://registry.npmjs.org/wcwidth/-/wcwidth-1.0.1.tgz 542ms (cache miss)
4958 http fetch GET 200 https://registry.npmjs.org/log-symbols/-/log-symbols-2.2.0.tgz 546ms (cache miss)
4959 http fetch GET 200 https://registry.npmjs.org/cli-cursor/-/cli-cursor-2.1.0.tgz 550ms (cache miss)
4960 http fetch GET 200 https://registry.npmjs.org/validate-npm-package-name/-/validate-npm-package-name-5.0.1.tgz 556ms (cache miss)
4961 http fetch GET 200 https://registry.npmjs.org/rc/-/rc-1.2.8.tgz 566ms (cache miss)
4962 http fetch GET 200 https://registry.npmjs.org/vary/-/vary-1.1.2.tgz 571ms (cache miss)
4963 http fetch GET 200 https://registry.npmjs.org/bytes/-/bytes-3.1.2.tgz 577ms (cache miss)
4964 http fetch GET 200 https://registry.npmjs.org/hosted-git-info/-/hosted-git-info-7.0.2.tgz 583ms (cache miss)
4965 http fetch GET 200 https://registry.npmjs.org/proc-log/-/proc-log-4.2.0.tgz 588ms (cache miss)
4966 http fetch GET 200 https://registry.npmjs.org/compressible/-/compressible-2.0.18.tgz 590ms (cache miss)
4967 http fetch GET 200 https://registry.npmjs.org/terminal-link/-/terminal-link-2.1.1.tgz 591ms (cache miss)
4968 http fetch GET 200 https://registry.npmjs.org/on-headers/-/on-headers-1.1.0.tgz 597ms (cache miss)
4969 http fetch GET 200 https://registry.npmjs.org/safe-buffer/-/safe-buffer-5.2.1.tgz 597ms (cache miss)
4970 http fetch GET 200 https://registry.npmjs.org/@expo/sudo-prompt/-/sudo-prompt-9.3.2.tgz 619ms (cache miss)
4971 http fetch GET 200 https://registry.npmjs.org/pretty-bytes/-/pretty-bytes-5.6.0.tgz 627ms (cache miss)
4972 http fetch GET 200 https://registry.npmjs.org/npm-package-arg/-/npm-package-arg-11.0.3.tgz 634ms (cache miss)
4973 http fetch GET 200 https://registry.npmjs.org/resolve.exports/-/resolve.exports-2.0.3.tgz 636ms (cache miss)
4974 http fetch GET 200 https://registry.npmjs.org/ora/-/ora-3.4.0.tgz 636ms (cache miss)
4975 http fetch GET 200 https://registry.npmjs.org/lan-network/-/lan-network-0.2.1.tgz 656ms (cache miss)
4976 http fetch GET 200 https://registry.npmjs.org/freeport-async/-/freeport-async-2.0.0.tgz 658ms (cache miss)
4977 http fetch GET 200 https://registry.npmjs.org/sisteransi/-/sisteransi-1.0.5.tgz 668ms (cache miss)
4978 http fetch GET 200 https://registry.npmjs.org/chownr/-/chownr-3.0.0.tgz 675ms (cache miss)
4979 http fetch GET 200 https://registry.npmjs.org/requireg/-/requireg-0.2.2.tgz 689ms (cache miss)
4980 http fetch GET 200 https://registry.npmjs.org/source-map-js/-/source-map-js-1.2.1.tgz 710ms (cache miss)
4981 http fetch GET 200 https://registry.npmjs.org/cli-spinners/-/cli-spinners-2.9.2.tgz 704ms (cache miss)
4982 http fetch GET 200 https://registry.npmjs.org/clone/-/clone-1.0.4.tgz 720ms (cache miss)
4983 http fetch GET 200 https://registry.npmjs.org/lightningcss/-/lightningcss-1.32.0.tgz 727ms (cache miss)
4984 http fetch GET 200 https://registry.npmjs.org/ansi-escapes/-/ansi-escapes-4.3.2.tgz 769ms (cache miss)
4985 http fetch GET 200 https://registry.npmjs.org/minizlib/-/minizlib-3.1.0.tgz 773ms (cache miss)
4986 http fetch GET 200 https://registry.npmjs.org/qrcode-terminal/-/qrcode-terminal-0.11.0.tgz 772ms (cache miss)
4987 http fetch GET 200 https://registry.npmjs.org/progress/-/progress-2.0.3.tgz 773ms (cache miss)
4988 http fetch GET 200 https://registry.npmjs.org/@expo/osascript/-/osascript-2.6.0.tgz 844ms (cache miss)
4989 http fetch GET 200 https://registry.npmjs.org/better-opn/-/better-opn-3.0.2.tgz 882ms (cache miss)
4990 http fetch GET 200 https://registry.npmjs.org/@babel/highlight/-/highlight-7.25.9.tgz 891ms (cache miss)
4991 http fetch GET 200 https://registry.npmjs.org/strip-ansi/-/strip-ansi-6.0.1.tgz 894ms (cache miss)
4992 http fetch GET 200 https://registry.npmjs.org/is-fullwidth-code-point/-/is-fullwidth-code-point-3.0.0.tgz 900ms (cache miss)
4993 http fetch GET 200 https://registry.npmjs.org/async-limiter/-/async-limiter-1.0.1.tgz 901ms (cache miss)
4994 http fetch GET 200 https://registry.npmjs.org/emoji-regex/-/emoji-regex-8.0.0.tgz 932ms (cache miss)
4995 http fetch GET 200 https://registry.npmjs.org/wrap-ansi/-/wrap-ansi-7.0.0.tgz 954ms (cache miss)
4996 http fetch GET 200 https://registry.npmjs.org/y18n/-/y18n-5.0.8.tgz 977ms (cache miss)
4997 http fetch GET 200 https://registry.npmjs.org/env-editor/-/env-editor-0.4.2.tgz 982ms (cache miss)
4998 http fetch GET 200 https://registry.npmjs.org/string-width/-/string-width-4.2.3.tgz 984ms (cache miss)
4999 http fetch GET 200 https://registry.npmjs.org/compression/-/compression-1.8.1.tgz 1000ms (cache miss)
5000 http fetch GET 200 https://registry.npmjs.org/get-caller-file/-/get-caller-file-2.0.5.tgz 994ms (cache miss)
5001 http fetch GET 200 https://registry.npmjs.org/require-directory/-/require-directory-2.1.1.tgz 1017ms (cache miss)
5002 http fetch GET 200 https://registry.npmjs.org/bplist-parser/-/bplist-parser-0.3.1.tgz 1048ms (cache miss)
5003 http fetch GET 200 https://registry.npmjs.org/simple-plist/-/simple-plist-1.3.1.tgz 1057ms (cache miss)
5004 http fetch GET 200 https://registry.npmjs.org/signal-exit/-/signal-exit-3.0.7.tgz 1058ms (cache miss)
5005 http fetch GET 200 https://registry.npmjs.org/sax/-/sax-1.6.0.tgz 1066ms (cache miss)
5006 http fetch GET 200 https://registry.npmjs.org/isexe/-/isexe-2.0.0.tgz 1099ms (cache miss)
5007 http fetch GET 200 https://registry.npmjs.org/ieee754/-/ieee754-1.2.1.tgz 1099ms (cache miss)
5008 http fetch GET 200 https://registry.npmjs.org/@urql/exchange-retry/-/exchange-retry-1.3.2.tgz 1108ms (cache miss)
5009 http fetch GET 200 https://registry.npmjs.org/unicode-property-aliases-ecmascript/-/unicode-property-aliases-ecmascript-2.2.0.tgz 1114ms (cache miss)
5010 http fetch GET 200 https://registry.npmjs.org/tmpl/-/tmpl-1.0.5.tgz 1114ms (cache miss)
5011 http fetch GET 200 https://registry.npmjs.org/makeerror/-/makeerror-1.0.12.tgz 1115ms (cache miss)
5012 http fetch GET 200 https://registry.npmjs.org/webidl-conversions/-/webidl-conversions-5.0.0.tgz 1131ms (cache miss)
5013 http fetch GET 200 https://registry.npmjs.org/unicode-canonical-property-names-ecmascript/-/unicode-canonical-property-names-ecmascript-2.0.1.tgz 1155ms (cache miss)
5014 http fetch GET 200 https://registry.npmjs.org/imurmurhash/-/imurmurhash-0.1.4.tgz 1167ms (cache miss)
5015 http fetch GET 200 https://registry.npmjs.org/escalade/-/escalade-3.2.0.tgz 1168ms (cache miss)
5016 http fetch GET 200 https://registry.npmjs.org/thenify-all/-/thenify-all-1.6.0.tgz 1175ms (cache miss)
5017 http fetch GET 200 https://registry.npmjs.org/thenify/-/thenify-3.3.1.tgz 1177ms (cache miss)
5018 http fetch GET 200 https://registry.npmjs.org/has-flag/-/has-flag-4.0.0.tgz 1176ms (cache miss)
5019 http fetch GET 200 https://registry.npmjs.org/object-assign/-/object-assign-4.1.1.tgz 1176ms (cache miss)
5020 http fetch GET 200 https://registry.npmjs.org/@0no-co/graphql.web/-/graphql.web-1.2.0.tgz 1185ms (cache miss)
5021 http fetch GET 200 https://registry.npmjs.org/buffer-from/-/buffer-from-1.1.2.tgz 1178ms (cache miss)
5022 http fetch GET 200 https://registry.npmjs.org/punycode/-/punycode-2.3.1.tgz 1182ms (cache miss)
5023 http fetch GET 200 https://registry.npmjs.org/is-number/-/is-number-7.0.0.tgz 1205ms (cache miss)
5024 http fetch GET 200 https://registry.npmjs.org/any-promise/-/any-promise-1.3.0.tgz 1204ms (cache miss)
5025 http fetch GET 200 https://registry.npmjs.org/@expo/schema-utils/-/schema-utils-0.1.8.tgz 1215ms (cache miss)
5026 http fetch GET 200 https://registry.npmjs.org/tinyglobby/-/tinyglobby-0.2.17.tgz 1208ms (cache miss)
5027 http fetch GET 200 https://registry.npmjs.org/@jridgewell/source-map/-/source-map-0.3.11.tgz 1227ms (cache miss)
5028 http fetch GET 200 https://registry.npmjs.org/shebang-regex/-/shebang-regex-3.0.0.tgz 1224ms (cache miss)
5029 http fetch GET 200 https://registry.npmjs.org/mz/-/mz-2.7.0.tgz 1226ms (cache miss)
5030 http fetch GET 200 https://registry.npmjs.org/range-parser/-/range-parser-1.2.1.tgz 1225ms (cache miss)
5031 http fetch GET 200 https://registry.npmjs.org/is-arrayish/-/is-arrayish-0.3.4.tgz 1233ms (cache miss)
5032 http fetch GET 200 https://registry.npmjs.org/toidentifier/-/toidentifier-1.0.1.tgz 1232ms (cache miss)
5033 http fetch GET 200 https://registry.npmjs.org/lines-and-columns/-/lines-and-columns-1.2.4.tgz 1233ms (cache miss)
5034 http fetch GET 200 https://registry.npmjs.org/setprototypeof/-/setprototypeof-1.2.0.tgz 1232ms (cache miss)
5035 http fetch GET 200 https://registry.npmjs.org/buffer/-/buffer-5.7.1.tgz 1252ms (cache miss)
5036 http fetch GET 200 https://registry.npmjs.org/etag/-/etag-1.8.1.tgz 1263ms (cache miss)
5037 http fetch GET 200 https://registry.npmjs.org/type-fest/-/type-fest-0.7.1.tgz 1266ms (cache miss)
5038 http fetch GET 200 https://registry.npmjs.org/http-errors/-/http-errors-2.0.1.tgz 1277ms (cache miss)
5039 http fetch GET 200 https://registry.npmjs.org/send/-/send-0.19.2.tgz 1278ms (cache miss)
5040 http fetch GET 200 https://registry.npmjs.org/destroy/-/destroy-1.2.0.tgz 1280ms (cache miss)
5041 http fetch GET 200 https://registry.npmjs.org/supports-preserve-symlinks-flag/-/supports-preserve-symlinks-flag-1.0.0.tgz 1279ms (cache miss)
5042 http fetch GET 200 https://registry.npmjs.org/path-parse/-/path-parse-1.0.7.tgz 1279ms (cache miss)
5043 http fetch GET 200 https://registry.npmjs.org/unicode-match-property-value-ecmascript/-/unicode-match-property-value-ecmascript-2.2.1.tgz 1279ms (cache miss)
5044 http fetch GET 200 https://registry.npmjs.org/unicode-match-property-ecmascript/-/unicode-match-property-ecmascript-2.0.0.tgz 1289ms (cache miss)
5045 http fetch GET 200 https://registry.npmjs.org/depd/-/depd-2.0.0.tgz 1291ms (cache miss)
5046 http fetch GET 200 https://registry.npmjs.org/fresh/-/fresh-0.5.2.tgz 1302ms (cache miss)
5047 http fetch GET 200 https://registry.npmjs.org/shell-quote/-/shell-quote-1.8.4.tgz 1303ms (cache miss)
5048 http fetch GET 200 https://registry.npmjs.org/cliui/-/cliui-8.0.1.tgz 1328ms (cache miss)
5049 http fetch GET 200 https://registry.npmjs.org/regjsgen/-/regjsgen-0.8.0.tgz 1318ms (cache miss)
5050 http fetch GET 200 https://registry.npmjs.org/react-freeze/-/react-freeze-1.0.4.tgz 1319ms (cache miss)
5051 http fetch GET 200 https://registry.npmjs.org/p-locate/-/p-locate-4.1.0.tgz 1318ms (cache miss)
5052 http fetch GET 200 https://registry.npmjs.org/stack-utils/-/stack-utils-2.0.6.tgz 1318ms (cache miss)
5053 http fetch GET 200 https://registry.npmjs.org/regenerate/-/regenerate-1.4.2.tgz 1351ms (cache miss)
5054 http fetch GET 200 https://registry.npmjs.org/marky/-/marky-1.3.0.tgz 1351ms (cache miss)
5055 http fetch GET 200 https://registry.npmjs.org/normalize-path/-/normalize-path-3.0.0.tgz 1349ms (cache miss)
5056 http fetch GET 200 https://registry.npmjs.org/@types/stack-utils/-/stack-utils-2.0.3.tgz 1383ms (cache miss)
5057 http fetch GET 200 https://registry.npmjs.org/anymatch/-/anymatch-3.1.3.tgz 1378ms (cache miss)
5058 http fetch GET 200 https://registry.npmjs.org/@types/graceful-fs/-/graceful-fs-4.1.9.tgz 1384ms (cache miss)
5059 http fetch GET 200 https://registry.npmjs.org/asap/-/asap-2.0.6.tgz 1386ms (cache miss)
5060 http fetch GET 200 https://registry.npmjs.org/jest-message-util/-/jest-message-util-29.7.0.tgz 1400ms (cache miss)
5061 http fetch GET 200 https://registry.npmjs.org/is-docker/-/is-docker-2.2.1.tgz 1400ms (cache miss)
5062 http fetch GET 200 https://registry.npmjs.org/path-exists/-/path-exists-4.0.0.tgz 1419ms (cache miss)
5063 http fetch GET 200 https://registry.npmjs.org/istanbul-lib-coverage/-/istanbul-lib-coverage-3.2.2.tgz 1422ms (cache miss)
5064 http fetch GET 200 https://registry.npmjs.org/@jest/fake-timers/-/fake-timers-29.7.0.tgz 1438ms (cache miss)
5065 http fetch GET 200 https://registry.npmjs.org/locate-path/-/locate-path-5.0.0.tgz 1439ms (cache miss)
5066 http fetch GET 200 https://registry.npmjs.org/@expo/code-signing-certificates/-/code-signing-certificates-0.0.6.tgz 1477ms (cache miss)
5067 http fetch GET 200 https://registry.npmjs.org/type-detect/-/type-detect-4.0.8.tgz 1460ms (cache miss)
5068 http fetch GET 200 https://registry.npmjs.org/mkdirp/-/mkdirp-1.0.4.tgz 1454ms (cache miss)
5069 http fetch GET 200 https://registry.npmjs.org/is-wsl/-/is-wsl-2.2.0.tgz 1454ms (cache miss)
5070 http fetch GET 200 https://registry.npmjs.org/rimraf/-/rimraf-3.0.2.tgz 1456ms (cache miss)
5071 http fetch GET 200 https://registry.npmjs.org/big-integer/-/big-integer-1.6.52.tgz 1493ms (cache miss)
5072 http fetch GET 200 https://registry.npmjs.org/@babel/plugin-syntax-object-rest-spread/-/plugin-syntax-object-rest-spread-7.8.3.tgz 1474ms (cache miss)
5073 http fetch GET 200 https://registry.npmjs.org/@babel/plugin-syntax-optional-catch-binding/-/plugin-syntax-optional-catch-binding-7.8.3.tgz 1473ms (cache miss)
5074 http fetch GET 200 https://registry.npmjs.org/@babel/plugin-syntax-top-level-await/-/plugin-syntax-top-level-await-7.14.5.tgz 1475ms (cache miss)
5075 http fetch GET 200 https://registry.npmjs.org/@babel/plugin-syntax-private-property-in-object/-/plugin-syntax-private-property-in-object-7.14.5.tgz 1475ms (cache miss)
5076 http fetch GET 200 https://registry.npmjs.org/yargs-parser/-/yargs-parser-21.1.1.tgz 1518ms (cache miss)
5077 http fetch GET 200 https://registry.npmjs.org/source-map-support/-/source-map-support-0.5.21.tgz 1512ms (cache miss)
5078 http fetch GET 200 https://registry.npmjs.org/@babel/plugin-syntax-logical-assignment-operators/-/plugin-syntax-logical-assignment-operators-7.10.4.tgz 1500ms (cache miss)
5079 http fetch GET 200 https://registry.npmjs.org/@babel/plugin-syntax-numeric-separator/-/plugin-syntax-numeric-separator-7.10.4.tgz 1502ms (cache miss)
5080 http fetch GET 200 https://registry.npmjs.org/@babel/plugin-syntax-import-attributes/-/plugin-syntax-import-attributes-7.29.7.tgz 1509ms (cache miss)
5081 http fetch GET 200 https://registry.npmjs.org/babel-preset-current-node-syntax/-/babel-preset-current-node-syntax-1.2.0.tgz 1510ms (cache miss)
5082 http fetch GET 200 https://registry.npmjs.org/@sinonjs/fake-timers/-/fake-timers-10.3.0.tgz 1615ms (cache miss)
5083 http fetch GET 200 https://registry.npmjs.org/get-package-type/-/get-package-type-0.1.0.tgz 1609ms (cache miss)
5084 http fetch GET 200 https://registry.npmjs.org/@sinonjs/commons/-/commons-3.0.1.tgz 1621ms (cache miss)
5085 http fetch GET 200 https://registry.npmjs.org/@babel/plugin-syntax-class-static-block/-/plugin-syntax-class-static-block-7.14.5.tgz 1612ms (cache miss)
5086 http fetch GET 200 https://registry.npmjs.org/@expo/ws-tunnel/-/ws-tunnel-1.0.6.tgz 1651ms (cache miss)
5087 http fetch GET 200 https://registry.npmjs.org/regjsparser/-/regjsparser-0.13.1.tgz 1640ms (cache miss)
5088 http fetch GET 200 https://registry.npmjs.org/jest-mock/-/jest-mock-29.7.0.tgz 1633ms (cache miss)
5089 http fetch GET 200 https://registry.npmjs.org/@babel/plugin-syntax-import-meta/-/plugin-syntax-import-meta-7.10.4.tgz 1630ms (cache miss)
5090 http fetch GET 200 https://registry.npmjs.org/@babel/plugin-syntax-async-generators/-/plugin-syntax-async-generators-7.8.4.tgz 1629ms (cache miss)
5091 http fetch GET 200 https://registry.npmjs.org/@babel/plugin-syntax-bigint/-/plugin-syntax-bigint-7.8.3.tgz 1630ms (cache miss)
5092 http fetch GET 200 https://registry.npmjs.org/@babel/plugin-syntax-class-properties/-/plugin-syntax-class-properties-7.12.13.tgz 1630ms (cache miss)
5093 http fetch GET 200 https://registry.npmjs.org/test-exclude/-/test-exclude-6.0.0.tgz 1643ms (cache miss)
5094 http fetch GET 200 https://registry.npmjs.org/lighthouse-logger/-/lighthouse-logger-1.4.2.tgz 1652ms (cache miss)
5095 http fetch GET 200 https://registry.npmjs.org/@babel/plugin-syntax-json-strings/-/plugin-syntax-json-strings-7.8.3.tgz 1651ms (cache miss)
5096 http fetch GET 200 https://registry.npmjs.org/find-up/-/find-up-4.1.0.tgz 1664ms (cache miss)
5097 http fetch GET 200 https://registry.npmjs.org/write-file-atomic/-/write-file-atomic-4.0.2.tgz 1671ms (cache miss)
5098 http fetch GET 200 https://registry.npmjs.org/@istanbuljs/schema/-/schema-0.1.6.tgz 1673ms (cache miss)
5099 http fetch GET 200 https://registry.npmjs.org/ts-interface-checker/-/ts-interface-checker-0.1.13.tgz 1695ms (cache miss)
5100 http fetch GET 200 https://registry.npmjs.org/wonka/-/wonka-6.3.6.tgz 1715ms (cache miss)
5101 http fetch GET 200 https://registry.npmjs.org/@jest/environment/-/environment-29.7.0.tgz 1687ms (cache miss)
5102 http fetch GET 200 https://registry.npmjs.org/jest-regex-util/-/jest-regex-util-29.6.3.tgz 1680ms (cache miss)
5103 http fetch GET 200 https://registry.npmjs.org/pirates/-/pirates-4.0.7.tgz 1681ms (cache miss)
5104 http fetch GET 200 https://registry.npmjs.org/babel-plugin-jest-hoist/-/babel-plugin-jest-hoist-29.6.3.tgz 1699ms (cache miss)
5105 http fetch GET 200 https://registry.npmjs.org/babel-preset-jest/-/babel-preset-jest-29.6.3.tgz 1696ms (cache miss)
5106 http fetch GET 200 https://registry.npmjs.org/@types/babel__template/-/babel__template-7.4.4.tgz 1700ms (cache miss)
5107 http fetch GET 200 https://registry.npmjs.org/@types/babel__core/-/babel__core-7.20.5.tgz 1698ms (cache miss)
5108 http fetch GET 200 https://registry.npmjs.org/fast-json-stable-stringify/-/fast-json-stable-stringify-2.1.0.tgz 1699ms (cache miss)
5109 http fetch GET 200 https://registry.npmjs.org/structured-headers/-/structured-headers-0.4.1.tgz 1746ms (cache miss)
5110 http fetch GET 200 https://registry.npmjs.org/@types/babel__generator/-/babel__generator-7.27.0.tgz 1718ms (cache miss)
5111 http fetch GET 200 https://registry.npmjs.org/serve-static/-/serve-static-1.16.3.tgz 1716ms (cache miss)
5112 warn deprecated rimraf@3.0.2: Rimraf versions prior to v4 are no longer supported
5113 http fetch GET 200 https://registry.npmjs.org/regenerator-runtime/-/regenerator-runtime-0.13.11.tgz 1730ms (cache miss)
5114 http fetch GET 200 https://registry.npmjs.org/stacktrace-parser/-/stacktrace-parser-0.1.11.tgz 1732ms (cache miss)
5115 http fetch GET 200 https://registry.npmjs.org/bplist-creator/-/bplist-creator-0.1.0.tgz 1769ms (cache miss)
5116 http fetch GET 200 https://registry.npmjs.org/@types/babel__traverse/-/babel__traverse-7.28.0.tgz 1753ms (cache miss)
5117 http fetch GET 200 https://registry.npmjs.org/jest-environment-node/-/jest-environment-node-29.7.0.tgz 1750ms (cache miss)
5118 http fetch GET 200 https://registry.npmjs.org/babel-jest/-/babel-jest-29.7.0.tgz 1749ms (cache miss)
5119 http fetch GET 200 https://registry.npmjs.org/ansi-regex/-/ansi-regex-5.0.1.tgz 1749ms (cache miss)
5120 http fetch GET 200 https://registry.npmjs.org/is-core-module/-/is-core-module-2.16.2.tgz 1779ms (cache miss)
5121 http fetch GET 200 https://registry.npmjs.org/strict-uri-encode/-/strict-uri-encode-2.0.0.tgz 1778ms (cache miss)
5122 http fetch GET 200 https://registry.npmjs.org/@react-native/normalize-colors/-/normalize-colors-0.81.5.tgz 1780ms (cache miss)
5123 http fetch GET 200 https://registry.npmjs.org/split-on-first/-/split-on-first-1.1.0.tgz 1780ms (cache miss)
5124 http fetch GET 200 https://registry.npmjs.org/mime/-/mime-1.6.0.tgz 1809ms (cache miss)
5125 http fetch GET 200 https://registry.npmjs.org/promise/-/promise-8.3.0.tgz 1794ms (cache miss)
5126 http fetch GET 200 https://registry.npmjs.org/filter-obj/-/filter-obj-1.1.0.tgz 1791ms (cache miss)
5127 http fetch GET 200 https://registry.npmjs.org/decode-uri-component/-/decode-uri-component-0.2.2.tgz 1791ms (cache miss)
5128 http fetch GET 200 https://registry.npmjs.org/@jest/create-cache-key-function/-/create-cache-key-function-29.7.0.tgz 1793ms (cache miss)
5129 http fetch GET 200 https://registry.npmjs.org/@istanbuljs/load-nyc-config/-/load-nyc-config-1.1.0.tgz 1810ms (cache miss)
5130 http fetch GET 200 https://registry.npmjs.org/yocto-queue/-/yocto-queue-0.1.0.tgz 1801ms (cache miss)
5131 http fetch GET 200 https://registry.npmjs.org/@react-native/assets-registry/-/assets-registry-0.81.5.tgz 1823ms (cache miss)
5132 http fetch GET 200 https://registry.npmjs.org/to-regex-range/-/to-regex-range-5.0.1.tgz 1822ms (cache miss)
5133 http fetch GET 200 https://registry.npmjs.org/balanced-match/-/balanced-match-4.0.4.tgz 1838ms (cache miss)
5134 http fetch GET 200 https://registry.npmjs.org/braces/-/braces-3.0.3.tgz 1838ms (cache miss)
5135 http fetch GET 200 https://registry.npmjs.org/camelcase/-/camelcase-6.3.0.tgz 1838ms (cache miss)
5136 http fetch GET 200 https://registry.npmjs.org/node-int64/-/node-int64-0.4.0.tgz 1841ms (cache miss)
5137 http fetch GET 200 https://registry.npmjs.org/fb-watchman/-/fb-watchman-2.0.2.tgz 1839ms (cache miss)
5138 http fetch GET 200 https://registry.npmjs.org/jest-get-type/-/jest-get-type-29.6.3.tgz 1839ms (cache miss)
5139 http fetch GET 200 https://registry.npmjs.org/leven/-/leven-3.1.0.tgz 1843ms (cache miss)
5140 http fetch GET 200 https://registry.npmjs.org/@isaacs/ttlcache/-/ttlcache-1.4.1.tgz 1854ms (cache miss)
5141 http fetch GET 200 https://registry.npmjs.org/ob1/-/ob1-0.83.3.tgz 1857ms (cache miss)
5142 http fetch GET 200 https://registry.npmjs.org/@react-native/js-polyfills/-/js-polyfills-0.81.5.tgz 1863ms (cache miss)
5143 http fetch GET 200 https://registry.npmjs.org/jest-validate/-/jest-validate-29.7.0.tgz 1858ms (cache miss)
5144 http fetch GET 200 https://registry.npmjs.org/babel-plugin-istanbul/-/babel-plugin-istanbul-6.1.1.tgz 1882ms (cache miss)
5145 http fetch GET 200 https://registry.npmjs.org/micromatch/-/micromatch-4.0.8.tgz 1874ms (cache miss)
5146 http fetch GET 200 https://registry.npmjs.org/anser/-/anser-1.4.10.tgz 1881ms (cache miss)
5147 http fetch GET 200 https://registry.npmjs.org/open/-/open-7.4.2.tgz 1894ms (cache miss)
5148 http fetch GET 200 https://registry.npmjs.org/@types/yargs-parser/-/yargs-parser-21.0.3.tgz 1884ms (cache miss)
5149 http fetch GET 200 https://registry.npmjs.org/ee-first/-/ee-first-1.1.1.tgz 1895ms (cache miss)
5150 http fetch GET 200 https://registry.npmjs.org/walker/-/walker-1.0.8.tgz 1893ms (cache miss)
5151 http fetch GET 200 https://registry.npmjs.org/@jest/schemas/-/schemas-29.6.3.tgz 1913ms (cache miss)
5152 http fetch GET 200 https://registry.npmjs.org/@types/istanbul-lib-report/-/istanbul-lib-report-3.0.3.tgz 1928ms (cache miss)
5153 http fetch GET 200 https://registry.npmjs.org/esprima/-/esprima-4.0.1.tgz 1970ms (cache miss)
5154 http fetch GET 200 https://registry.npmjs.org/whatwg-fetch/-/whatwg-fetch-3.6.20.tgz 1952ms (cache miss)
5155 http fetch GET 200 https://registry.npmjs.org/@types/istanbul-reports/-/istanbul-reports-3.0.4.tgz 1948ms (cache miss)
5156 http fetch GET 200 https://registry.npmjs.org/postcss/-/postcss-8.4.49.tgz 2019ms (cache miss)
5157 http fetch GET 200 https://registry.npmjs.org/@types/istanbul-lib-coverage/-/istanbul-lib-coverage-2.0.6.tgz 1957ms (cache miss)
5158 http fetch GET 200 https://registry.npmjs.org/bser/-/bser-2.1.1.tgz 1976ms (cache miss)
5159 http fetch GET 200 https://registry.npmjs.org/minipass/-/minipass-7.1.3.tgz 2046ms (cache miss)
5160 http fetch GET 200 https://registry.npmjs.org/vlq/-/vlq-1.0.1.tgz 2012ms (cache miss)
5161 http fetch GET 200 https://registry.npmjs.org/merge-stream/-/merge-stream-2.0.0.tgz 2006ms (cache miss)
5162 http fetch GET 200 https://registry.npmjs.org/path-scurry/-/path-scurry-2.0.2.tgz 2058ms (cache miss)
5163 http fetch GET 200 https://registry.npmjs.org/@jest/transform/-/transform-29.7.0.tgz 2031ms (cache miss)
5164 http fetch GET 200 https://registry.npmjs.org/jest-util/-/jest-util-29.7.0.tgz 2028ms (cache miss)
5165 http fetch GET 200 https://registry.npmjs.org/queue/-/queue-6.0.2.tgz 2033ms (cache miss)
5166 http fetch GET 200 https://registry.npmjs.org/on-finished/-/on-finished-2.3.0.tgz 2034ms (cache miss)
5167 http fetch GET 200 https://registry.npmjs.org/statuses/-/statuses-1.5.0.tgz 2038ms (cache miss)
5168 http fetch GET 200 https://registry.npmjs.org/escape-html/-/escape-html-1.0.3.tgz 2039ms (cache miss)
5169 http fetch GET 200 https://registry.npmjs.org/istanbul-lib-instrument/-/istanbul-lib-instrument-5.2.1.tgz 2060ms (cache miss)
5170 http fetch GET 200 https://registry.npmjs.org/unpipe/-/unpipe-1.0.0.tgz 2079ms (cache miss)
5171 http fetch GET 200 https://registry.npmjs.org/utils-merge/-/utils-merge-1.0.1.tgz 2079ms (cache miss)
5172 http fetch GET 200 https://registry.npmjs.org/encodeurl/-/encodeurl-1.0.2.tgz 2079ms (cache miss)
5173 http fetch GET 200 https://registry.npmjs.org/stackframe/-/stackframe-1.3.4.tgz 2093ms (cache miss)
5174 http fetch GET 200 https://registry.npmjs.org/finalhandler/-/finalhandler-1.1.2.tgz 2093ms (cache miss)
5175 http fetch GET 200 https://registry.npmjs.org/@urql/core/-/core-5.2.0.tgz 2172ms (cache miss)
5176 http fetch GET 200 https://registry.npmjs.org/@types/yargs/-/yargs-17.0.35.tgz 2125ms (cache miss)
5177 http fetch GET 200 https://registry.npmjs.org/negotiator/-/negotiator-0.6.3.tgz 2121ms (cache miss)
5178 http fetch GET 200 https://registry.npmjs.org/throat/-/throat-5.0.0.tgz 2134ms (cache miss)
5179 http fetch GET 200 https://registry.npmjs.org/parseurl/-/parseurl-1.3.3.tgz 2150ms (cache miss)
5180 http fetch GET 200 https://registry.npmjs.org/jsc-safe-url/-/jsc-safe-url-0.2.4.tgz 2149ms (cache miss)
5181 http fetch GET 200 https://registry.npmjs.org/graceful-fs/-/graceful-fs-4.2.11.tgz 2177ms (cache miss)
5182 http fetch GET 200 https://registry.npmjs.org/sprintf-js/-/sprintf-js-1.0.3.tgz 2224ms (cache miss)
5183 http fetch GET 200 https://registry.npmjs.org/event-target-shim/-/event-target-shim-5.0.1.tgz 2208ms (cache miss)
5184 http fetch GET 200 https://registry.npmjs.org/mime-db/-/mime-db-1.52.0.tgz 2200ms (cache miss)
5185 http fetch GET 200 https://registry.npmjs.org/serialize-error/-/serialize-error-2.1.0.tgz 2210ms (cache miss)
5186 http fetch GET 200 https://registry.npmjs.org/ci-info/-/ci-info-2.0.0.tgz 2210ms (cache miss)
5187 http fetch GET 200 https://registry.npmjs.org/acorn/-/acorn-8.17.0.tgz 2271ms (cache miss)
5188 http fetch GET 200 https://registry.npmjs.org/flow-enums-runtime/-/flow-enums-runtime-0.0.6.tgz 2226ms (cache miss)
5189 http fetch GET 200 https://registry.npmjs.org/loose-envify/-/loose-envify-1.4.0.tgz 2227ms (cache miss)
5190 http fetch GET 200 https://registry.npmjs.org/memoize-one/-/memoize-one-5.2.1.tgz 2260ms (cache miss)
5191 http fetch GET 200 https://registry.npmjs.org/yallist/-/yallist-3.1.1.tgz 2243ms (cache miss)
5192 http fetch GET 200 https://registry.npmjs.org/agent-base/-/agent-base-6.0.2.tgz 2244ms (cache miss)
5193 http fetch GET 200 https://registry.npmjs.org/is-plain-obj/-/is-plain-obj-2.1.0.tgz 2244ms (cache miss)
5194 http fetch GET 200 https://registry.npmjs.org/wrappy/-/wrappy-1.0.2.tgz 2244ms (cache miss)
5195 http fetch GET 200 https://registry.npmjs.org/accepts/-/accepts-1.3.8.tgz 2255ms (cache miss)
5196 http fetch GET 200 https://registry.npmjs.org/path-is-absolute/-/path-is-absolute-1.0.1.tgz 2267ms (cache miss)
5197 http fetch GET 200 https://registry.npmjs.org/inherits/-/inherits-2.0.4.tgz 2268ms (cache miss)
5198 http fetch GET 200 https://registry.npmjs.org/once/-/once-1.4.0.tgz 2280ms (cache miss)
5199 http fetch GET 200 https://registry.npmjs.org/inflight/-/inflight-1.0.6.tgz 2281ms (cache miss)
5200 http fetch GET 200 https://registry.npmjs.org/stream-buffers/-/stream-buffers-2.2.0.tgz 2344ms (cache miss)
5201 http fetch GET 200 https://registry.npmjs.org/math-intrinsics/-/math-intrinsics-1.1.0.tgz 2293ms (cache miss)
5202 http fetch GET 200 https://registry.npmjs.org/dunder-proto/-/dunder-proto-1.0.1.tgz 2293ms (cache miss)
5203 http fetch GET 200 https://registry.npmjs.org/fs.realpath/-/fs.realpath-1.0.0.tgz 2295ms (cache miss)
5204 http fetch GET 200 https://registry.npmjs.org/gopd/-/gopd-1.2.0.tgz 2309ms (cache miss)
5205 warn deprecated inflight@1.0.6: This module is not supported, and leaks memory. Do not use it. Check out lru-cache if you want a good and tested way to coalesce async requests by a key value, which is much more comprehensive and powerful.
5206 http fetch GET 200 https://registry.npmjs.org/has-symbols/-/has-symbols-1.1.0.tgz 2320ms (cache miss)
5207 http fetch GET 200 https://registry.npmjs.org/get-proto/-/get-proto-1.0.1.tgz 2321ms (cache miss)
5208 http fetch GET 200 https://registry.npmjs.org/es-object-atoms/-/es-object-atoms-1.1.2.tgz 2330ms (cache miss)
5209 http fetch GET 200 https://registry.npmjs.org/fill-range/-/fill-range-7.1.1.tgz 2348ms (cache miss)
5210 http fetch GET 200 https://registry.npmjs.org/function-bind/-/function-bind-1.1.2.tgz 2346ms (cache miss)
5211 http fetch GET 200 https://registry.npmjs.org/es-define-property/-/es-define-property-1.0.1.tgz 2364ms (cache miss)
5212 http fetch GET 200 https://registry.npmjs.org/delayed-stream/-/delayed-stream-1.0.0.tgz 2385ms (cache miss)
5213 http fetch GET 200 https://registry.npmjs.org/has-tostringtag/-/has-tostringtag-1.0.2.tgz 2386ms (cache miss)
5214 http fetch GET 200 https://registry.npmjs.org/@jest/types/-/types-29.6.3.tgz 2400ms (cache miss)
5215 http fetch GET 200 https://registry.npmjs.org/abort-controller/-/abort-controller-3.0.0.tgz 2412ms (cache miss)
5216 http fetch GET 200 https://registry.npmjs.org/es-errors/-/es-errors-1.3.0.tgz 2410ms (cache miss)
5217 http fetch GET 200 https://registry.npmjs.org/get-intrinsic/-/get-intrinsic-1.3.0.tgz 2410ms (cache miss)
5218 http fetch GET 200 https://registry.npmjs.org/mime-types/-/mime-types-2.1.35.tgz 2411ms (cache miss)
5219 http fetch GET 200 https://registry.npmjs.org/es-set-tostringtag/-/es-set-tostringtag-2.1.0.tgz 2410ms (cache miss)
5220 http fetch GET 200 https://registry.npmjs.org/combined-stream/-/combined-stream-1.0.8.tgz 2428ms (cache miss)
5221 http fetch GET 200 https://registry.npmjs.org/asynckit/-/asynckit-0.4.0.tgz 2428ms (cache miss)
5222 http fetch GET 200 https://registry.npmjs.org/brace-expansion/-/brace-expansion-5.0.6.tgz 2449ms (cache miss)
5223 http fetch GET 200 https://registry.npmjs.org/scheduler/-/scheduler-0.26.0.tgz 2456ms (cache miss)
5224 http fetch GET 200 https://registry.npmjs.org/lodash.throttle/-/lodash.throttle-4.1.1.tgz 2457ms (cache miss)
5225 http fetch GET 200 https://registry.npmjs.org/fontfaceobserver/-/fontfaceobserver-2.3.0.tgz 2465ms (cache miss)
5226 http fetch GET 200 https://registry.npmjs.org/react-native-is-edge-to-edge/-/react-native-is-edge-to-edge-1.3.1.tgz 2483ms (cache miss)
5227 http fetch GET 200 https://registry.npmjs.org/which/-/which-2.0.2.tgz 2481ms (cache miss)
5228 http fetch GET 200 https://registry.npmjs.org/shebang-command/-/shebang-command-2.0.0.tgz 2491ms (cache miss)
5229 http fetch GET 200 https://registry.npmjs.org/parse-png/-/parse-png-2.1.0.tgz 2514ms (cache miss)
5230 http fetch GET 200 https://registry.npmjs.org/picomatch/-/picomatch-2.3.2.tgz 2535ms (cache miss)
5231 http fetch GET 200 https://registry.npmjs.org/connect/-/connect-3.7.0.tgz 2529ms (cache miss)
5232 http fetch GET 200 https://registry.npmjs.org/supports-color/-/supports-color-7.2.0.tgz 2518ms (cache miss)
5233 http fetch GET 200 https://registry.npmjs.org/path-key/-/path-key-3.1.1.tgz 2524ms (cache miss)
5234 http fetch GET 200 https://registry.npmjs.org/error-stack-parser/-/error-stack-parser-2.1.4.tgz 2553ms (cache miss)
5235 http fetch GET 200 https://registry.npmjs.org/base64-js/-/base64-js-1.5.1.tgz 2540ms (cache miss)
5236 http fetch GET 200 https://registry.npmjs.org/cross-spawn/-/cross-spawn-7.0.6.tgz 2541ms (cache miss)
5237 http fetch GET 200 https://registry.npmjs.org/metro-transform-worker/-/metro-transform-worker-0.83.3.tgz 2541ms (cache miss)
5238 http fetch GET 200 https://registry.npmjs.org/ansi-styles/-/ansi-styles-4.3.0.tgz 2562ms (cache miss)
5239 http fetch GET 200 https://registry.npmjs.org/metro-minify-terser/-/metro-minify-terser-0.83.3.tgz 2593ms (cache miss)
5240 http fetch GET 200 https://registry.npmjs.org/metro-core/-/metro-core-0.83.3.tgz 2594ms (cache miss)
5241 http fetch GET 200 https://registry.npmjs.org/metro-cache-key/-/metro-cache-key-0.83.3.tgz 2626ms (cache miss)
5242 http fetch GET 200 https://registry.npmjs.org/metro-babel-transformer/-/metro-babel-transformer-0.83.3.tgz 2626ms (cache miss)
5243 http fetch GET 200 https://registry.npmjs.org/p-limit/-/p-limit-3.1.0.tgz 2644ms (cache miss)
5244 http fetch GET 200 https://registry.npmjs.org/chalk/-/chalk-4.1.2.tgz 2657ms (cache miss)
5245 http fetch GET 200 https://registry.npmjs.org/xml2js/-/xml2js-0.6.0.tgz 2659ms (cache miss)
5246 http fetch GET 200 https://registry.npmjs.org/slash/-/slash-3.0.0.tgz 2659ms (cache miss)
5247 http fetch GET 200 https://registry.npmjs.org/arg/-/arg-5.0.2.tgz 2660ms (cache miss)
5248 http fetch GET 200 https://registry.npmjs.org/@expo/sdk-runtime-versions/-/sdk-runtime-versions-1.0.0.tgz 2679ms (cache miss)
5249 http fetch GET 200 https://registry.npmjs.org/require-from-string/-/require-from-string-2.0.2.tgz 2692ms (cache miss)
5250 http fetch GET 200 https://registry.npmjs.org/slugify/-/slugify-1.6.9.tgz 2694ms (cache miss)
5251 http fetch GET 200 https://registry.npmjs.org/getenv/-/getenv-2.0.0.tgz 2703ms (cache miss)
5252 http fetch GET 200 https://registry.npmjs.org/@ungap/structured-clone/-/structured-clone-1.3.1.tgz 2710ms (cache miss)
5253 http fetch GET 200 https://registry.npmjs.org/@expo/json-file/-/json-file-10.2.0.tgz 2715ms (cache miss)
5254 http fetch GET 200 https://registry.npmjs.org/deepmerge/-/deepmerge-4.3.1.tgz 2722ms (cache miss)
5255 http fetch GET 200 https://registry.npmjs.org/@expo/env/-/env-2.0.11.tgz 2740ms (cache miss)
5256 http fetch GET 200 https://registry.npmjs.org/ms/-/ms-2.1.3.tgz 2737ms (cache miss)
5257 http fetch GET 200 https://registry.npmjs.org/@expo/spawn-async/-/spawn-async-1.8.0.tgz 2766ms (cache miss)
5258 http fetch GET 200 https://registry.npmjs.org/simple-swizzle/-/simple-swizzle-0.2.4.tgz 2759ms (cache miss)
5259 http fetch GET 200 https://registry.npmjs.org/color-convert/-/color-convert-2.0.1.tgz 2758ms (cache miss)
5260 http fetch GET 200 https://registry.npmjs.org/color-name/-/color-name-1.1.4.tgz 2770ms (cache miss)
5261 http fetch GET 200 https://registry.npmjs.org/hasown/-/hasown-2.0.4.tgz 2811ms (cache miss)
5262 http fetch GET 200 https://registry.npmjs.org/dotenv-expand/-/dotenv-expand-11.0.7.tgz 2811ms (cache miss)
5263 http fetch GET 200 https://registry.npmjs.org/plist/-/plist-3.1.1.tgz 2872ms (cache miss)
5264 http fetch GET 200 https://registry.npmjs.org/@expo/config-types/-/config-types-54.0.10.tgz 2802ms (cache miss)
5265 http fetch GET 200 https://registry.npmjs.org/ignore/-/ignore-5.3.2.tgz 2804ms (cache miss)
5266 http fetch GET 200 https://registry.npmjs.org/@expo/plist/-/plist-0.4.9.tgz 2814ms (cache miss)
5267 http fetch GET 200 https://registry.npmjs.org/resolve-workspace-root/-/resolve-workspace-root-2.0.1.tgz 2828ms (cache miss)
5268 http fetch GET 200 https://registry.npmjs.org/commander/-/commander-7.2.0.tgz 2856ms (cache miss)
5269 http fetch GET 200 https://registry.npmjs.org/nullthrows/-/nullthrows-1.1.1.tgz 2870ms (cache miss)
5270 http fetch GET 200 https://registry.npmjs.org/invariant/-/invariant-2.2.4.tgz 2871ms (cache miss)
5271 http fetch GET 200 https://registry.npmjs.org/lodash.debounce/-/lodash.debounce-4.0.8.tgz 2871ms (cache miss)
5272 http fetch GET 200 https://registry.npmjs.org/argparse/-/argparse-1.0.10.tgz 2999ms (cache miss)
5273 http fetch GET 200 https://registry.npmjs.org/dotenv/-/dotenv-16.4.7.tgz 2955ms (cache miss)
5274 http fetch GET 200 https://registry.npmjs.org/color-string/-/color-string-1.9.1.tgz 2952ms (cache miss)
5275 http fetch GET 200 https://registry.npmjs.org/jimp-compact/-/jimp-compact-0.16.1.tgz 2978ms (cache miss)
5276 http fetch GET 200 https://registry.npmjs.org/ws/-/ws-7.5.11.tgz 2991ms (cache miss)
5277 http fetch GET 200 https://registry.npmjs.org/jest-haste-map/-/jest-haste-map-29.7.0.tgz 3010ms (cache miss)
5278 http fetch GET 200 https://registry.npmjs.org/@babel/helper-wrap-function/-/helper-wrap-function-7.29.7.tgz 2959ms (cache miss)
5279 http fetch GET 200 https://registry.npmjs.org/@babel/plugin-transform-unicode-regex/-/plugin-transform-unicode-regex-7.29.7.tgz 2959ms (cache miss)
5280 http fetch GET 200 https://registry.npmjs.org/node-releases/-/node-releases-2.0.47.tgz 2965ms (cache miss)
5281 http fetch GET 200 https://registry.npmjs.org/@babel/plugin-transform-shorthand-properties/-/plugin-transform-shorthand-properties-7.29.7.tgz 2972ms (cache miss)
5282 http fetch GET 200 https://registry.npmjs.org/@babel/plugin-transform-sticky-regex/-/plugin-transform-sticky-regex-7.29.7.tgz 2972ms (cache miss)
5283 http fetch GET 200 https://registry.npmjs.org/update-browserslist-db/-/update-browserslist-db-1.2.3.tgz 3017ms (cache miss)
5284 http fetch GET 200 https://registry.npmjs.org/@babel/plugin-transform-numeric-separator/-/plugin-transform-numeric-separator-7.29.7.tgz 3010ms (cache miss)
5285 http fetch GET 200 https://registry.npmjs.org/@babel/plugin-transform-react-jsx-self/-/plugin-transform-react-jsx-self-7.29.7.tgz 3011ms (cache miss)
5286 http fetch GET 200 https://registry.npmjs.org/chromium-edge-launcher/-/chromium-edge-launcher-0.2.0.tgz 3074ms (cache miss)
5287 http fetch GET 200 https://registry.npmjs.org/@babel/plugin-transform-literals/-/plugin-transform-literals-7.29.7.tgz 3024ms (cache miss)
5288 http fetch GET 200 https://registry.npmjs.org/@babel/plugin-transform-named-capturing-groups-regex/-/plugin-transform-named-capturing-groups-regex-7.29.7.tgz 3024ms (cache miss)
5289 http fetch GET 200 https://registry.npmjs.org/@babel/plugin-transform-optional-catch-binding/-/plugin-transform-optional-catch-binding-7.29.7.tgz 3031ms (cache miss)
5290 http fetch GET 200 https://registry.npmjs.org/@babel/plugin-transform-nullish-coalescing-operator/-/plugin-transform-nullish-coalescing-operator-7.29.7.tgz 3038ms (cache miss)
5291 http fetch GET 200 https://registry.npmjs.org/glob/-/glob-7.2.3.tgz 3058ms (cache miss)
5292 http fetch GET 200 https://registry.npmjs.org/@babel/plugin-transform-react-jsx-source/-/plugin-transform-react-jsx-source-7.29.7.tgz 3064ms (cache miss)
5293 http fetch GET 200 https://registry.npmjs.org/@babel/plugin-transform-computed-properties/-/plugin-transform-computed-properties-7.29.7.tgz 3062ms (cache miss)
5294 http fetch GET 200 https://registry.npmjs.org/@babel/plugin-transform-logical-assignment-operators/-/plugin-transform-logical-assignment-operators-7.29.7.tgz 3154ms (cache miss)
5295 http fetch GET 200 https://registry.npmjs.org/@expo/package-manager/-/package-manager-1.12.1.tgz 3259ms (cache miss)
5296 warn deprecated glob@7.2.3: Old versions of glob are not supported, and contain widely publicized security vulnerabilities, which have been fixed in the current version. Please update. Support for old versions may be purchased (at exorbitant rates) by contacting i@izs.me
5297 http fetch GET 200 https://registry.npmjs.org/@babel/plugin-transform-optional-chaining/-/plugin-transform-optional-chaining-7.29.7.tgz 3183ms (cache miss)
5298 http fetch GET 200 https://registry.npmjs.org/@babel/plugin-transform-async-generator-functions/-/plugin-transform-async-generator-functions-7.29.7.tgz 3183ms (cache miss)
5299 http fetch GET 200 https://registry.npmjs.org/@expo/devcert/-/devcert-1.2.1.tgz 3278ms (cache miss)
5300 http fetch GET 200 https://registry.npmjs.org/@babel/plugin-transform-arrow-functions/-/plugin-transform-arrow-functions-7.29.7.tgz 3206ms (cache miss)
5301 http fetch GET 200 https://registry.npmjs.org/@babel/plugin-syntax-nullish-coalescing-operator/-/plugin-syntax-nullish-coalescing-operator-7.8.3.tgz 3207ms (cache miss)
5302 http fetch GET 200 https://registry.npmjs.org/@babel/plugin-transform-class-properties/-/plugin-transform-class-properties-7.29.7.tgz 3228ms (cache miss)
5303 http fetch GET 200 https://registry.npmjs.org/@babel/plugin-syntax-optional-chaining/-/plugin-syntax-optional-chaining-7.8.3.tgz 3229ms (cache miss)
5304 http fetch GET 200 https://registry.npmjs.org/jest-worker/-/jest-worker-29.7.0.tgz 3269ms (cache miss)
5305 http fetch GET 200 https://registry.npmjs.org/@babel/plugin-syntax-typescript/-/plugin-syntax-typescript-7.29.7.tgz 3249ms (cache miss)
5306 http fetch GET 200 https://registry.npmjs.org/@babel/plugin-syntax-dynamic-import/-/plugin-syntax-dynamic-import-7.8.3.tgz 3250ms (cache miss)
5307 http fetch GET 200 https://registry.npmjs.org/@expo/xcpretty/-/xcpretty-4.4.4.tgz 3347ms (cache miss)
5308 http fetch GET 200 https://registry.npmjs.org/@babel/plugin-syntax-jsx/-/plugin-syntax-jsx-7.29.7.tgz 3266ms (cache miss)
5309 http fetch GET 200 https://registry.npmjs.org/metro-symbolicate/-/metro-symbolicate-0.83.3.tgz 3308ms (cache miss)
5310 http fetch GET 200 https://registry.npmjs.org/babel-plugin-polyfill-regenerator/-/babel-plugin-polyfill-regenerator-0.6.8.tgz 3293ms (cache miss)
5311 http fetch GET 200 https://registry.npmjs.org/@react-native/babel-plugin-codegen/-/babel-plugin-codegen-0.83.6.tgz 3301ms (cache miss)
5312 http fetch GET 200 https://registry.npmjs.org/prompts/-/prompts-2.4.2.tgz 3396ms (cache miss)
5313 http fetch GET 200 https://registry.npmjs.org/@babel/plugin-transform-react-pure-annotations/-/plugin-transform-react-pure-annotations-7.29.7.tgz 3312ms (cache miss)
5314 http fetch GET 200 https://registry.npmjs.org/@babel/helper-remap-async-to-generator/-/helper-remap-async-to-generator-7.29.7.tgz 3322ms (cache miss)
5315 http fetch GET 200 https://registry.npmjs.org/@babel/plugin-transform-react-jsx-development/-/plugin-transform-react-jsx-development-7.29.7.tgz 3332ms (cache miss)
5316 http fetch GET 200 https://registry.npmjs.org/baseline-browser-mapping/-/baseline-browser-mapping-2.10.36.tgz 3366ms (cache miss)
5317 http fetch GET 200 https://registry.npmjs.org/@babel/plugin-syntax-flow/-/plugin-syntax-flow-7.29.7.tgz 3355ms (cache miss)
5318 http fetch GET 200 https://registry.npmjs.org/@babel/plugin-transform-react-display-name/-/plugin-transform-react-display-name-7.29.7.tgz 3357ms (cache miss)
5319 http fetch GET 200 https://registry.npmjs.org/@babel/helper-replace-supers/-/helper-replace-supers-7.29.7.tgz 3357ms (cache miss)
5320 http fetch GET 200 https://registry.npmjs.org/@babel/helper-create-regexp-features-plugin/-/helper-create-regexp-features-plugin-7.29.7.tgz 3381ms (cache miss)
5321 http fetch GET 200 https://registry.npmjs.org/@babel/helper-optimise-call-expression/-/helper-optimise-call-expression-7.29.7.tgz 3392ms (cache miss)
5322 http fetch GET 200 https://registry.npmjs.org/@babel/helper-annotate-as-pure/-/helper-annotate-as-pure-7.29.7.tgz 3393ms (cache miss)
5323 http fetch GET 200 https://registry.npmjs.org/@babel/helper-skip-transparent-expression-wrappers/-/helper-skip-transparent-expression-wrappers-7.29.7.tgz 3397ms (cache miss)
5324 http fetch GET 200 https://registry.npmjs.org/resolve-from/-/resolve-from-5.0.0.tgz 3416ms (cache miss)
5325 http fetch GET 200 https://registry.npmjs.org/@babel/plugin-transform-function-name/-/plugin-transform-function-name-7.29.7.tgz 3424ms (cache miss)
5326 http fetch GET 200 https://registry.npmjs.org/@babel/plugin-syntax-decorators/-/plugin-syntax-decorators-7.29.7.tgz 3417ms (cache miss)
5327 http fetch GET 200 https://registry.npmjs.org/@babel/helper-member-expression-to-functions/-/helper-member-expression-to-functions-7.29.7.tgz 3435ms (cache miss)
5328 http fetch GET 200 https://registry.npmjs.org/babel-plugin-syntax-hermes-parser/-/babel-plugin-syntax-hermes-parser-0.32.1.tgz 3435ms (cache miss)
5329 http fetch GET 200 https://registry.npmjs.org/@babel/plugin-transform-for-of/-/plugin-transform-for-of-7.29.7.tgz 3444ms (cache miss)
5330 http fetch GET 200 https://registry.npmjs.org/chrome-launcher/-/chrome-launcher-0.15.2.tgz 3500ms (cache miss)
5331 http fetch GET 200 https://registry.npmjs.org/whatwg-url-without-unicode/-/whatwg-url-without-unicode-8.0.0-3.tgz 3459ms (cache miss)
5332 http fetch GET 200 https://registry.npmjs.org/babel-plugin-transform-flow-enums/-/babel-plugin-transform-flow-enums-0.0.2.tgz 3452ms (cache miss)
5333 http fetch GET 200 https://registry.npmjs.org/babel-plugin-react-native-web/-/babel-plugin-react-native-web-0.21.2.tgz 3451ms (cache miss)
5334 http fetch GET 200 https://registry.npmjs.org/@xmldom/xmldom/-/xmldom-0.8.13.tgz 3491ms (cache miss)
5335 http fetch GET 200 https://registry.npmjs.org/@babel/preset-react/-/preset-react-7.29.7.tgz 3461ms (cache miss)
5336 http fetch GET 200 https://registry.npmjs.org/@babel/plugin-transform-class-static-block/-/plugin-transform-class-static-block-7.29.7.tgz 3460ms (cache miss)
5337 http fetch GET 200 https://registry.npmjs.org/@babel/plugin-transform-async-to-generator/-/plugin-transform-async-to-generator-7.29.7.tgz 3470ms (cache miss)
5338 http fetch GET 200 https://registry.npmjs.org/@babel/plugin-syntax-export-default-from/-/plugin-syntax-export-default-from-7.29.7.tgz 3461ms (cache miss)
5339 http fetch GET 200 https://registry.npmjs.org/@babel/plugin-transform-private-methods/-/plugin-transform-private-methods-7.29.7.tgz 3461ms (cache miss)
5340 http fetch GET 200 https://registry.npmjs.org/proxy-from-env/-/proxy-from-env-2.1.0.tgz 3460ms (cache miss)
5341 http fetch GET 200 https://registry.npmjs.org/@babel/plugin-transform-export-namespace-from/-/plugin-transform-export-namespace-from-7.29.7.tgz 3461ms (cache miss)
5342 http fetch GET 200 https://registry.npmjs.org/@babel/plugin-transform-modules-commonjs/-/plugin-transform-modules-commonjs-7.29.7.tgz 3463ms (cache miss)
5343 http fetch GET 200 https://registry.npmjs.org/@babel/plugin-transform-private-property-in-object/-/plugin-transform-private-property-in-object-7.29.7.tgz 3465ms (cache miss)
5344 http fetch GET 200 https://registry.npmjs.org/@babel/plugin-proposal-export-default-from/-/plugin-proposal-export-default-from-7.29.7.tgz 3463ms (cache miss)
5345 http fetch GET 200 https://registry.npmjs.org/@babel/plugin-proposal-decorators/-/plugin-proposal-decorators-7.29.7.tgz 3464ms (cache miss)
5346 http fetch GET 200 https://registry.npmjs.org/@babel/plugin-transform-flow-strip-types/-/plugin-transform-flow-strip-types-7.29.7.tgz 3465ms (cache miss)
5347 http fetch GET 200 https://registry.npmjs.org/react-is/-/react-is-16.13.1.tgz 3462ms (cache miss)
5348 http fetch GET 200 https://registry.npmjs.org/use-latest-callback/-/use-latest-callback-0.2.6.tgz 3463ms (cache miss)
5349 http fetch GET 200 https://registry.npmjs.org/follow-redirects/-/follow-redirects-1.16.0.tgz 3464ms (cache miss)
5350 http fetch GET 200 https://registry.npmjs.org/fast-deep-equal/-/fast-deep-equal-3.1.3.tgz 3462ms (cache miss)
5351 http fetch GET 200 https://registry.npmjs.org/merge-options/-/merge-options-3.0.4.tgz 3461ms (cache miss)
5352 http fetch GET 200 https://registry.npmjs.org/nanoid/-/nanoid-3.3.12.tgz 3463ms (cache miss)
5353 http fetch GET 200 https://registry.npmjs.org/warn-once/-/warn-once-0.1.1.tgz 3462ms (cache miss)
5354 http fetch GET 200 https://registry.npmjs.org/color/-/color-4.2.3.tgz 3462ms (cache miss)
5355 http fetch GET 200 https://registry.npmjs.org/@jridgewell/resolve-uri/-/resolve-uri-3.1.2.tgz 3464ms (cache miss)
5356 http fetch GET 200 https://registry.npmjs.org/lru-cache/-/lru-cache-5.1.1.tgz 3478ms (cache miss)
5357 http fetch GET 200 https://registry.npmjs.org/@babel/helper-globals/-/helper-globals-7.29.7.tgz 3482ms (cache miss)
5358 http fetch GET 200 https://registry.npmjs.org/@babel/plugin-transform-runtime/-/plugin-transform-runtime-7.29.7.tgz 3495ms (cache miss)
5359 http fetch GET 200 https://registry.npmjs.org/escape-string-regexp/-/escape-string-regexp-4.0.0.tgz 3491ms (cache miss)
5360 http fetch GET 200 https://registry.npmjs.org/jsesc/-/jsesc-3.1.0.tgz 3492ms (cache miss)
5361 http fetch GET 200 https://registry.npmjs.org/js-tokens/-/js-tokens-4.0.0.tgz 3492ms (cache miss)
5362 http fetch GET 200 https://registry.npmjs.org/@babel/helper-module-imports/-/helper-module-imports-7.29.7.tgz 3494ms (cache miss)
5363 http fetch GET 200 https://registry.npmjs.org/@babel/helper-plugin-utils/-/helper-plugin-utils-7.29.7.tgz 3513ms (cache miss)
5364 http fetch GET 200 https://registry.npmjs.org/@babel/compat-data/-/compat-data-7.29.7.tgz 3506ms (cache miss)
5365 http fetch GET 200 https://registry.npmjs.org/@babel/helper-string-parser/-/helper-string-parser-7.29.7.tgz 3508ms (cache miss)
5366 http fetch GET 200 https://registry.npmjs.org/picocolors/-/picocolors-1.1.1.tgz 3506ms (cache miss)
5367 http fetch GET 200 https://registry.npmjs.org/@react-native/babel-preset/-/babel-preset-0.83.6.tgz 3518ms (cache miss)
5368 http fetch GET 200 https://registry.npmjs.org/@babel/preset-typescript/-/preset-typescript-7.29.7.tgz 3528ms (cache miss)
5369 http fetch GET 200 https://registry.npmjs.org/@babel/plugin-transform-spread/-/plugin-transform-spread-7.29.7.tgz 3537ms (cache miss)
5370 http fetch GET 200 https://registry.npmjs.org/@babel/plugin-transform-destructuring/-/plugin-transform-destructuring-7.29.7.tgz 3536ms (cache miss)
5371 http fetch GET 200 https://registry.npmjs.org/gensync/-/gensync-1.0.0-beta.2.tgz 3519ms (cache miss)
5372 http fetch GET 200 https://registry.npmjs.org/debug/-/debug-4.4.3.tgz 3539ms (cache miss)
5373 http fetch GET 200 https://registry.npmjs.org/@jridgewell/remapping/-/remapping-2.3.5.tgz 3544ms (cache miss)
5374 http fetch GET 200 https://registry.npmjs.org/convert-source-map/-/convert-source-map-2.0.0.tgz 3543ms (cache miss)
5375 http fetch GET 200 https://registry.npmjs.org/metro-runtime/-/metro-runtime-0.83.3.tgz 3594ms (cache miss)
5376 http fetch GET 200 https://registry.npmjs.org/query-string/-/query-string-7.1.3.tgz 3563ms (cache miss)
5377 http fetch GET 200 https://registry.npmjs.org/regexpu-core/-/regexpu-core-6.4.0.tgz 3591ms (cache miss)
5378 http fetch GET 200 https://registry.npmjs.org/electron-to-chromium/-/electron-to-chromium-1.5.371.tgz 3607ms (cache miss)
5379 http fetch GET 200 https://registry.npmjs.org/call-bind-apply-helpers/-/call-bind-apply-helpers-1.0.2.tgz 3640ms (cache miss)
5380 http fetch GET 200 https://registry.npmjs.org/@babel/helper-compilation-targets/-/helper-compilation-targets-7.29.7.tgz 3597ms (cache miss)
5381 http fetch GET 200 https://registry.npmjs.org/metro-transform-plugins/-/metro-transform-plugins-0.83.3.tgz 3666ms (cache miss)
5382 http fetch GET 200 https://registry.npmjs.org/xcode/-/xcode-3.0.1.tgz 3680ms (cache miss)
5383 http fetch GET 200 https://registry.npmjs.org/@babel/plugin-transform-object-rest-spread/-/plugin-transform-object-rest-spread-7.29.7.tgz 3666ms (cache miss)
5384 http fetch GET 200 https://registry.npmjs.org/@babel/plugin-transform-classes/-/plugin-transform-classes-7.29.7.tgz 3679ms (cache miss)
5385 http fetch GET 200 https://registry.npmjs.org/pretty-format/-/pretty-format-29.7.0.tgz 3714ms (cache miss)
5386 http fetch GET 200 https://registry.npmjs.org/@babel/code-frame/-/code-frame-7.29.7.tgz 3682ms (cache miss)
5387 http fetch GET 200 https://registry.npmjs.org/@expo/require-utils/-/require-utils-55.0.5.tgz 3777ms (cache miss)
5388 http fetch GET 200 https://registry.npmjs.org/semver/-/semver-6.3.1.tgz 3747ms (cache miss)
5389 http fetch GET 200 https://registry.npmjs.org/@babel/plugin-transform-react-jsx/-/plugin-transform-react-jsx-7.29.7.tgz 3776ms (cache miss)
5390 http fetch GET 200 https://registry.npmjs.org/@babel/plugin-transform-block-scoping/-/plugin-transform-block-scoping-7.29.7.tgz 3792ms (cache miss)
5391 http fetch GET 200 https://registry.npmjs.org/babel-plugin-polyfill-corejs2/-/babel-plugin-polyfill-corejs2-0.4.17.tgz 3790ms (cache miss)
5392 http fetch GET 200 https://registry.npmjs.org/react-refresh/-/react-refresh-0.18.0.tgz 3808ms (cache miss)
5393 http fetch GET 200 https://registry.npmjs.org/form-data/-/form-data-4.0.5.tgz 3823ms (cache miss)
5394 http fetch GET 200 https://registry.npmjs.org/hermes-estree/-/hermes-estree-0.32.0.tgz 3877ms (cache miss)
5395 http fetch GET 200 https://registry.npmjs.org/color-name/-/color-name-1.1.3.tgz 3825ms (cache miss)
5396 http fetch GET 200 https://registry.npmjs.org/@babel/helper-validator-option/-/helper-validator-option-7.29.7.tgz 3848ms (cache miss)
5397 http fetch GET 200 https://registry.npmjs.org/has-flag/-/has-flag-3.0.0.tgz 3837ms (cache miss)
5398 http fetch GET 200 https://registry.npmjs.org/escape-string-regexp/-/escape-string-regexp-1.0.5.tgz 3842ms (cache miss)
5399 http fetch GET 200 https://registry.npmjs.org/@babel/helper-validator-identifier/-/helper-validator-identifier-7.29.7.tgz 3860ms (cache miss)
5400 http fetch GET 200 https://registry.npmjs.org/yallist/-/yallist-5.0.0.tgz 3854ms (cache miss)
5401 http fetch GET 200 https://registry.npmjs.org/color-convert/-/color-convert-1.9.3.tgz 3867ms (cache miss)
5402 http fetch GET 200 https://registry.npmjs.org/color-name/-/color-name-1.1.3.tgz 3881ms (cache miss)
5403 http fetch GET 200 https://registry.npmjs.org/supports-color/-/supports-color-5.5.0.tgz 3885ms (cache miss)
5404 http fetch GET 200 https://registry.npmjs.org/ansi-styles/-/ansi-styles-3.2.1.tgz 3885ms (cache miss)
5405 http fetch GET 200 https://registry.npmjs.org/has-flag/-/has-flag-3.0.0.tgz 3895ms (cache miss)
5406 http fetch GET 200 https://registry.npmjs.org/escape-string-regexp/-/escape-string-regexp-1.0.5.tgz 3896ms (cache miss)
5407 http fetch GET 200 https://registry.npmjs.org/https-proxy-agent/-/https-proxy-agent-5.0.1.tgz 3970ms (cache miss)
5408 http fetch GET 200 https://registry.npmjs.org/chalk/-/chalk-2.4.2.tgz 3972ms (cache miss)
5409 http fetch GET 200 https://registry.npmjs.org/supports-color/-/supports-color-5.5.0.tgz 3973ms (cache miss)
5410 http fetch GET 200 https://registry.npmjs.org/ansi-styles/-/ansi-styles-3.2.1.tgz 3973ms (cache miss)
5411 http fetch GET 200 https://registry.npmjs.org/@babel/plugin-transform-parameters/-/plugin-transform-parameters-7.29.7.tgz 4013ms (cache miss)
5412 http fetch GET 200 https://registry.npmjs.org/strip-ansi/-/strip-ansi-5.2.0.tgz 3988ms (cache miss)
5413 http fetch GET 200 https://registry.npmjs.org/negotiator/-/negotiator-0.6.4.tgz 3989ms (cache miss)
5414 http fetch GET 200 https://registry.npmjs.org/open/-/open-8.4.2.tgz 3990ms (cache miss)
5415 http fetch GET 200 https://registry.npmjs.org/browserslist/-/browserslist-4.28.2.tgz 4009ms (cache miss)
5416 http fetch GET 200 https://registry.npmjs.org/has-flag/-/has-flag-3.0.0.tgz 4000ms (cache miss)
5417 http fetch GET 200 https://registry.npmjs.org/expo-status-bar/-/expo-status-bar-3.0.9.tgz 4011ms (cache miss)
5418 http fetch GET 200 https://registry.npmjs.org/ms/-/ms-2.0.0.tgz 4002ms (cache miss)
5419 http fetch GET 200 https://registry.npmjs.org/color-name/-/color-name-1.1.3.tgz 4002ms (cache miss)
5420 http fetch GET 200 https://registry.npmjs.org/source-map/-/source-map-0.5.7.tgz 4084ms (cache miss)
5421 http fetch GET 200 https://registry.npmjs.org/pngjs/-/pngjs-3.4.0.tgz 4097ms (cache miss)
5422 http fetch GET 200 https://registry.npmjs.org/color-convert/-/color-convert-1.9.3.tgz 4025ms (cache miss)
5423 http fetch GET 200 https://registry.npmjs.org/chalk/-/chalk-2.4.2.tgz 4029ms (cache miss)
5424 http fetch GET 200 https://registry.npmjs.org/escape-string-regexp/-/escape-string-regexp-1.0.5.tgz 4029ms (cache miss)
5425 http fetch GET 200 https://registry.npmjs.org/ansi-styles/-/ansi-styles-3.2.1.tgz 4035ms (cache miss)
5426 http fetch GET 200 https://registry.npmjs.org/statuses/-/statuses-2.0.2.tgz 4054ms (cache miss)
5427 http fetch GET 200 https://registry.npmjs.org/@babel/plugin-transform-typescript/-/plugin-transform-typescript-7.29.7.tgz 4109ms (cache miss)
5428 http fetch GET 200 https://registry.npmjs.org/on-finished/-/on-finished-2.4.1.tgz 4075ms (cache miss)
5429 http fetch GET 200 https://registry.npmjs.org/fdir/-/fdir-6.5.0.tgz 4091ms (cache miss)
5430 http fetch GET 200 https://registry.npmjs.org/encodeurl/-/encodeurl-2.0.0.tgz 4091ms (cache miss)
5431 http fetch GET 200 https://registry.npmjs.org/statuses/-/statuses-2.0.2.tgz 4106ms (cache miss)
5432 http fetch GET 200 https://registry.npmjs.org/p-limit/-/p-limit-2.3.0.tgz 4107ms (cache miss)
5433 http fetch GET 200 https://registry.npmjs.org/color-convert/-/color-convert-1.9.3.tgz 4127ms (cache miss)
5434 http fetch GET 200 https://registry.npmjs.org/ansi-regex/-/ansi-regex-4.1.1.tgz 4131ms (cache miss)
5435 http fetch GET 200 https://registry.npmjs.org/escape-string-regexp/-/escape-string-regexp-2.0.0.tgz 4124ms (cache miss)
5436 http fetch GET 200 https://registry.npmjs.org/balanced-match/-/balanced-match-1.0.2.tgz 4140ms (cache miss)
5437 http fetch GET 200 https://registry.npmjs.org/encodeurl/-/encodeurl-2.0.0.tgz 4151ms (cache miss)
5438 http fetch GET 200 https://registry.npmjs.org/minimatch/-/minimatch-3.1.5.tgz 4153ms (cache miss)
5439 http fetch GET 200 https://registry.npmjs.org/camelcase/-/camelcase-5.3.1.tgz 4154ms (cache miss)
5440 http fetch GET 200 https://registry.npmjs.org/brace-expansion/-/brace-expansion-1.1.15.tgz 4155ms (cache miss)
5441 http fetch GET 200 https://registry.npmjs.org/js-yaml/-/js-yaml-3.14.2.tgz 4262ms (cache miss)
5442 http fetch GET 200 https://registry.npmjs.org/ms/-/ms-2.0.0.tgz 4166ms (cache miss)
5443 http fetch GET 200 https://registry.npmjs.org/supports-color/-/supports-color-8.1.1.tgz 4181ms (cache miss)
5444 http fetch GET 200 https://registry.npmjs.org/uuid/-/uuid-7.0.3.tgz 4323ms (cache miss)
5445 warn deprecated uuid@7.0.3: uuid@10 and below is no longer supported.  For ESM codebases, update to uuid@latest.  For CommonJS codebases, use uuid@11 (but be aware this version will likely be deprecated in 2028).
5446 http fetch GET 200 https://registry.npmjs.org/ci-info/-/ci-info-3.9.0.tgz 4223ms (cache miss)
5447 http fetch GET 200 https://registry.npmjs.org/react-is/-/react-is-18.3.1.tgz 4222ms (cache miss)
5448 http fetch GET 200 https://registry.npmjs.org/chalk/-/chalk-2.4.2.tgz 4236ms (cache miss)
5449 http fetch GET 200 https://registry.npmjs.org/ansi-styles/-/ansi-styles-5.2.0.tgz 4242ms (cache miss)
5450 http fetch GET 200 https://registry.npmjs.org/@babel/plugin-transform-regenerator/-/plugin-transform-regenerator-7.29.7.tgz 4306ms (cache miss)
5451 http fetch GET 200 https://registry.npmjs.org/agent-base/-/agent-base-7.1.4.tgz 4260ms (cache miss)
5452 http fetch GET 200 https://registry.npmjs.org/ms/-/ms-2.0.0.tgz 4272ms (cache miss)
5453 http fetch GET 200 https://registry.npmjs.org/supports-color/-/supports-color-5.5.0.tgz 4279ms (cache miss)
5454 http fetch GET 200 https://registry.npmjs.org/ms/-/ms-2.0.0.tgz 4278ms (cache miss)
5455 http fetch GET 200 https://registry.npmjs.org/babel-plugin-polyfill-corejs3/-/babel-plugin-polyfill-corejs3-0.13.0.tgz 4325ms (cache miss)
5456 http fetch GET 200 https://registry.npmjs.org/@babel/helper-define-polyfill-provider/-/helper-define-polyfill-provider-0.6.8.tgz 4365ms (cache miss)
5457 http fetch GET 200 https://registry.npmjs.org/@babel/code-frame/-/code-frame-7.10.4.tgz 4319ms (cache miss)
5458 http fetch GET 200 https://registry.npmjs.org/debug/-/debug-3.2.7.tgz 4330ms (cache miss)
5459 http fetch GET 200 https://registry.npmjs.org/argparse/-/argparse-2.0.1.tgz 4348ms (cache miss)
5460 http fetch GET 200 https://registry.npmjs.org/commander/-/commander-2.20.3.tgz 4350ms (cache miss)
5461 http fetch GET 200 https://registry.npmjs.org/brace-expansion/-/brace-expansion-1.1.15.tgz 4354ms (cache miss)
5462 http fetch GET 200 https://registry.npmjs.org/@babel/code-frame/-/code-frame-7.10.4.tgz 4359ms (cache miss)
5463 http fetch GET 200 https://registry.npmjs.org/balanced-match/-/balanced-match-1.0.2.tgz 4363ms (cache miss)
5464 http fetch GET 200 https://registry.npmjs.org/metro-cache/-/metro-cache-0.83.3.tgz 4436ms (cache miss)
5465 http fetch GET 200 https://registry.npmjs.org/commander/-/commander-4.1.1.tgz 4384ms (cache miss)
5466 http fetch GET 200 https://registry.npmjs.org/@expo/image-utils/-/image-utils-0.8.14.tgz 4464ms (cache miss)
5467 http fetch GET 200 https://registry.npmjs.org/picomatch/-/picomatch-4.0.4.tgz 4409ms (cache miss)
5468 http fetch GET 200 https://registry.npmjs.org/ms/-/ms-2.0.0.tgz 4420ms (cache miss)
5469 http fetch GET 200 https://registry.npmjs.org/https-proxy-agent/-/https-proxy-agent-7.0.6.tgz 4420ms (cache miss)
5470 http fetch GET 200 https://registry.npmjs.org/minimatch/-/minimatch-3.1.5.tgz 4426ms (cache miss)
5471 http fetch GET 200 https://registry.npmjs.org/@babel/helper-module-transforms/-/helper-module-transforms-7.29.7.tgz 4461ms (cache miss)
5472 http fetch GET 200 https://registry.npmjs.org/core-js-compat/-/core-js-compat-3.49.0.tgz 4494ms (cache miss)
5473 http fetch GET 200 https://registry.npmjs.org/@babel/template/-/template-7.29.7.tgz 4480ms (cache miss)
5474 http fetch GET 200 https://registry.npmjs.org/@react-native/community-cli-plugin/-/community-cli-plugin-0.81.5.tgz 4599ms (cache miss)
5475 http fetch GET 200 https://registry.npmjs.org/@babel/helper-create-class-features-plugin/-/helper-create-class-features-plugin-7.29.7.tgz 4570ms (cache miss)
5476 http fetch GET 200 https://registry.npmjs.org/balanced-match/-/balanced-match-1.0.2.tgz 4537ms (cache miss)
5477 http fetch GET 200 https://registry.npmjs.org/json5/-/json5-2.2.3.tgz 4609ms (cache miss)
5478 http fetch GET 200 https://registry.npmjs.org/babel-plugin-syntax-hermes-parser/-/babel-plugin-syntax-hermes-parser-0.32.0.tgz 4610ms (cache miss)
5479 http fetch GET 200 https://registry.npmjs.org/undici-types/-/undici-types-7.24.6.tgz 4718ms (cache miss)
5480 http fetch GET 200 https://registry.npmjs.org/debug/-/debug-2.6.9.tgz 4644ms (cache miss)
5481 http fetch GET 200 https://registry.npmjs.org/@sinclair/typebox/-/typebox-0.27.10.tgz 4766ms (cache miss)
5482 http fetch GET 200 https://registry.npmjs.org/@expo/json-file/-/json-file-10.0.16.tgz 4697ms (cache miss)
5483 http fetch GET 200 https://registry.npmjs.org/brace-expansion/-/brace-expansion-1.1.15.tgz 4736ms (cache miss)
5484 http fetch GET 200 https://registry.npmjs.org/babel-plugin-syntax-hermes-parser/-/babel-plugin-syntax-hermes-parser-0.29.1.tgz 4752ms (cache miss)
5485 http fetch GET 200 https://registry.npmjs.org/ws/-/ws-6.2.4.tgz 4770ms (cache miss)
5486 http fetch GET 200 https://registry.npmjs.org/@jridgewell/sourcemap-codec/-/sourcemap-codec-1.5.5.tgz 4798ms (cache miss)
5487 http fetch GET 200 https://registry.npmjs.org/minimatch/-/minimatch-3.1.5.tgz 4765ms (cache miss)
5488 http fetch GET 200 https://registry.npmjs.org/debug/-/debug-2.6.9.tgz 4784ms (cache miss)
5489 http fetch GET 200 https://registry.npmjs.org/debug/-/debug-2.6.9.tgz 4790ms (cache miss)
5490 http fetch GET 200 https://registry.npmjs.org/@react-native/babel-plugin-codegen/-/babel-plugin-codegen-0.81.5.tgz 4787ms (cache miss)
5491 http fetch GET 200 https://registry.npmjs.org/babel-plugin-syntax-hermes-parser/-/babel-plugin-syntax-hermes-parser-0.29.1.tgz 4792ms (cache miss)
5492 http fetch GET 200 https://registry.npmjs.org/exponential-backoff/-/exponential-backoff-3.1.3.tgz 4899ms (cache miss)
5493 http fetch GET 200 https://registry.npmjs.org/@react-native/babel-preset/-/babel-preset-0.81.5.tgz 4804ms (cache miss)
5494 http fetch GET 200 https://registry.npmjs.org/node-forge/-/node-forge-1.4.0.tgz 4965ms (cache miss)
5495 http fetch GET 200 https://registry.npmjs.org/debug/-/debug-2.6.9.tgz 4827ms (cache miss)
5496 http fetch GET 200 https://registry.npmjs.org/debug/-/debug-2.6.9.tgz 4912ms (cache miss)
5497 http fetch GET 200 https://registry.npmjs.org/glob/-/glob-7.2.3.tgz 4929ms (cache miss)
5498 http fetch GET 200 https://registry.npmjs.org/@xmldom/xmldom/-/xmldom-0.9.10.tgz 4958ms (cache miss)
5499 http fetch GET 200 https://registry.npmjs.org/react-refresh/-/react-refresh-0.14.2.tgz 4950ms (cache miss)
5500 warn deprecated glob@7.2.3: Old versions of glob are not supported, and contain widely publicized security vulnerabilities, which have been fixed in the current version. Please update. Support for old versions may be purchased (at exorbitant rates) by contacting i@izs.me
5501 http fetch GET 200 https://registry.npmjs.org/@expo/json-file/-/json-file-10.0.16.tgz 4952ms (cache miss)
5502 http fetch GET 200 https://registry.npmjs.org/brace-expansion/-/brace-expansion-2.1.1.tgz 4957ms (cache miss)
5503 http fetch GET 200 https://registry.npmjs.org/ci-info/-/ci-info-3.9.0.tgz 4955ms (cache miss)
5504 http fetch GET 200 https://registry.npmjs.org/react-refresh/-/react-refresh-0.14.2.tgz 4995ms (cache miss)
5505 http fetch GET 200 https://registry.npmjs.org/react/-/react-19.1.0.tgz 5063ms (cache miss)
5506 http fetch GET 200 https://registry.npmjs.org/@jridgewell/gen-mapping/-/gen-mapping-0.3.13.tgz 5075ms (cache miss)
5507 http fetch GET 200 https://registry.npmjs.org/uuid 4838ms (cache miss)
5508 silly packumentCache corgi:https://registry.npmjs.org/uuid set size:undefined disposed:false
5509 http fetch GET 200 https://registry.npmjs.org/ws/-/ws-6.2.4.tgz 5122ms (cache miss)
5510 http fetch GET 200 https://registry.npmjs.org/lru-cache/-/lru-cache-10.4.3.tgz 5156ms (cache miss)
5511 http fetch GET 200 https://registry.npmjs.org/react-refresh/-/react-refresh-0.14.2.tgz 5145ms (cache miss)
5512 http fetch GET 200 https://registry.npmjs.org/picomatch/-/picomatch-4.0.4.tgz 5151ms (cache miss)
5513 http fetch GET 200 https://registry.npmjs.org/@react-native/dev-middleware/-/dev-middleware-0.81.5.tgz 5279ms (cache miss)
5514 http fetch GET 200 https://registry.npmjs.org/image-size/-/image-size-1.2.1.tgz 5272ms (cache miss)
5515 http fetch GET 200 https://registry.npmjs.org/commander/-/commander-12.1.0.tgz 5230ms (cache miss)
5516 http fetch GET 200 https://registry.npmjs.org/postcss 5002ms (cache miss)
5517 silly packumentCache corgi:https://registry.npmjs.org/postcss set size:undefined disposed:false
5518 http fetch GET 200 https://registry.npmjs.org/xmlbuilder/-/xmlbuilder-15.1.1.tgz 5365ms (cache miss)
5519 http fetch GET 200 https://registry.npmjs.org/metro-config/-/metro-config-0.83.3.tgz 5365ms (cache miss)
5520 http fetch GET 200 https://registry.npmjs.org/@babel/parser/-/parser-7.29.7.tgz 5351ms (cache miss)
5521 silly packumentCache corgi:https://registry.npmjs.org/xcode cache-miss
5522 http fetch GET 200 https://registry.npmjs.org/metro-source-map/-/metro-source-map-0.83.3.tgz 5439ms (cache miss)
5523 http fetch GET 200 https://registry.npmjs.org/babel-preset-expo/-/babel-preset-expo-55.0.22.tgz 5395ms (cache miss)
5524 http fetch GET 200 https://registry.npmjs.org/@babel/code-frame/-/code-frame-7.10.4.tgz 5372ms (cache miss)
5525 http fetch GET 200 https://registry.npmjs.org/hermes-estree/-/hermes-estree-0.29.1.tgz 5410ms (cache miss)
5526 http fetch GET 200 https://registry.npmjs.org/@expo/config/-/config-12.0.13.tgz 5518ms (cache miss)
5527 http fetch GET 200 https://registry.npmjs.org/minimatch/-/minimatch-10.2.5.tgz 5569ms (cache miss)
5528 http fetch GET 200 https://registry.npmjs.org/hermes-estree/-/hermes-estree-0.29.1.tgz 5500ms (cache miss)
5529 http fetch GET 200 https://registry.npmjs.org/ws/-/ws-8.21.0.tgz 5500ms (cache miss)
5530 http fetch GET 200 https://registry.npmjs.org/@babel/traverse/-/traverse-7.29.7.tgz 5633ms (cache miss)
5531 http fetch GET 200 https://registry.npmjs.org/type-fest/-/type-fest-0.21.3.tgz 5569ms (cache miss)
5532 http fetch GET 200 https://registry.npmjs.org/@jridgewell/trace-mapping/-/trace-mapping-0.3.31.tgz 5636ms (cache miss)
5533 http fetch GET 200 https://registry.npmjs.org/@babel/generator/-/generator-7.29.7.tgz 5656ms (cache miss)
5534 http fetch GET 200 https://registry.npmjs.org/terser/-/terser-5.48.0.tgz 5732ms (cache miss)
5535 http fetch GET 200 https://registry.npmjs.org/@react-navigation/routers/-/routers-6.1.9.tgz 5686ms (cache miss)
5536 http fetch GET 200 https://registry.npmjs.org/@expo/devtools/-/devtools-0.1.8.tgz 5715ms (cache miss)
5537 warn deprecated @react-navigation/routers@6.1.9: This version is no longer supported
5538 http fetch GET 200 https://registry.npmjs.org/metro-resolver/-/metro-resolver-0.83.3.tgz 5740ms (cache miss)
5539 http fetch GET 200 https://registry.npmjs.org/xmlbuilder/-/xmlbuilder-11.0.1.tgz 5724ms (cache miss)
5540 http fetch GET 200 https://registry.npmjs.org/expo-constants/-/expo-constants-18.0.13.tgz 5755ms (cache miss)
5541 http fetch GET 200 https://registry.npmjs.org/yargs/-/yargs-17.7.2.tgz 5792ms (cache miss)
5542 http fetch GET 200 https://registry.npmjs.org/@react-native/virtualized-lists/-/virtualized-lists-0.81.5.tgz 5761ms (cache miss)
5543 http fetch GET 200 https://registry.npmjs.org/js-yaml/-/js-yaml-4.2.0.tgz 5811ms (cache miss)
5544 http fetch GET 200 https://registry.npmjs.org/semver/-/semver-7.8.4.tgz 5817ms (cache miss)
5545 http fetch GET 200 https://registry.npmjs.org/babel-plugin-react-compiler/-/babel-plugin-react-compiler-1.0.0.tgz 5905ms (cache miss)
5546 http fetch GET 200 https://registry.npmjs.org/semver/-/semver-7.8.4.tgz 5885ms (cache miss)
5547 http fetch GET 200 https://registry.npmjs.org/babel-preset-expo/-/babel-preset-expo-54.0.11.tgz 5894ms (cache miss)
5548 http fetch GET 200 https://registry.npmjs.org/semver/-/semver-7.8.4.tgz 5922ms (cache miss)
5549 http fetch GET 200 https://registry.npmjs.org/semver/-/semver-7.8.4.tgz 5961ms (cache miss)
5550 http fetch GET 200 https://registry.npmjs.org/semver/-/semver-7.8.4.tgz 5961ms (cache miss)
5551 http fetch GET 200 https://registry.npmjs.org/semver/-/semver-7.8.4.tgz 6056ms (cache miss)
5552 http fetch GET 200 https://registry.npmjs.org/@babel/traverse/-/traverse-7.29.7.tgz 6141ms (cache miss)
5553 http fetch GET 200 https://registry.npmjs.org/semver/-/semver-7.8.4.tgz 6166ms (cache miss)
5554 http fetch GET 200 https://registry.npmjs.org/semver/-/semver-7.8.4.tgz 6198ms (cache miss)
5555 http fetch GET 200 https://registry.npmjs.org/metro-file-map/-/metro-file-map-0.83.3.tgz 6366ms (cache miss)
5556 http fetch GET 200 https://registry.npmjs.org/minimatch/-/minimatch-9.0.9.tgz 6356ms (cache miss)
5557 http fetch GET 200 https://registry.npmjs.org/xcode 1037ms (cache miss)
5558 silly packumentCache corgi:https://registry.npmjs.org/xcode set size:undefined disposed:false
5559 http fetch GET 200 https://registry.npmjs.org/expo-keep-awake/-/expo-keep-awake-15.0.8.tgz 6472ms (cache miss)
5560 http fetch GET 200 https://registry.npmjs.org/@expo/fingerprint/-/fingerprint-0.15.5.tgz 6543ms (cache miss)
5561 http fetch GET 200 https://registry.npmjs.org/lightningcss-win32-x64-msvc/-/lightningcss-win32-x64-msvc-1.32.0.tgz 6668ms (cache miss)
5562 silly packumentCache corgi:https://registry.npmjs.org/@expo%2fmetro-config cache-miss
5563 http fetch GET 200 https://registry.npmjs.org/resolve/-/resolve-1.7.1.tgz 6557ms (cache miss)
5564 http fetch GET 200 https://registry.npmjs.org/hermes-parser/-/hermes-parser-0.32.0.tgz 6711ms (cache miss)
5565 http fetch GET 200 https://registry.npmjs.org/glob/-/glob-13.0.6.tgz 6713ms (cache miss)
5566 http fetch GET 200 https://registry.npmjs.org/glob/-/glob-13.0.6.tgz 6736ms (cache miss)
5567 http fetch GET 200 https://registry.npmjs.org/glob/-/glob-13.0.6.tgz 6745ms (cache miss)
5568 http fetch GET 200 https://registry.npmjs.org/@react-navigation/native-stack/-/native-stack-6.11.0.tgz 6772ms (cache miss)
5569 http fetch GET 200 https://registry.npmjs.org/@types/node/-/node-25.9.3.tgz 6898ms (cache miss)
5570 http fetch GET 200 https://registry.npmjs.org/@expo%2fmetro-config 346ms (cache miss)
5571 silly packumentCache corgi:https://registry.npmjs.org/@expo%2fmetro-config set size:undefined disposed:false
5572 http fetch GET 200 https://registry.npmjs.org/@react-navigation/bottom-tabs/-/bottom-tabs-6.6.1.tgz 6935ms (cache miss)
5573 warn deprecated @react-navigation/bottom-tabs@6.6.1: This version is no longer supported
5574 http fetch GET 200 https://registry.npmjs.org/resolve/-/resolve-1.22.12.tgz 6982ms (cache miss)
5575 http fetch GET 200 https://registry.npmjs.org/expo-server/-/expo-server-1.0.7.tgz 7081ms (cache miss)
5576 http fetch GET 200 https://registry.npmjs.org/glob/-/glob-13.0.6.tgz 6935ms (cache miss)
5577 silly packumentCache corgi:https://registry.npmjs.org/@expo%2fconfig-plugins cache-miss
5578 http fetch GET 200 https://registry.npmjs.org/axios/-/axios-1.17.0.tgz 7003ms (cache miss)
5579 http fetch GET 200 https://registry.npmjs.org/@react-native/gradle-plugin/-/gradle-plugin-0.81.5.tgz 7116ms (cache miss)
5580 http fetch GET 200 https://registry.npmjs.org/hermes-parser/-/hermes-parser-0.29.1.tgz 7030ms (cache miss)
5581 http fetch GET 200 https://registry.npmjs.org/hermes-parser/-/hermes-parser-0.32.1.tgz 7035ms (cache miss)
5582 http fetch GET 200 https://registry.npmjs.org/hermes-parser/-/hermes-parser-0.29.1.tgz 7077ms (cache miss)
5583 http fetch GET 200 https://registry.npmjs.org/undici/-/undici-6.26.0.tgz 7314ms (cache miss)
5584 http fetch GET 200 https://registry.npmjs.org/@expo%2fconfig-plugins 228ms (cache miss)
5585 silly packumentCache corgi:https://registry.npmjs.org/@expo%2fconfig-plugins set size:undefined disposed:false
5586 silly packumentCache corgi:https://registry.npmjs.org/expo cache-miss
5587 silly packumentCache corgi:https://registry.npmjs.org/@expo%2fcli cache-miss
5588 http fetch GET 200 https://registry.npmjs.org/hermes-estree/-/hermes-estree-0.32.1.tgz 7281ms (cache miss)
5589 http fetch GET 200 https://registry.npmjs.org/lru-cache/-/lru-cache-11.5.1.tgz 7296ms (cache miss)
5590 http fetch GET 200 https://registry.npmjs.org/@babel/core/-/core-7.29.7.tgz 7327ms (cache miss)
5591 http fetch GET 200 https://registry.npmjs.org/expo-font/-/expo-font-14.0.12.tgz 7339ms (cache miss)
5592 http fetch GET 200 https://registry.npmjs.org/@react-native-async-storage/async-storage/-/async-storage-2.2.0.tgz 7362ms (cache miss)
5593 http fetch GET 200 https://registry.npmjs.org/expo-asset/-/expo-asset-12.0.13.tgz 7492ms (cache miss)
5594 http fetch GET 200 https://registry.npmjs.org/@expo%2fcli 536ms (cache miss)
5595 silly packumentCache corgi:https://registry.npmjs.org/@expo%2fcli set size:undefined disposed:false
5596 http fetch GET 200 https://registry.npmjs.org/source-map/-/source-map-0.6.1.tgz 7973ms (cache miss)
5597 http fetch GET 200 https://registry.npmjs.org/expo 727ms (cache miss)
5598 silly packumentCache corgi:https://registry.npmjs.org/expo set size:undefined disposed:false
5599 http fetch GET 200 https://registry.npmjs.org/@react-navigation/native/-/native-6.1.18.tgz 8071ms (cache miss)
5600 warn deprecated @react-navigation/native@6.1.18: This version is no longer supported
5601 silly packumentCache corgi:https://registry.npmjs.org/@expo%2fconfig cache-miss
5602 silly packumentCache corgi:https://registry.npmjs.org/@expo%2fprebuild-config cache-miss
5603 http fetch GET 200 https://registry.npmjs.org/@react-native/codegen/-/codegen-0.83.6.tgz 8247ms (cache miss)
5604 http fetch GET 200 https://registry.npmjs.org/react-native-safe-area-context/-/react-native-safe-area-context-5.6.2.tgz 8250ms (cache miss)
5605 http fetch GET 200 https://registry.npmjs.org/@expo/metro-config/-/metro-config-54.0.16.tgz 8236ms (cache miss)
5606 http fetch GET 200 https://registry.npmjs.org/@react-navigation/elements/-/elements-1.3.31.tgz 8321ms (cache miss)
5607 warn deprecated @react-navigation/elements@1.3.31: This version is no longer supported
5608 http fetch GET 200 https://registry.npmjs.org/sucrase/-/sucrase-3.35.1.tgz 8361ms (cache miss)
5609 http fetch GET 200 https://registry.npmjs.org/@expo/prebuild-config/-/prebuild-config-54.0.8.tgz 8289ms (cache miss)
5610 http fetch GET 200 https://registry.npmjs.org/@expo%2fprebuild-config 250ms (cache miss)
5611 silly packumentCache corgi:https://registry.npmjs.org/@expo%2fprebuild-config set size:undefined disposed:false
5612 http fetch GET 200 https://registry.npmjs.org/expo-file-system/-/expo-file-system-19.0.23.tgz 8341ms (cache miss)
5613 http fetch GET 200 https://registry.npmjs.org/tar/-/tar-7.5.16.tgz 8515ms (cache miss)
5614 http fetch GET 200 https://registry.npmjs.org/@expo%2fconfig 326ms (cache miss)
5615 silly packumentCache corgi:https://registry.npmjs.org/@expo%2fconfig set size:undefined disposed:false
5616 http fetch GET 200 https://registry.npmjs.org/@react-native-picker/picker/-/picker-2.11.1.tgz 8438ms (cache miss)
5617 http fetch GET 200 https://registry.npmjs.org/@react-native/codegen/-/codegen-0.81.5.tgz 8424ms (cache miss)
5618 silly packumentCache corgi:https://registry.npmjs.org/expo-font cache-miss
5619 silly packumentCache corgi:https://registry.npmjs.org/babel-preset-expo cache-miss
5620 silly packumentCache corgi:https://registry.npmjs.org/expo-asset cache-miss
5621 silly packumentCache corgi:https://registry.npmjs.org/expo-constants cache-miss
5622 silly packumentCache corgi:https://registry.npmjs.org/expo-file-system cache-miss
5623 silly packumentCache corgi:https://registry.npmjs.org/expo-keep-awake cache-miss
5624 http fetch GET 200 https://registry.npmjs.org/@react-native/codegen/-/codegen-0.81.5.tgz 8701ms (cache miss)
5625 http fetch GET 200 https://registry.npmjs.org/yaml/-/yaml-2.9.0.tgz 8807ms (cache miss)
5626 http fetch GET 200 https://registry.npmjs.org/@babel/types/-/types-7.29.7.tgz 8754ms (cache miss)
5627 http fetch GET 200 https://registry.npmjs.org/@babel/runtime/-/runtime-7.29.7.tgz 8800ms (cache miss)
5628 http fetch GET 200 https://registry.npmjs.org/expo-font 272ms (cache miss)
5629 silly packumentCache corgi:https://registry.npmjs.org/expo-font set size:undefined disposed:false
5630 http fetch GET 200 https://registry.npmjs.org/expo-keep-awake 339ms (cache miss)
5631 silly packumentCache corgi:https://registry.npmjs.org/expo-keep-awake set size:undefined disposed:false
5632 http fetch GET 200 https://registry.npmjs.org/react-devtools-core/-/react-devtools-core-6.1.5.tgz 9031ms (cache miss)
5633 http fetch GET 200 https://registry.npmjs.org/expo-modules-autolinking/-/expo-modules-autolinking-3.0.26.tgz 8991ms (cache miss)
5634 http fetch GET 200 https://registry.npmjs.org/babel-preset-expo 380ms (cache miss)
5635 silly packumentCache corgi:https://registry.npmjs.org/babel-preset-expo set size:undefined disposed:false
5636 http fetch GET 200 https://registry.npmjs.org/expo-constants 412ms (cache miss)
5637 silly packumentCache corgi:https://registry.npmjs.org/expo-constants set size:undefined disposed:false
5638 http fetch GET 200 https://registry.npmjs.org/@babel/helpers/-/helpers-7.29.7.tgz 9051ms (cache miss)
5639 http fetch GET 200 https://registry.npmjs.org/expo-asset 487ms (cache miss)
5640 silly packumentCache corgi:https://registry.npmjs.org/expo-asset set size:undefined disposed:false
5641 http fetch GET 200 https://registry.npmjs.org/expo-file-system 540ms (cache miss)
5642 silly packumentCache corgi:https://registry.npmjs.org/expo-file-system set size:undefined disposed:false
5643 http fetch GET 200 https://registry.npmjs.org/@expo/config-plugins/-/config-plugins-54.0.4.tgz 9267ms (cache miss)
5644 http fetch GET 200 https://registry.npmjs.org/metro/-/metro-0.83.3.tgz 9924ms (cache miss)
5645 http fetch GET 200 https://registry.npmjs.org/@expo/vector-icons/-/vector-icons-15.1.1.tgz 9907ms (cache miss)
5646 http fetch GET 200 https://registry.npmjs.org/expo/-/expo-54.0.35.tgz 10086ms (cache miss)
5647 http fetch GET 200 https://registry.npmjs.org/@react-navigation/core/-/core-6.4.17.tgz 10128ms (cache miss)
5648 warn deprecated @react-navigation/core@6.4.17: This version is no longer supported
5649 http fetch GET 200 https://registry.npmjs.org/regenerate-unicode-properties/-/regenerate-unicode-properties-10.2.2.tgz 10228ms (cache miss)
5650 http fetch GET 200 https://registry.npmjs.org/@expo/metro/-/metro-54.2.0.tgz 10211ms (cache miss)
5651 http fetch GET 200 https://registry.npmjs.org/caniuse-lite/-/caniuse-lite-1.0.30001799.tgz 11222ms (cache miss)
5652 http fetch GET 200 https://registry.npmjs.org/expo-modules-core/-/expo-modules-core-3.0.30.tgz 11537ms (cache miss)
5653 http fetch GET 200 https://registry.npmjs.org/react-native-screens/-/react-native-screens-4.16.0.tgz 11949ms (cache miss)
5654 http fetch GET 200 https://registry.npmjs.org/@react-native/debugger-frontend/-/debugger-frontend-0.81.5.tgz 12114ms (cache miss)
5655 http fetch GET 200 https://registry.npmjs.org/@expo/cli/-/cli-54.0.25.tgz 12121ms (cache miss)
5656 http fetch GET 200 https://registry.npmjs.org/react-native/-/react-native-0.81.5.tgz 20212ms (cache miss)
5657 silly ADD node_modules/p-try
5658 silly ADD node_modules/concat-map
5659 silly ADD node_modules/source-map-js
5660 silly ADD node_modules/lightningcss-win32-x64-msvc
5661 silly ADD node_modules/lightningcss-win32-arm64-msvc
5662 silly ADD node_modules/lightningcss-linux-x64-musl
5663 silly ADD node_modules/lightningcss-linux-x64-gnu
5664 silly ADD node_modules/lightningcss-linux-arm64-musl
5665 silly ADD node_modules/lightningcss-linux-arm64-gnu
5666 silly ADD node_modules/lightningcss-linux-arm-gnueabihf
5667 silly ADD node_modules/lightningcss-freebsd-x64
5668 silly ADD node_modules/lightningcss-darwin-x64
5669 silly ADD node_modules/lightningcss-darwin-arm64
5670 silly ADD node_modules/lightningcss-android-arm64
5671 silly ADD node_modules/detect-libc
5672 silly ADD node_modules/postcss
5673 silly ADD node_modules/lightningcss
5674 silly ADD node_modules/define-lazy-prop
5675 silly ADD node_modules/clone
5676 silly ADD node_modules/defaults
5677 silly ADD node_modules/supports-hyperlinks
5678 silly ADD node_modules/ansi-escapes
5679 silly ADD node_modules/ansi-escapes/node_modules/type-fest
5680 silly ADD node_modules/minizlib
5681 silly ADD node_modules/chownr
5682 silly ADD node_modules/@isaacs/fs-minipass
5683 silly ADD node_modules/mimic-fn
5684 silly ADD node_modules/onetime
5685 silly ADD node_modules/strip-json-comments
5686 silly ADD node_modules/minimist
5687 silly ADD node_modules/ini
5688 silly ADD node_modules/deep-extend
5689 silly ADD node_modules/rc
5690 silly ADD node_modules/nested-error-stacks
5691 silly ADD node_modules/sisteransi
5692 silly ADD node_modules/kleur
5693 silly ADD node_modules/restore-cursor
5694 silly ADD node_modules/wcwidth
5695 silly ADD node_modules/log-symbols
5696 silly ADD node_modules/log-symbols/node_modules/has-flag
5697 silly ADD node_modules/log-symbols/node_modules/color-name
5698 silly ADD node_modules/log-symbols/node_modules/color-convert
5699 silly ADD node_modules/log-symbols/node_modules/supports-color
5700 silly ADD node_modules/log-symbols/node_modules/escape-string-regexp
5701 silly ADD node_modules/log-symbols/node_modules/ansi-styles
5702 silly ADD node_modules/log-symbols/node_modules/chalk
5703 silly ADD node_modules/cli-spinners
5704 silly ADD node_modules/cli-cursor
5705 silly ADD node_modules/validate-npm-package-name
5706 silly ADD node_modules/proc-log
5707 silly ADD node_modules/hosted-git-info
5708 silly ADD node_modules/hosted-git-info/node_modules/lru-cache
5709 silly ADD node_modules/vary
5710 silly ADD node_modules/safe-buffer
5711 silly ADD node_modules/on-headers
5712 silly ADD node_modules/compressible
5713 silly ADD node_modules/bytes
5714 silly ADD node_modules/wonka
5715 silly ADD node_modules/@expo/sudo-prompt
5716 silly ADD node_modules/undici
5717 silly ADD node_modules/terminal-link
5718 silly ADD node_modules/tar
5719 silly ADD node_modules/tar/node_modules/yallist
5720 silly ADD node_modules/structured-headers
5721 silly ADD node_modules/resolve.exports
5722 silly ADD node_modules/requireg
5723 silly ADD node_modules/requireg/node_modules/resolve
5724 silly ADD node_modules/qrcode-terminal
5725 silly ADD node_modules/prompts
5726 silly ADD node_modules/progress
5727 silly ADD node_modules/pretty-bytes
5728 silly ADD node_modules/ora
5729 silly ADD node_modules/ora/node_modules/has-flag
5730 silly ADD node_modules/ora/node_modules/ansi-regex
5731 silly ADD node_modules/ora/node_modules/color-name
5732 silly ADD node_modules/ora/node_modules/color-convert
5733 silly ADD node_modules/ora/node_modules/supports-color
5734 silly ADD node_modules/ora/node_modules/escape-string-regexp
5735 silly ADD node_modules/ora/node_modules/ansi-styles
5736 silly ADD node_modules/ora/node_modules/strip-ansi
5737 silly ADD node_modules/ora/node_modules/chalk
5738 silly ADD node_modules/npm-package-arg
5739 silly ADD node_modules/npm-package-arg/node_modules/semver
5740 silly ADD node_modules/node-forge
5741 silly ADD node_modules/lan-network
5742 silly ADD node_modules/freeport-async
5743 silly ADD node_modules/expo-server
5744 silly ADD node_modules/env-editor
5745 silly ADD node_modules/compression
5746 silly ADD node_modules/compression/node_modules/ms
5747 silly ADD node_modules/compression/node_modules/negotiator
5748 silly ADD node_modules/compression/node_modules/debug
5749 silly ADD node_modules/better-opn
5750 silly ADD node_modules/better-opn/node_modules/open
5751 silly ADD node_modules/@urql/exchange-retry
5752 silly ADD node_modules/@urql/core
5753 silly ADD node_modules/@expo/xcpretty
5754 silly ADD node_modules/@expo/xcpretty/node_modules/argparse
5755 silly ADD node_modules/@expo/xcpretty/node_modules/js-yaml
5756 silly ADD node_modules/@expo/ws-tunnel
5757 silly ADD node_modules/@expo/schema-utils
5758 silly ADD node_modules/@expo/package-manager
5759 silly ADD node_modules/@expo/osascript
5760 silly ADD node_modules/@expo/devcert
5761 silly ADD node_modules/@expo/devcert/node_modules/debug
5762 silly ADD node_modules/@expo/code-signing-certificates
5763 silly ADD node_modules/@0no-co/graphql.web
5764 silly ADD node_modules/async-limiter
5765 silly ADD node_modules/path-scurry
5766 silly ADD node_modules/path-scurry/node_modules/lru-cache
5767 silly ADD node_modules/minipass
5768 silly ADD node_modules/@babel/highlight
5769 silly ADD node_modules/@babel/highlight/node_modules/has-flag
5770 silly ADD node_modules/@babel/highlight/node_modules/color-name
5771 silly ADD node_modules/@babel/highlight/node_modules/color-convert
5772 silly ADD node_modules/@babel/highlight/node_modules/supports-color
5773 silly ADD node_modules/@babel/highlight/node_modules/escape-string-regexp
5774 silly ADD node_modules/@babel/highlight/node_modules/ansi-styles
5775 silly ADD node_modules/@babel/highlight/node_modules/chalk
5776 silly ADD node_modules/is-fullwidth-code-point
5777 silly ADD node_modules/emoji-regex
5778 silly ADD node_modules/wrap-ansi
5779 silly ADD node_modules/strip-ansi
5780 silly ADD node_modules/yargs-parser
5781 silly ADD node_modules/y18n
5782 silly ADD node_modules/string-width
5783 silly ADD node_modules/require-directory
5784 silly ADD node_modules/get-caller-file
5785 silly ADD node_modules/cliui
5786 silly ADD node_modules/sax
5787 silly ADD node_modules/big-integer
5788 silly ADD node_modules/stream-buffers
5789 silly ADD node_modules/plist
5790 silly ADD node_modules/plist/node_modules/@xmldom/xmldom
5791 silly ADD node_modules/bplist-parser
5792 silly ADD node_modules/bplist-creator
5793 silly ADD node_modules/uuid
5794 silly ADD node_modules/simple-plist
5795 silly ADD node_modules/signal-exit
5796 silly ADD node_modules/imurmurhash
5797 silly ADD node_modules/isexe
5798 silly ADD node_modules/ieee754
5799 silly ADD node_modules/webidl-conversions
5800 silly ADD node_modules/punycode
5801 silly ADD node_modules/buffer
5802 silly ADD node_modules/tmpl
5803 silly ADD node_modules/makeerror
5804 silly ADD node_modules/escalade
5805 silly ADD node_modules/unicode-property-aliases-ecmascript
5806 silly ADD node_modules/unicode-canonical-property-names-ecmascript
5807 silly ADD node_modules/is-number
5808 silly ADD node_modules/thenify
5809 silly ADD node_modules/buffer-from
5810 silly ADD node_modules/source-map-support
5811 silly ADD node_modules/source-map-support/node_modules/source-map
5812 silly ADD node_modules/acorn
5813 silly ADD node_modules/@jridgewell/source-map
5814 silly ADD node_modules/has-flag
5815 silly ADD node_modules/thenify-all
5816 silly ADD node_modules/object-assign
5817 silly ADD node_modules/any-promise
5818 silly ADD node_modules/ts-interface-checker
5819 silly ADD node_modules/tinyglobby
5820 silly ADD node_modules/tinyglobby/node_modules/picomatch
5821 silly ADD node_modules/tinyglobby/node_modules/fdir
5822 silly ADD node_modules/mz
5823 silly ADD node_modules/lines-and-columns
5824 silly ADD node_modules/type-fest
5825 silly ADD node_modules/is-arrayish
5826 silly ADD node_modules/shebang-regex
5827 silly ADD node_modules/toidentifier
5828 silly ADD node_modules/setprototypeof
5829 silly ADD node_modules/range-parser
5830 silly ADD node_modules/mime
5831 silly ADD node_modules/http-errors
5832 silly ADD node_modules/http-errors/node_modules/statuses
5833 silly ADD node_modules/fresh
5834 silly ADD node_modules/etag
5835 silly ADD node_modules/destroy
5836 silly ADD node_modules/depd
5837 silly ADD node_modules/send
5838 silly ADD node_modules/send/node_modules/statuses
5839 silly ADD node_modules/send/node_modules/on-finished
5840 silly ADD node_modules/send/node_modules/encodeurl
5841 silly ADD node_modules/send/node_modules/debug
5842 silly ADD node_modules/send/node_modules/debug/node_modules/ms
5843 silly ADD node_modules/supports-preserve-symlinks-flag
5844 silly ADD node_modules/path-parse
5845 silly ADD node_modules/is-core-module
5846 silly ADD node_modules/unicode-match-property-value-ecmascript
5847 silly ADD node_modules/unicode-match-property-ecmascript
5848 silly ADD node_modules/regjsparser
5849 silly ADD node_modules/regjsgen
5850 silly ADD node_modules/regenerate-unicode-properties
5851 silly ADD node_modules/regenerate
5852 silly ADD node_modules/react-freeze
5853 silly ADD node_modules/shell-quote
5854 silly ADD node_modules/asap
5855 silly ADD node_modules/p-locate
5856 silly ADD node_modules/p-locate/node_modules/p-limit
5857 silly ADD node_modules/marky
5858 silly ADD node_modules/sprintf-js
5859 silly ADD node_modules/esprima
5860 silly ADD node_modules/argparse
5861 silly ADD node_modules/stack-utils
5862 silly ADD node_modules/stack-utils/node_modules/escape-string-regexp
5863 silly ADD node_modules/@types/stack-utils
5864 silly ADD node_modules/normalize-path
5865 silly ADD node_modules/fsevents
5866 silly ADD node_modules/anymatch
5867 silly ADD node_modules/@types/graceful-fs
5868 silly ADD node_modules/type-detect
5869 silly ADD node_modules/@sinonjs/commons
5870 silly ADD node_modules/jest-message-util
5871 silly ADD node_modules/@sinonjs/fake-timers
5872 silly ADD node_modules/jest-mock
5873 silly ADD node_modules/@jest/fake-timers
5874 silly ADD node_modules/@jest/environment
5875 silly ADD node_modules/istanbul-lib-coverage
5876 silly ADD node_modules/is-docker
5877 silly ADD node_modules/path-exists
5878 silly ADD node_modules/locate-path
5879 silly ADD node_modules/rimraf
5880 silly ADD node_modules/mkdirp
5881 silly ADD node_modules/lighthouse-logger
5882 silly ADD node_modules/lighthouse-logger/node_modules/ms
5883 silly ADD node_modules/lighthouse-logger/node_modules/debug
5884 silly ADD node_modules/is-wsl
5885 silly ADD node_modules/@babel/plugin-syntax-top-level-await
5886 silly ADD node_modules/@babel/plugin-syntax-private-property-in-object
5887 silly ADD node_modules/@babel/plugin-syntax-optional-catch-binding
5888 silly ADD node_modules/@babel/plugin-syntax-object-rest-spread
5889 silly ADD node_modules/@babel/plugin-syntax-numeric-separator
5890 silly ADD node_modules/@babel/plugin-syntax-logical-assignment-operators
5891 silly ADD node_modules/@babel/plugin-syntax-json-strings
5892 silly ADD node_modules/@babel/plugin-syntax-import-meta
5893 silly ADD node_modules/@babel/plugin-syntax-import-attributes
5894 silly ADD node_modules/@babel/plugin-syntax-class-static-block
5895 silly ADD node_modules/@babel/plugin-syntax-class-properties
5896 silly ADD node_modules/@babel/plugin-syntax-bigint
5897 silly ADD node_modules/@babel/plugin-syntax-async-generators
5898 silly ADD node_modules/babel-preset-current-node-syntax
5899 silly ADD node_modules/babel-plugin-jest-hoist
5900 silly ADD node_modules/js-yaml
5901 silly ADD node_modules/get-package-type
5902 silly ADD node_modules/find-up
5903 silly ADD node_modules/test-exclude
5904 silly ADD node_modules/test-exclude/node_modules/balanced-match
5905 silly ADD node_modules/test-exclude/node_modules/brace-expansion
5906 silly ADD node_modules/test-exclude/node_modules/minimatch
5907 silly ADD node_modules/istanbul-lib-instrument
5908 silly ADD node_modules/@istanbuljs/schema
5909 silly ADD node_modules/@istanbuljs/load-nyc-config
5910 silly ADD node_modules/@istanbuljs/load-nyc-config/node_modules/camelcase
5911 silly ADD node_modules/@types/babel__traverse
5912 silly ADD node_modules/@types/babel__template
5913 silly ADD node_modules/@types/babel__generator
5914 silly ADD node_modules/write-file-atomic
5915 silly ADD node_modules/pirates
5916 silly ADD node_modules/jest-regex-util
5917 silly ADD node_modules/jest-haste-map
5918 silly ADD node_modules/fast-json-stable-stringify
5919 silly ADD node_modules/babel-preset-jest
5920 silly ADD node_modules/babel-plugin-istanbul
5921 silly ADD node_modules/@types/babel__core
5922 silly ADD node_modules/@jest/transform
5923 silly ADD node_modules/event-target-shim
5924 silly ADD node_modules/serve-static
5925 silly ADD node_modules/serve-static/node_modules/encodeurl
5926 silly ADD node_modules/open
5927 silly ADD node_modules/chromium-edge-launcher
5928 silly ADD node_modules/chrome-launcher
5929 silly ADD node_modules/@react-native/debugger-frontend
5930 silly ADD node_modules/@isaacs/ttlcache
5931 silly ADD node_modules/@react-native/dev-middleware
5932 silly ADD node_modules/@react-native/dev-middleware/node_modules/ws
5933 silly ADD node_modules/whatwg-fetch
5934 silly ADD node_modules/stacktrace-parser
5935 silly ADD node_modules/scheduler
5936 silly ADD node_modules/regenerator-runtime
5937 silly ADD node_modules/react-devtools-core
5938 silly ADD node_modules/promise
5939 silly ADD node_modules/memoize-one
5940 silly ADD node_modules/jest-environment-node
5941 silly ADD node_modules/babel-jest
5942 silly ADD node_modules/ansi-regex
5943 silly ADD node_modules/anser
5944 silly ADD node_modules/abort-controller
5945 silly ADD node_modules/@react-native/normalize-colors
5946 silly ADD node_modules/@react-native/js-polyfills
5947 silly ADD node_modules/@react-native/gradle-plugin
5948 silly ADD node_modules/@react-native/community-cli-plugin
5949 silly ADD node_modules/@react-native/community-cli-plugin/node_modules/semver
5950 silly ADD node_modules/@react-native/assets-registry
5951 silly ADD node_modules/@jest/create-cache-key-function
5952 silly ADD node_modules/strict-uri-encode
5953 silly ADD node_modules/split-on-first
5954 silly ADD node_modules/filter-obj
5955 silly ADD node_modules/decode-uri-component
5956 silly ADD node_modules/pngjs
5957 silly ADD node_modules/yocto-queue
5958 silly ADD node_modules/ee-first
5959 silly ADD node_modules/balanced-match
5960 silly ADD node_modules/brace-expansion
5961 silly ADD node_modules/mime-db
5962 silly ADD node_modules/to-regex-range
5963 silly ADD node_modules/fill-range
5964 silly ADD node_modules/braces
5965 silly ADD node_modules/vlq
5966 silly ADD node_modules/ob1
5967 silly ADD node_modules/@babel/traverse--for-generate-function-map
5968 silly ADD node_modules/terser
5969 silly ADD node_modules/terser/node_modules/commander
5970 silly ADD node_modules/node-int64
5971 silly ADD node_modules/bser
5972 silly ADD node_modules/walker
5973 silly ADD node_modules/micromatch
5974 silly ADD node_modules/fb-watchman
5975 silly ADD node_modules/leven
5976 silly ADD node_modules/jest-get-type
5977 silly ADD node_modules/camelcase
5978 silly ADD node_modules/yaml
5979 silly ADD node_modules/jest-validate
5980 silly ADD node_modules/exponential-backoff
5981 silly ADD node_modules/@types/yargs-parser
5982 silly ADD node_modules/@types/istanbul-lib-report
5983 silly ADD node_modules/@sinclair/typebox
5984 silly ADD node_modules/@types/yargs
5985 silly ADD node_modules/@types/istanbul-reports
5986 silly ADD node_modules/@types/istanbul-lib-coverage
5987 silly ADD node_modules/@jest/schemas
5988 silly ADD node_modules/picomatch
5989 silly ADD node_modules/@jest/types
5990 silly ADD node_modules/undici-types
5991 silly ADD node_modules/merge-stream
5992 silly ADD node_modules/jest-util
5993 silly ADD node_modules/jest-util/node_modules/ci-info
5994 silly ADD node_modules/@types/node
5995 silly ADD node_modules/queue
5996 silly ADD node_modules/unpipe
5997 silly ADD node_modules/statuses
5998 silly ADD node_modules/on-finished
5999 silly ADD node_modules/escape-html
6000 silly ADD node_modules/encodeurl
6001 silly ADD node_modules/stackframe
6002 silly ADD node_modules/utils-merge
6003 silly ADD node_modules/parseurl
6004 silly ADD node_modules/finalhandler
6005 silly ADD node_modules/finalhandler/node_modules/ms
6006 silly ADD node_modules/finalhandler/node_modules/debug
6007 silly ADD node_modules/negotiator
6008 silly ADD node_modules/ws
6009 silly ADD node_modules/throat
6010 silly ADD node_modules/source-map
6011 silly ADD node_modules/serialize-error
6012 silly ADD node_modules/lodash.throttle
6013 silly ADD node_modules/jsc-safe-url
6014 silly ADD node_modules/jest-worker
6015 silly ADD node_modules/jest-worker/node_modules/supports-color
6016 silly ADD node_modules/image-size
6017 silly ADD node_modules/graceful-fs
6018 silly ADD node_modules/flow-enums-runtime
6019 silly ADD node_modules/error-stack-parser
6020 silly ADD node_modules/connect
6021 silly ADD node_modules/connect/node_modules/ms
6022 silly ADD node_modules/connect/node_modules/debug
6023 silly ADD node_modules/ci-info
6024 silly ADD node_modules/accepts
6025 silly ADD node_modules/is-plain-obj
6026 silly ADD node_modules/yallist
6027 silly ADD node_modules/loose-envify
6028 silly ADD node_modules/wrappy
6029 silly ADD node_modules/agent-base
6030 silly ADD node_modules/hermes-estree
6031 silly ADD node_modules/path-is-absolute
6032 silly ADD node_modules/once
6033 silly ADD node_modules/inherits
6034 silly ADD node_modules/inflight
6035 silly ADD node_modules/fs.realpath
6036 silly ADD node_modules/dunder-proto
6037 silly ADD node_modules/math-intrinsics
6038 silly ADD node_modules/has-symbols
6039 silly ADD node_modules/gopd
6040 silly ADD node_modules/get-proto
6041 silly ADD node_modules/function-bind
6042 silly ADD node_modules/es-object-atoms
6043 silly ADD node_modules/es-define-property
6044 silly ADD node_modules/call-bind-apply-helpers
6045 silly ADD node_modules/has-tostringtag
6046 silly ADD node_modules/get-intrinsic
6047 silly ADD node_modules/es-errors
6048 silly ADD node_modules/delayed-stream
6049 silly ADD node_modules/mime-types
6050 silly ADD node_modules/hasown
6051 silly ADD node_modules/es-set-tostringtag
6052 silly ADD node_modules/combined-stream
6053 silly ADD node_modules/asynckit
6054 silly ADD node_modules/react-native-is-edge-to-edge
6055 silly ADD node_modules/commander
6056 silly ADD node_modules/fontfaceobserver
6057 silly ADD node_modules/dotenv-expand
6058 silly ADD node_modules/dotenv
6059 silly ADD node_modules/@expo/env
6060 silly ADD node_modules/parse-png
6061 silly ADD node_modules/jimp-compact
6062 silly ADD node_modules/@expo/require-utils
6063 silly ADD node_modules/@expo/image-utils
6064 silly ADD node_modules/@expo/image-utils/node_modules/semver
6065 silly ADD node_modules/which
6066 silly ADD node_modules/shebang-command
6067 silly ADD node_modules/path-key
6068 silly ADD node_modules/supports-color
6069 silly ADD node_modules/ansi-styles
6070 silly ADD node_modules/cross-spawn
6071 silly ADD node_modules/xmlbuilder
6072 silly ADD node_modules/base64-js
6073 silly ADD node_modules/@xmldom/xmldom
6074 silly ADD node_modules/metro-transform-worker
6075 silly ADD node_modules/metro-transform-plugins
6076 silly ADD node_modules/metro-symbolicate
6077 silly ADD node_modules/metro-source-map
6078 silly ADD node_modules/metro-runtime
6079 silly ADD node_modules/metro-resolver
6080 silly ADD node_modules/metro-minify-terser
6081 silly ADD node_modules/metro-file-map
6082 silly ADD node_modules/metro-core
6083 silly ADD node_modules/metro-config
6084 silly ADD node_modules/metro-cache-key
6085 silly ADD node_modules/metro-cache
6086 silly ADD node_modules/metro-cache/node_modules/agent-base
6087 silly ADD node_modules/metro-cache/node_modules/https-proxy-agent
6088 silly ADD node_modules/metro-babel-transformer
6089 silly ADD node_modules/metro
6090 silly ADD node_modules/p-limit
6091 silly ADD node_modules/minimatch
6092 silly ADD node_modules/ignore
6093 silly ADD node_modules/arg
6094 silly ADD node_modules/@expo/spawn-async
6095 silly ADD node_modules/xml2js
6096 silly ADD node_modules/xml2js/node_modules/xmlbuilder
6097 silly ADD node_modules/xcode
6098 silly ADD node_modules/slash
6099 silly ADD node_modules/chalk
6100 silly ADD node_modules/@expo/sdk-runtime-versions
6101 silly ADD node_modules/@expo/plist
6102 silly ADD node_modules/sucrase
6103 silly ADD node_modules/sucrase/node_modules/commander
6104 silly ADD node_modules/slugify
6105 silly ADD node_modules/resolve-workspace-root
6106 silly ADD node_modules/require-from-string
6107 silly ADD node_modules/getenv
6108 silly ADD node_modules/deepmerge
6109 silly ADD node_modules/@expo/json-file
6110 silly ADD node_modules/@expo/config-types
6111 silly ADD node_modules/whatwg-url-without-unicode
6112 silly ADD node_modules/pretty-format
6113 silly ADD node_modules/pretty-format/node_modules/react-is
6114 silly ADD node_modules/pretty-format/node_modules/ansi-styles
6115 silly ADD node_modules/expo-modules-autolinking
6116 silly ADD node_modules/@ungap/structured-clone
6117 silly ADD node_modules/@expo/metro
6118 silly ADD node_modules/@expo/fingerprint
6119 silly ADD node_modules/@expo/fingerprint/node_modules/semver
6120 silly ADD node_modules/@expo/fingerprint/node_modules/glob
6121 silly ADD node_modules/@expo/devtools
6122 silly ADD node_modules/@expo/config-plugins
6123 silly ADD node_modules/@expo/config-plugins/node_modules/@babel/code-frame
6124 silly ADD node_modules/@expo/config-plugins/node_modules/semver
6125 silly ADD node_modules/@expo/config-plugins/node_modules/glob
6126 silly ADD node_modules/@expo/config-plugins/node_modules/@expo/json-file
6127 silly ADD node_modules/@expo/config
6128 silly ADD node_modules/@expo/config/node_modules/semver
6129 silly ADD node_modules/@expo/config/node_modules/glob
6130 silly ADD node_modules/@expo/config/node_modules/@babel/code-frame
6131 silly ADD node_modules/@babel/runtime
6132 silly ADD node_modules/ms
6133 silly ADD node_modules/simple-swizzle
6134 silly ADD node_modules/color-name
6135 silly ADD node_modules/color-string
6136 silly ADD node_modules/color-convert
6137 silly ADD node_modules/update-browserslist-db
6138 silly ADD node_modules/node-releases
6139 silly ADD node_modules/electron-to-chromium
6140 silly ADD node_modules/caniuse-lite
6141 silly ADD node_modules/baseline-browser-mapping
6142 silly ADD node_modules/core-js-compat
6143 silly ADD node_modules/resolve
6144 silly ADD node_modules/lodash.debounce
6145 silly ADD node_modules/@babel/helper-define-polyfill-provider
6146 silly ADD node_modules/yargs
6147 silly ADD node_modules/nullthrows
6148 silly ADD node_modules/invariant
6149 silly ADD node_modules/hermes-parser
6150 silly ADD node_modules/glob
6151 silly ADD node_modules/glob/node_modules/balanced-match
6152 silly ADD node_modules/glob/node_modules/brace-expansion
6153 silly ADD node_modules/glob/node_modules/minimatch
6154 silly ADD node_modules/@react-native/codegen
6155 silly ADD node_modules/regexpu-core
6156 silly ADD node_modules/@babel/helper-create-regexp-features-plugin
6157 silly ADD node_modules/@babel/helper-wrap-function
6158 silly ADD node_modules/@babel/helper-remap-async-to-generator
6159 silly ADD node_modules/@react-native/babel-plugin-codegen
6160 silly ADD node_modules/@babel/plugin-transform-unicode-regex
6161 silly ADD node_modules/@babel/plugin-transform-sticky-regex
6162 silly ADD node_modules/@babel/plugin-transform-spread
6163 silly ADD node_modules/@babel/plugin-transform-shorthand-properties
6164 silly ADD node_modules/@babel/plugin-transform-regenerator
6165 silly ADD node_modules/@babel/plugin-transform-react-jsx-source
6166 silly ADD node_modules/@babel/plugin-transform-react-jsx-self
6167 silly ADD node_modules/@babel/plugin-transform-optional-chaining
6168 silly ADD node_modules/@babel/plugin-transform-optional-catch-binding
6169 silly ADD node_modules/@babel/plugin-transform-numeric-separator
6170 silly ADD node_modules/@babel/plugin-transform-nullish-coalescing-operator
6171 silly ADD node_modules/@babel/plugin-transform-named-capturing-groups-regex
6172 silly ADD node_modules/@babel/plugin-transform-logical-assignment-operators
6173 silly ADD node_modules/@babel/plugin-transform-literals
6174 silly ADD node_modules/@babel/plugin-transform-function-name
6175 silly ADD node_modules/@babel/plugin-transform-for-of
6176 silly ADD node_modules/@babel/plugin-transform-computed-properties
6177 silly ADD node_modules/@babel/plugin-transform-classes
6178 silly ADD node_modules/@babel/plugin-transform-class-properties
6179 silly ADD node_modules/@babel/plugin-transform-block-scoping
6180 silly ADD node_modules/@babel/plugin-transform-async-to-generator
6181 silly ADD node_modules/@babel/plugin-transform-async-generator-functions
6182 silly ADD node_modules/@babel/plugin-transform-arrow-functions
6183 silly ADD node_modules/@babel/plugin-syntax-optional-chaining
6184 silly ADD node_modules/@babel/plugin-syntax-nullish-coalescing-operator
6185 silly ADD node_modules/@babel/plugin-syntax-dynamic-import
6186 silly ADD node_modules/@babel/plugin-syntax-typescript
6187 silly ADD node_modules/@babel/plugin-transform-typescript
6188 silly ADD node_modules/@babel/plugin-syntax-jsx
6189 silly ADD node_modules/@babel/plugin-transform-react-pure-annotations
6190 silly ADD node_modules/@babel/plugin-transform-react-jsx-development
6191 silly ADD node_modules/@babel/plugin-transform-react-jsx
6192 silly ADD node_modules/@babel/plugin-transform-react-display-name
6193 silly ADD node_modules/babel-plugin-polyfill-regenerator
6194 silly ADD node_modules/babel-plugin-polyfill-corejs3
6195 silly ADD node_modules/babel-plugin-polyfill-corejs2
6196 silly ADD node_modules/@babel/plugin-transform-destructuring
6197 silly ADD node_modules/@babel/plugin-syntax-flow
6198 silly ADD node_modules/@babel/helper-skip-transparent-expression-wrappers
6199 silly ADD node_modules/@babel/helper-replace-supers
6200 silly ADD node_modules/@babel/helper-optimise-call-expression
6201 silly ADD node_modules/@babel/helper-member-expression-to-functions
6202 silly ADD node_modules/@babel/helper-annotate-as-pure
6203 silly ADD node_modules/@babel/plugin-syntax-decorators
6204 silly ADD node_modules/@babel/helper-plugin-utils
6205 silly ADD node_modules/@babel/helper-create-class-features-plugin
6206 silly ADD node_modules/resolve-from
6207 silly ADD node_modules/babel-plugin-transform-flow-enums
6208 silly ADD node_modules/babel-plugin-syntax-hermes-parser
6209 silly ADD node_modules/babel-plugin-syntax-hermes-parser/node_modules/hermes-estree
6210 silly ADD node_modules/babel-plugin-syntax-hermes-parser/node_modules/hermes-parser
6211 silly ADD node_modules/babel-plugin-react-native-web
6212 silly ADD node_modules/babel-plugin-react-compiler
6213 silly ADD node_modules/@react-native/babel-preset
6214 silly ADD node_modules/@react-native/babel-preset/node_modules/react-refresh
6215 silly ADD node_modules/@react-native/babel-preset/node_modules/babel-plugin-syntax-hermes-parser
6216 silly ADD node_modules/@babel/preset-typescript
6217 silly ADD node_modules/@babel/preset-react
6218 silly ADD node_modules/@babel/plugin-transform-runtime
6219 silly ADD node_modules/@babel/plugin-transform-private-property-in-object
6220 silly ADD node_modules/@babel/plugin-transform-private-methods
6221 silly ADD node_modules/@babel/plugin-transform-parameters
6222 silly ADD node_modules/@babel/plugin-transform-object-rest-spread
6223 silly ADD node_modules/@babel/plugin-transform-modules-commonjs
6224 silly ADD node_modules/@babel/plugin-transform-flow-strip-types
6225 silly ADD node_modules/@babel/plugin-transform-export-namespace-from
6226 silly ADD node_modules/@babel/plugin-transform-class-static-block
6227 silly ADD node_modules/@babel/plugin-syntax-export-default-from
6228 silly ADD node_modules/@babel/plugin-proposal-export-default-from
6229 silly ADD node_modules/@babel/plugin-proposal-decorators
6230 silly ADD node_modules/proxy-from-env
6231 silly ADD node_modules/https-proxy-agent
6232 silly ADD node_modules/form-data
6233 silly ADD node_modules/follow-redirects
6234 silly ADD node_modules/use-latest-callback
6235 silly ADD node_modules/react-is
6236 silly ADD node_modules/query-string
6237 silly ADD node_modules/@react-navigation/routers
6238 silly ADD node_modules/nanoid
6239 silly ADD node_modules/fast-deep-equal
6240 silly ADD node_modules/escape-string-regexp
6241 silly ADD node_modules/@react-navigation/core
6242 silly ADD node_modules/warn-once
6243 silly ADD node_modules/color
6244 silly ADD node_modules/@react-navigation/elements
6245 silly ADD node_modules/merge-options
6246 silly ADD node_modules/@jridgewell/resolve-uri
6247 silly ADD node_modules/@jridgewell/sourcemap-codec
6248 silly ADD node_modules/@babel/helper-string-parser
6249 silly ADD node_modules/@babel/helper-globals
6250 silly ADD node_modules/@babel/helper-module-imports
6251 silly ADD node_modules/lru-cache
6252 silly ADD node_modules/browserslist
6253 silly ADD node_modules/@babel/helper-validator-option
6254 silly ADD node_modules/@babel/compat-data
6255 silly ADD node_modules/jsesc
6256 silly ADD node_modules/@jridgewell/trace-mapping
6257 silly ADD node_modules/@jridgewell/gen-mapping
6258 silly ADD node_modules/picocolors
6259 silly ADD node_modules/js-tokens
6260 silly ADD node_modules/@babel/helper-validator-identifier
6261 silly ADD node_modules/semver
6262 silly ADD node_modules/json5
6263 silly ADD node_modules/gensync
6264 silly ADD node_modules/debug
6265 silly ADD node_modules/convert-source-map
6266 silly ADD node_modules/@jridgewell/remapping
6267 silly ADD node_modules/@babel/types
6268 silly ADD node_modules/@babel/traverse
6269 silly ADD node_modules/@babel/template
6270 silly ADD node_modules/@babel/parser
6271 silly ADD node_modules/@babel/helpers
6272 silly ADD node_modules/@babel/helper-module-transforms
6273 silly ADD node_modules/@babel/helper-compilation-targets
6274 silly ADD node_modules/@babel/generator
6275 silly ADD node_modules/@babel/code-frame
6276 silly ADD node_modules/expo-status-bar
6277 silly ADD node_modules/expo-modules-core
6278 silly ADD node_modules/expo-constants
6279 silly ADD node_modules/expo-asset
6280 silly ADD node_modules/react-refresh
6281 silly ADD node_modules/babel-preset-expo
6282 silly ADD node_modules/axios
6283 silly ADD node_modules/@react-navigation/native-stack
6284 silly ADD node_modules/react-native-safe-area-context
6285 silly ADD node_modules/@react-navigation/native
6286 silly ADD node_modules/react-native-screens
6287 silly ADD node_modules/@react-navigation/bottom-tabs
6288 silly ADD node_modules/@react-native-picker/picker
6289 silly ADD node_modules/@react-native-async-storage/async-storage
6290 silly ADD node_modules/react-native
6291 silly ADD node_modules/react-native/node_modules/hermes-estree
6292 silly ADD node_modules/react-native/node_modules/hermes-parser
6293 silly ADD node_modules/react-native/node_modules/ws
6294 silly ADD node_modules/react-native/node_modules/semver
6295 silly ADD node_modules/react-native/node_modules/react-refresh
6296 silly ADD node_modules/react-native/node_modules/commander
6297 silly ADD node_modules/react-native/node_modules/babel-plugin-syntax-hermes-parser
6298 silly ADD node_modules/react-native/node_modules/@react-native/virtualized-lists
6299 silly ADD node_modules/react-native/node_modules/@react-native/codegen
6300 silly ADD node_modules/expo
6301 silly ADD node_modules/expo/node_modules/balanced-match
6302 silly ADD node_modules/expo/node_modules/brace-expansion
6303 silly ADD node_modules/expo/node_modules/hermes-estree
6304 silly ADD node_modules/expo/node_modules/@react-native/codegen
6305 silly ADD node_modules/expo/node_modules/@react-native/codegen/node_modules/brace-expansion
6306 silly ADD node_modules/expo/node_modules/@react-native/codegen/node_modules/minimatch
6307 silly ADD node_modules/expo/node_modules/@react-native/codegen/node_modules/glob
6308 silly ADD node_modules/expo/node_modules/@react-native/babel-plugin-codegen
6309 silly ADD node_modules/expo/node_modules/babel-plugin-syntax-hermes-parser
6310 silly ADD node_modules/expo/node_modules/@react-native/babel-preset
6311 silly ADD node_modules/expo/node_modules/hermes-parser
6312 silly ADD node_modules/expo/node_modules/@expo/json-file
6313 silly ADD node_modules/expo/node_modules/@expo/json-file/node_modules/@babel/code-frame
6314 silly ADD node_modules/expo/node_modules/ws
6315 silly ADD node_modules/expo/node_modules/semver
6316 silly ADD node_modules/expo/node_modules/picomatch
6317 silly ADD node_modules/expo/node_modules/glob
6318 silly ADD node_modules/expo/node_modules/ci-info
6319 silly ADD node_modules/expo/node_modules/react-refresh
6320 silly ADD node_modules/expo/node_modules/expo-keep-awake
6321 silly ADD node_modules/expo/node_modules/expo-file-system
6322 silly ADD node_modules/expo/node_modules/babel-preset-expo
6323 silly ADD node_modules/expo/node_modules/@expo/metro-config
6324 silly ADD node_modules/expo/node_modules/@expo/cli
6325 silly ADD node_modules/expo/node_modules/@expo/cli/node_modules/minimatch
6326 silly ADD node_modules/expo/node_modules/@expo/cli/node_modules/@expo/prebuild-config
6327 silly ADD node_modules/expo-font
6328 silly ADD node_modules/react
6329 silly ADD node_modules/@expo/vector-icons
6330 silly ADD node_modules/@babel/core
6331 verbose cwd C:\Users\LAB-48\Documents\Alisson\4DSM-ProgramacaoDispositivosMoveis
6332 verbose os Windows_NT 10.0.26100
6333 verbose node v22.19.0
6334 verbose npm  v11.5.2
6335 notice
6335 notice New [33mminor[39m version of npm available! [33m11.5.2[39m -> [34m11.17.0[39m
6335 notice Changelog: [34mhttps://github.com/npm/cli/releases/tag/v11.17.0[39m
6335 notice To update run: [4mnpm install -g npm@11.17.0[24m
6335 notice  { force: true, [Symbol(proc-log.meta)]: true }
6336 verbose exit 0
6337 info ok
